county_fips,ngo_count,food_ngo_count,matched_filer_count,total_revenue,total_assets,filer_coverage_rate,population,avg_food_desert_pct,avg_housing_burden,dac_tract_pct,avg_dac_score,poverty_rate,med_household_income,unemployment,ngo_per_10k,food_ngo_per_10k,revenue_per_capita,assets_per_capita,need_score,capacity_score,gap_score,food_capacity_score,food_gap_score,need_component_count,capacity_component_count
01001,84,0,1,248088.0,1023926.0,0.011904761904761904,55380.0,0.6301733477789816,34.24939869989166,0.0,15.261287206825568,11.7,62250.414713705504,0.036766438840443,15.167930660888407,0.0,4.479739978331527,18.489093535572408,0.4490154750023861,-0.7352962239913401,1.1843116989937261,-0.7392454361446669,1.188260911147053,3,3
01003,350,2,12,4262787.0,6353865.0,0.03428571428571429,212830.0,0.47753136305971905,27.51005873232157,0.0,15.864557434882299,10.0,61814.785821853955,0.0425506207396518,16.44505003993798,0.0939717145139313,20.029070149884884,29.854179392003008,-0.315894939166743,-0.3068128535274689,-0.009082085639274096,-0.5429536139458003,0.22705867477905733,3,3
01005,74,1,1,2246.0,30603.0,0.013513513513513514,25361.0,0.577500887188991,28.888525689050116,0.0,18.365691183352393,25.5,34474.03821769204,0.091664867199309,29.178660147470524,0.39430621820906114,0.08856117660975514,1.20669531958519,0.837757441812057,-1.155095763298393,1.99285320511045,-0.012786443912793046,0.8505438857248501,3,3
01007,42,1,1,57348.0,38715.0,0.023809523809523808,22493.0,0.0,30.93983461521362,0.0,18.311934915395902,19.4,50390.921597095,0.0728498783992925,18.67247588138532,0.44458275908060285,2.5495932067754414,1.721202151780554,-0.008941605879180988,-1.0906618550756522,1.0817202491964713,0.06463235903748794,-0.07357396491666893,3,3
01009,86,1,2,27703.0,179215.0,0.023255813953488372,57681.0,0.12322948631265061,27.32000312061164,0.0,17.780898851840295,12.8,52315.74414600595,0.0336419753086419,14.909588946100103,0.1733673133267454,0.48027946810908273,3.1070023057852674,-0.5435569207311463,-1.3274120428818719,0.7838551221507256,-0.38983019067327646,-0.1537267300578698,3,3
01011,34,0,0,,,0.0,10248.0,1.0,34.81752537080406,0.0,18.867450961455894,33.6,40049.24009394293,0.0387269085243712,33.17720530835285,0.0,,,2.225362100749103,0.2046332560054893,2.020728844743614,-0.7392454361446669,2.96460753689377,3,1
01013,61,1,1,26865.0,104128.0,0.01639344262295082,19828.0,0.4736735928989308,26.48308452693161,0.1111111111111111,18.079639404276783,23.6,43126.20036899167,0.0680455987777647,30.76457534799274,0.5043373007867662,1.3549021585636474,5.251563445632439,0.4324882398764807,-0.759706733951499,1.1921949738279798,0.15321557256112664,0.27927266731535405,3,3
01015,227,2,4,360866.0,366662.0,0.01762114537444934,114618.0,0.6999075188888307,28.107840827793197,0.1935483870967742,17.398781838358722,20.1,50086.72331981667,0.0807968372164434,19.804917203231604,0.17449266258353838,3.1484234587935576,3.198991432410267,0.5842252100175552,-0.9436067360136932,1.5278319460312484,-0.3877351173372873,0.9719603273548425,3,3
01017,64,2,1,2850.0,0.0,0.015625,33660.0,0.35837789661319075,22.674616755793227,0.2222222222222222,18.89621792566845,17.1,44823.13919102163,0.039387873700523,19.013666072489602,0.5941770647653001,0.08467023172905526,0.0,-0.36855447542378733,-1.5327940214686178,1.1642395460448305,0.27998685792458194,-0.6485413333483693,3,3
01019,46,1,1,111479.0,5019.0,0.021739130434782608,25903.0,0.16090800293402308,25.123433579122107,0.0,17.24631344546964,15.6,44430.967195924146,0.0443359187972804,17.75856078446512,0.3860556692275026,4.3037099949812765,0.19376134038528356,-0.4938278852226006,-1.1814682898735818,0.6876404046509812,-0.02575724667530157,-0.4680706385472991,3,3
01021,55,0,1,396817.0,1077429.0,0.01818181818181818,44055.0,0.15625922142776075,26.378156849392802,0.0,18.90620160751334,15.3,50312.487198075505,0.0640820249919897,12.484394506866417,0.0,9.007309045511292,24.45645216207014,-0.42481346931410496,-0.6521357035179494,0.2273222342038444,-0.7392454361446669,0.3144319668305619,3,3
01023,36,0,0,,,0.0,12925.0,0.42684719535783366,31.57590715667311,0.25,19.335853271179882,24.8,38042.803373079245,0.079011255793423,27.852998065764023,0.0,,,0.829514823644056,-0.07865909087379094,0.908173914517847,-0.7392454361446669,1.568760259788723,3,1
01025,55,1,1,50729.0,34956.0,0.01818181818181818,24128.0,0.7373590848806366,26.897708057029178,0.5555555555555556,20.51770591818634,19.0,39645.408931423604,0.1220338983050847,22.795092838196286,0.41445623342175064,2.102495026525199,1.4487732095490715,0.46881156350564784,-1.0343340452334213,1.503145608739069,0.018571810454099672,0.4502397530515482,3,3
01027,29,0,1,42652.0,494667.0,0.034482758620689655,13337.0,0.0,21.336447476943842,0.0,16.87897618594886,16.9,43292.60848583033,0.0540818072907752,21.744020394391544,0.0,3.1980205443503036,37.08982529804304,-0.8677905545373724,-0.47929207452316064,-0.3884984800142118,-0.7392454361446669,-0.12854511839270555,3,3
01029,16,1,0,,,0.0,14916.0,0.0,23.73304505229284,0.0,17.280288962858673,15.8,47422.073601775846,0.0594924192485168,10.726736390453205,0.6704210244033253,,,-0.7584296709521094,-1.5848159722530686,0.8263863013009591,0.38208991864966013,-1.1405195896017695,3,1
01031,83,0,2,217487.0,108423.0,0.024096385542168676,51662.0,0.5670705741163719,26.06683829507182,0.0,15.34814289955867,16.5,58971.00889524157,0.0573985628845574,16.06596724865472,0.0,4.209806046997794,2.0986992373504703,0.07079943929302805,-1.0599798115866135,1.1307792508796415,-0.7392454361446669,0.8100448754376949,3,3
01033,91,1,6,235054.0,551156.0,0.06593406593406594,54771.0,0.6713954464954082,29.094533603549323,0.07142857142857142,16.313168123003045,15.4,50945.262011786865,0.0435256168572745,16.614631830713336,0.18257837176608058,4.2915776597104305,10.062916506910591,0.3397177522542054,-0.8011001287196997,1.1408178809739051,-0.3727406442152738,0.7124583964694793,3,3
01035,36,1,1,23757.0,0.0,0.027777777777777776,12394.0,0.8673551718573503,25.9640713248346,0.4,19.740721982652897,26.5,40104.35615811879,0.0924297662449067,29.04631273196708,0.8068420203324189,1.9168145877037277,0.0,0.9977612445697007,-1.0853598025906148,2.0831210471603154,0.553663611111701,0.4440976334579997,3,3
01037,26,1,2,17469.0,211565.0,0.07692307692307693,10757.0,0.6665427163707354,25.157153481453935,0.0,17.11966112605745,18.2,41326.44888878747,0.0286638927415626,24.17030770660965,0.9296272194849865,1.623965789718323,19.667658269034117,0.2152403138891539,-0.6419091248096667,0.8571494386988205,0.6973531223736349,-0.482112808484481,3,3
01039,85,0,2,745439.0,679921.0,0.023529411764705882,37200.0,0.3331989247311828,27.053290322580644,0.0,17.386115316182796,16.7,44717.146759914205,0.083590948435761,22.8494623655914,0.0,20.038682795698925,18.27744623655914,-0.09802965118960327,-0.22020959766481907,0.1221799464752158,-0.7392454361446669,0.6412157849550636,3,3
01041,31,0,0,,,0.0,13844.0,0.49754406240970817,21.704081190407397,0.0,16.90394110047674,19.5,45749.513038900586,0.0342477423751916,22.39237214677839,0.0,,,-0.14292574070932504,-0.4296339757549409,0.2867082350456158,-0.7392454361446669,0.5963196954353418,3,1
01043,106,0,2,262439.0,1174459.0,0.018867924528301886,82853.0,0.24197071922561644,26.614600557614086,0.0,16.886137203661907,15.5,47609.680204836,0.0508831766630618,12.793743135432633,0.0,3.167525617660193,14.175213933110449,-0.30229913737132136,-0.9317128680913118,0.6294137307199905,-0.7392454361446669,0.4369462987733455,3,3
01045,62,0,0,,,0.0,49277.0,0.39801530125616413,25.376333786553563,0.0,16.10397539612801,16.6,50043.266423062625,0.0797790733353789,12.581934776873592,0.0,,,-0.1572281705484501,-1.3391227656687699,1.1818945951203197,-0.7392454361446669,0.5820172655962168,3,1
01047,107,0,0,,,0.0,39149.0,0.5616490842677974,32.26527369792333,0.4666666666666667,19.494161922628926,31.4,35873.138308310125,0.1104842209684419,27.331477176939387,0.0,,,1.4282935885087387,-0.10917301479175587,1.5374666033004944,-0.7392454361446669,2.1675390246534056,3,1
01049,111,0,4,351617.0,1171288.0,0.036036036036036036,71310.0,0.0,25.716478754732858,0.0,16.700994618076006,21.6,42863.33913984523,0.0395035323092877,15.565839293226757,0.0,4.930823166456317,16.425297994671155,-0.25931467551393067,-0.7249889583315756,0.46567428281764495,-0.7392454361446669,0.4799307606307362,3,3
01051,128,1,4,1719622.0,2098287.0,0.03125,81144.0,0.3000591540964212,29.118878783397413,0.0,15.77503858383861,12.5,64539.85122562601,0.0461040410805983,15.77442571231391,0.12323770087745242,21.19222616582865,25.858806566104704,-0.2377236593473362,-0.3425608751078129,0.10483721576047672,-0.48525495279976993,0.24753129345243374,3,3
01053,91,3,1,3.0,111054.0,0.01098901098901099,37057.0,0.4491189248994792,28.040235313166207,0.6666666666666666,20.408525528968887,21.3,38448.75438422072,0.1099199443090845,24.556763904255607,0.8095636451952398,8.095636451952398e-05,2.9968427017837387,0.38038705717296944,-1.1557427342267192,1.5361297913996887,0.5569531518192424,-0.176566094646273,3,3
01055,186,0,3,184421.0,59879.0,0.016129032258064516,102748.0,0.6700957682874605,28.004031222018927,0.03333333333333333,16.427602564838242,19.6,47311.84147342412,0.0553500631243216,18.1025421419395,0.0,1.794886518472379,0.5827753338264492,0.5138155188896288,-1.2616649090871859,1.7754804279768148,-0.7392454361446669,1.2530609550342957,3,3
01057,35,0,0,,,0.0,16494.0,0.0,26.776961319267613,0.0,16.96053329544077,16.2,42244.34334217783,0.0634052616021282,21.219837516672733,0.0,,,-0.5101009649836166,-0.5156605657670031,0.005559600783386576,-0.7392454361446669,0.2291444711610503,3,1
01059,44,0,0,,,0.0,31466.0,0.27601220364838236,21.409699358037244,0.0,16.87446895913049,22.5,46121.54647208767,0.047548401453898,13.983347104811545,0.0,,,-0.222120989341585,-1.1748488287929832,0.9527278394513983,-0.7392454361446669,0.5171244468030819,3,1
01061,53,1,4,629071.0,257714.0,0.07547169811320754,26417.0,0.21262823182041868,26.166226293674526,0.0,16.378856647726842,19.2,44232.76134975325,0.0541211063125976,20.06283832380664,0.3785441193171064,23.813112768293145,9.755611916568876,-0.141806738150434,-0.36166845495694644,0.21986171680651245,-0.03763358103146348,-0.10417315711897052,3,3
01063,33,2,0,,,0.0,8324.0,0.5180201826045171,37.66147284959154,1.0,22.24285768572802,31.0,25591.872490889295,0.1148873291466568,39.64440172993753,2.402691013935608,,,1.7536825715223159,0.4945454772178694,1.2591370943044464,1.9370649050725302,-0.18338233355021427,3,1
01065,37,1,0,,,0.0,14809.0,0.42798298332095347,35.54238638665676,0.0,18.78325979640759,23.0,36086.18309483607,0.1085400366239387,24.984806536565603,0.6752650415288001,,,1.0129950368516545,-0.25381186941514117,1.2668069062667957,0.38841847783591665,0.6245765590157378,3,1
01067,43,1,0,,,0.0,17133.0,0.3811358197630304,29.551695558279345,0.0,16.52323873443063,16.4,53014.23426700393,0.0588875288997688,25.0977645479484,0.5836689429755443,,,0.11951460625337611,-0.24655552724361443,0.3660701334969905,0.26553319598847563,-0.1460185897350995,3,1
01069,206,1,10,1079862.0,-359538.0,0.04854368932038835,104702.0,0.6117457164142042,27.0053609291131,0.045454545454545456,16.045949712441022,16.5,50431.198720915825,0.0641752957799945,19.674886821646194,0.09550915932837958,10.313671181066264,-3.433917212660694,0.18829808221180447,-1.2694060917097902,1.4577041739215948,-0.5398842915239793,0.7281823737357838,3,3
01071,87,1,2,74675.0,54165.0,0.022988505747126436,40928.0,0.3817191164972635,31.174956020328384,0.0,16.570294389855352,16.0,44271.97854926299,0.0513214934974129,21.25684128225176,0.24433150899139952,1.824545543393276,1.3234216184519156,0.21523008227362095,-1.1023725127743742,1.3176025950479953,-0.2614949548462598,0.47672503711988073,3,3
01073,2018,17,64,41963876.0,30597018.0,0.031714568880079286,659680.0,0.8462875939849624,29.63811302449672,0.4601226993865031,19.016415298505336,16.0,57130.98029121656,0.0647253458284396,30.590589376667477,0.25770070337133155,63.61247271404317,46.38160623332525,0.6058880035386278,0.3550631093501031,0.2508248941885247,-0.23813884362838397,0.8440268471670118,3,3
01075,28,1,0,,,0.0,13885.0,0.0,33.15311487216421,0.0,17.956570096435,16.4,40662.936270054954,0.0884755779593255,20.165646380986676,0.7202016564638098,,,-0.028764039177078333,-0.5969722311173531,0.5682081919402747,0.44626940131258597,-0.4750334404896643,3,1
01077,560,1,3,124736.0,107466.0,0.005357142857142857,84440.0,0.4737091425864519,25.252730933207012,0.1111111111111111,15.492461444623402,13.6,50975.99981680801,0.0471381267738883,66.31927996210327,0.11842728564661298,1.4772145902415916,1.272690667929891,-0.2669228287518594,-0.5186159220412937,0.2516930932894343,-0.49463481772690165,0.22771198897504225,3,3
01079,53,0,0,,,0.0,33058.0,0.3301772642023111,24.575400810696355,0.0,16.50091212937867,14.2,47575.762626881624,0.0526756489305016,16.032427854074655,0.0,,,-0.43585963708019587,-0.9604207977952992,0.5245611607151033,-0.7392454361446669,0.303385799064471,3,1
01081,252,4,5,1353109.0,2627524.0,0.01984126984126984,143627.0,0.8493249876415995,30.95754628308048,0.0,15.605194053256003,17.9,54546.884820817395,0.0517317911451001,17.545447582975346,0.27849916798373564,9.420993267282615,18.294081196432426,0.8219604308396149,-0.5171647797703953,1.3391252106100102,-0.20229276974822258,1.0242532005878375,3,3
01083,101,0,3,205327.0,53557.0,0.0297029702970297,94727.0,0.22623961489332503,24.38865898846158,0.125,16.611797508566724,8.6,63262.64243078146,0.0624204411322239,10.66221879717504,0.0,2.167565741552039,0.5653826258616867,-0.9032965933226054,-1.5109515273505938,0.6076549340279884,-0.7392454361446669,-0.1640511571779385,3,3
01085,43,0,2,255237.0,294874.0,0.046511627906976744,10079.0,0.5166187121738268,43.14180970334358,0.75,20.710119602440717,29.4,31835.88660742807,0.0990281061203047,42.662962595495586,0.0,25.32364321857327,29.256275424149223,2.057979910483201,0.25125679405508083,1.80672311642812,-0.7392454361446669,2.797225346627868,3,3
01087,85,0,0,,,0.0,18708.0,0.6732413940560188,32.309049604447296,0.3333333333333333,18.630927895499255,28.8,35369.67426054984,0.1133425379691226,45.435107975197774,0.0,,,1.3941967779743827,0.7173630338111554,0.6768337441632273,-0.7392454361446669,2.1334422141190497,3,1
01089,697,3,20,3282720.0,9147017.0,0.028694404591104734,362276.0,0.8084719937285385,27.103522728527423,0.1095890410958904,15.472857396653382,10.5,69370.98623550273,0.0501374511404149,19.23947487550928,0.08280979142973866,9.061378617407723,25.248752332475792,0.0434823397374546,-0.41875458305261065,0.46223692279006523,-0.5653672364561023,0.608849576193557,3,3
01091,57,2,0,,,0.0,19321.0,0.5988302882873557,28.509171367941615,0.3333333333333333,19.11282512959992,23.5,35232.944024421246,0.0797012898845892,29.501578593240517,1.0351431085347549,,,0.7111883014125238,0.014293205011412836,0.6968950964011109,0.8137084980398,-0.1025201966272763,3,1
01093,51,0,2,0.0,-5856.0,0.0392156862745098,29866.0,0.0,26.634936047679634,0.0,16.82982587326726,19.0,38083.080496900075,0.0545672118069405,17.07627402397375,0.0,0.0,-0.19607580526351034,-0.350053616527427,-1.641165058956811,1.291111442429384,-0.7392454361446669,0.38919181961723986,3,3
01095,126,0,3,665049.0,485410.0,0.023809523809523808,95643.0,0.4410882134604728,27.843792018234485,0.0,17.4527256819945,16.5,48738.499596130154,0.0427189682966147,13.173990778206454,0.0,6.953451899250338,5.075227669562853,0.06494330514309878,-0.9432845675613546,1.0082278727044534,-0.7392454361446669,0.8041887412877656,3,3
01097,796,5,15,2271247.0,2558656.0,0.018844221105527637,414114.0,0.7048976851784774,32.85986081127419,0.25217391304347825,17.691915157191016,16.3,50434.37849384905,0.0583185396623265,19.22176019163805,0.12073969969621891,5.484593614318762,6.178627141318574,0.7079010226093634,-0.759539258681492,1.4674402812908554,-0.4901207992551082,1.1980218218644716,3,3
01099,71,0,0,,,0.0,21270.0,0.21316408086506816,27.956652562294313,0.42857142857142855,20.245136198542546,19.1,32265.155953413167,0.154312047399605,33.38034790785143,0.0,,,-0.015575020981194796,0.2145470391998877,-0.2301220601810825,-0.7392454361446669,0.7236704151634721,3,1
01101,652,8,14,3418181.0,8894458.0,0.02147239263803681,226941.0,0.907046324815701,31.854986097708217,0.36923076923076925,17.414485767269905,18.3,53127.64616828888,0.0658362001997558,28.729934211975802,0.35251453020829204,15.061980867273872,39.19282104159231,0.9749391914572133,-0.02030389958748464,0.995243091044698,-0.07929494621356822,1.0542341376707816,3,3
01103,173,4,3,803201.0,263540.0,0.017341040462427744,119213.0,0.554704604363618,27.916062845495038,0.1111111111111111,16.322280952429686,12.0,55281.41236839188,0.0508037526746036,14.511840151661312,0.3355338763389899,6.737528625233825,2.2106649442594346,-0.0805568957346552,-1.0182812612404897,0.9377243655058345,-0.10690753730784015,0.026350641573184952,3,3
01105,25,0,0,,,0.0,9293.0,1.0,33.53555364252664,1.0,20.649012150112988,33.8,24852.045321759422,0.1013631597343586,26.90196922414721,0.0,,,2.14321278973552,-0.13472810415552425,2.2779408938910444,-0.7392454361446669,2.882458225880187,3,1
01107,48,0,0,,,0.0,20243.0,0.0,31.38228523440202,0.0,18.934346165538706,21.5,42235.863947689235,0.1025706612098733,23.711900410018277,0.0,,,0.15148718546204865,-0.33783529136328805,0.4893224768253367,-0.7392454361446669,0.8907326216067155,3,1
01109,70,0,2,677517.0,321621.0,0.02857142857142857,33333.0,0.46386463864638644,33.15892058920589,0.25,19.16350468082681,23.8,39689.925752488736,0.0613805594687059,21.000210002100022,0.0,20.32571325713257,9.648726487264872,0.9252398511060344,-0.3730699816363412,1.2983098327423757,-0.7392454361446669,1.6644852872507012,3,3
01111,37,1,4,1060504.0,2378762.0,0.10810810810810811,14572.0,0.3707109525116662,32.26962668130662,0.0,17.447738303115564,15.9,45995.41547906982,0.0415573053368329,25.39116113093604,0.6862475981334065,72.77683228108701,163.24197090310184,0.2777506167510661,0.5166431247428007,-0.23889250799173462,0.402699336050496,-0.12494871929942991,3,3
01113,76,1,1,2419584.0,3363682.0,0.013157894736842105,57952.0,0.6552319160684704,32.5251794588625,0.38461538461538464,19.14710791786306,18.9,44986.36753492708,0.0643793827502872,13.11430149088901,0.17255659856432912,41.75151849806737,58.042552457205964,0.7877409065892499,-0.14530109632198127,0.9330420029112312,-0.39134075156560116,1.179081658154851,3,3
01115,138,2,8,1369418.0,657672.0,0.057971014492753624,87989.0,0.12437918376160656,27.13578856447965,0.15384615384615385,17.82424237592199,10.8,61802.066730121056,0.0533703721913565,15.68377865414995,0.22730113991521667,15.56351362102081,7.474479764516019,-0.6776488207783263,-0.6264062802286915,-0.05124254054963484,-0.2916132975072991,-0.38603552327102725,3,3
01117,387,4,26,8230250.0,7041289.0,0.06718346253229975,213432.0,0.6143877206791859,25.22648853030473,0.041666666666666664,14.799699698400428,8.4,82461.05147727049,0.0362014217154404,18.132238839536715,0.18741332133888075,38.56146219873309,32.99078394992316,-0.43295208243841504,-0.09615305806461728,-0.3367990243737978,-0.3638234179217644,-0.06912866451665062,3,3
01119,58,0,2,141775.0,135821.0,0.034482758620689655,12797.0,0.11885598187075096,35.674790966632806,0.5,20.459630816128783,33.5,25777.359245327298,0.09720176730486,45.323122606860984,0.0,11.07876846135813,10.613503164804252,1.3269119635021982,-0.06858491128896117,1.3954968747911594,-0.7392454361446669,2.066157399646865,3,3
01121,134,1,5,847263.0,180267.0,0.03731343283582089,80387.0,0.3618246731436675,29.679083682685018,0.3181818181818182,19.591991717504072,17.0,43801.372155146,0.0849408379576617,16.66936196151119,0.12439822359336708,10.539801211638698,2.2424894572505503,0.1444836577242646,-0.8545763231951852,0.9990599809194498,-0.4829980555893481,0.6274817133136127,3,3
01123,70,2,2,178287.0,248539.0,0.02857142857142857,40541.0,0.15631089514318838,30.15295873313436,0.3,18.87250335529464,15.1,48574.21132791363,0.0987183308494784,17.26647097999556,0.4933277422855874,4.397696159443527,6.130559186995881,-0.15918523605263932,-0.8584599852074652,0.6992747491548259,0.13716195868321535,-0.2963471947358547,3,3
01125,412,5,10,1410957.0,1687540.0,0.024271844660194174,207305.0,0.6864860953667302,29.805379995658573,0.1702127659574468,16.841754429184054,19.2,56521.52381234883,0.0581403533469416,19.874098550444995,0.2411905163888956,6.806188948650539,8.140372880538337,0.6397745833131263,-0.6552859934861549,1.295060576799281,-0.2670186994351842,0.9067932827483105,3,3
01127,139,1,0,,,0.0,64110.0,0.13578224925908594,27.885361098112618,0.2222222222222222,18.446624051567618,17.5,46243.437767861215,0.0836617498029501,21.68148494774606,0.15598190609889254,,,-0.20215422620681,-0.4812605181236865,0.27910629191687647,-0.422454579850091,0.220300353643281,3,1
01129,41,1,2,939897.0,1087155.0,0.04878048780487805,16541.0,0.5837615621788284,20.989964331056164,0.6,20.19078834925337,18.7,43849.06874914434,0.0726034224954311,24.786893174536,0.6045583701106342,56.822259839187474,65.72486548576265,-0.15069715801930986,0.2810380045850933,-0.43173516260440314,0.2941728341903336,-0.4448699922096434,3,3
01131,40,1,0,,,0.0,10681.0,0.5741035483568955,27.5151296695066,0.5,19.98499338516993,32.7,32872.49258365875,0.1529977375565611,37.449676996535906,0.9362419249133976,,,1.1714413093750171,0.4016830486340703,0.7697582607409468,0.7048321965969987,0.4666091127780184,3,1
01133,44,1,1,39111.0,424423.0,0.022727272727272728,23784.0,0.09531617894382778,25.69074587958291,0.0,18.12178992949041,16.6,37932.57124472752,0.0728880756328148,18.499831819710728,0.42045072317524385,1.6444248234106962,17.844895728220653,-0.4623152207784946,-0.7997628780665855,0.33744765728809095,0.027814494774630053,-0.4901297155531246,3,3
02016,5,0,0,,,0.0,5698.0,0.17093717093717092,18.88034398034398,0.0,13.922748973674976,,92707.33979242589,0.020961145194274,8.775008775008775,0.0,,,-1.527706655943549,-1.8893494131260111,0.3616427571824621,-0.7392454361446669,-0.7884612197988822,2,1
02020,691,3,16,1940875.0,3171418.0,0.023154848046309694,293531.0,0.9637551059342966,27.795250246140952,0.2909090909090909,14.665466299883144,,90017.25189091926,0.0568246261286232,23.540954788420983,0.10220385581080021,6.612163621559563,10.804371599592548,0.7457318990883495,-0.5228786890550478,1.2686105881433973,-0.5265691644434283,1.2723010635317777,2,3
02050,22,0,0,,,0.0,18134.0,1.0,19.156435425168194,0.0,14.79982675603838,,56762.1266309627,0.1844546048334422,12.131906915186942,0.0,,,-0.1487850391729788,-1.3954912805569508,1.246706241383972,-0.7392454361446669,0.5904603969716881,2,1
02060,5,0,0,,,0.0,875.0,1.0,19.1,0.0,14.230819999999998,,84590.4394182188,0.0965250965250965,57.142857142857146,0.0,,,-0.15501383228822274,1.093503438856568,-1.2485172711447907,-0.7392454361446669,0.5842316038564441,2,1
02068,6,0,0,,,0.0,2246.0,1.0,16.7,0.0,11.314904,,86615.95477668181,0.0150228608752449,26.714158504007123,0.0,,,-0.41990248036756717,-0.14602642050885498,-0.2738760598587122,-0.7392454361446669,0.3193429557770997,2,1
02070,8,0,1,312788.0,1355127.0,0.125,4961.0,0.5406168111267889,23.12688973997178,0.0,14.407725072566015,,60307.57345150628,0.1193058568329718,16.12578109252167,0.0,63.04938520459585,273.15601693207014,-0.4577398443151445,0.3396557659296242,-0.7973956102447687,-0.7392454361446669,0.2815055918295224,2,3
02090,198,0,3,323778.0,488024.0,0.015151515151515152,99072.0,0.6115047642118863,26.87447815729974,0.10526315789473684,12.839732659853443,,81605.69255823352,0.0654654408143162,19.98546511627907,0.0,3.268108042635659,4.925952842377261,0.07117993043898935,-0.8680773991390773,0.9392573295780666,-0.7392454361446669,0.8104253665836563,2,3
02100,22,0,2,566596.0,1568604.0,0.09090909090909091,2518.0,1.0,22.9,0.0,13.200285,,61538.145576663555,0.0475806451612903,87.37092930897538,0.0,225.01826846703733,622.9563145353455,0.2643931938374051,1.6898644470745248,-1.4254712532371197,-0.7392454361446669,1.0036386299820719,2,3
02105,9,0,0,,,0.0,2139.0,1.0,19.906591865357647,0.0,15.216398440392707,,63386.65357517716,0.1066782307025151,42.07573632538569,0.0,,,-0.0659900703022297,0.5917372227400413,-0.657727293042271,-0.7392454361446669,0.6732553658424372,2,1
02110,106,0,3,87297.0,501964.0,0.02830188679245283,32227.0,0.39103857014304777,25.91981568250225,0.0,11.76495822301176,,93686.70985585856,0.0455710306406685,32.89167468271946,0.0,2.7088155894126045,15.575883575883577,-0.3927690087131138,-0.439975681068443,0.04720667235532916,-0.7392454361446669,0.34647642743155305,2,3
02122,131,3,5,4036153.0,2182117.0,0.03816793893129771,58464.0,0.49923029556650245,26.80111350574713,0.0,13.94027565376984,,70022.83968681343,0.0715569411333211,22.40695128626163,0.513136288998358,69.03655240831965,37.32411398467433,-0.1195288762991929,0.16623435726539534,-0.2857632335645882,0.16596159120845522,-0.2854904675076481,2,3
02130,35,0,1,31578.0,105595.0,0.02857142857142857,13800.0,0.5681159420289855,30.178608695652173,0.25,15.105836391086957,,77086.17529581266,0.0592279217345319,25.362318840579707,0.0,2.2882608695652173,7.651811594202899,0.3652869088775503,-0.7284107296592216,1.0936976385367718,-0.7392454361446669,1.104532345022217,2,3
02150,36,2,6,349201.0,1140985.0,0.16666666666666666,13451.0,0.8858077466359379,27.366805441974577,0.0,13.408250678462569,,90982.84293830798,0.0558303886925795,26.763809382202066,1.486878299011226,25.960969444650956,84.82529179986618,0.571664958887447,0.19891070381637932,0.37275425507106763,1.2518216754471536,-0.6801567165597067,2,3
02158,16,0,1,107077.0,65562.0,0.0625,8250.0,0.0,20.1,0.0,15.071192,,,,19.393939393939394,0.0,12.979030303030303,7.946909090909091,-1.6711177957891739,-0.5421755582632555,-1.1289422375259184,-0.7392454361446669,-0.931872359644507,2,3
02164,1,0,0,,,0.0,1393.0,1.0,14.9,0.0,14.749457,,46779.75946926481,0.1519480519480519,7.178750897343862,0.0,,,-0.6185689664270752,-2.18760485994327,1.5690358935161948,-0.7392454361446669,0.12067646971759172,2,1
02170,170,1,11,1781481.0,3812684.0,0.06470588235294118,105369.0,0.41304368457515966,30.86014292628761,0.125,13.724490830519413,,80016.86601593313,0.0909053156146179,16.133777486737085,0.09490457345139462,16.907069441676395,36.184114872495705,0.18828699486495726,-0.3178700299671984,0.5061570248321556,-0.5410907598251189,0.7293777546900762,2,3
02180,26,0,0,,,0.0,9988.0,0.5884060873047657,22.069273127753302,0.0,14.007941724369244,,64706.25934246468,0.1721587088096839,26.03123748498198,0.0,,,-0.49674124905442807,-0.1877650184965461,-0.308976230557882,-0.7392454361446669,0.2425041870902388,2,1
02185,11,0,0,,,0.0,9792.0,0.5448325163398693,12.230279820261437,0.0,11.226336241217322,,84058.35741405949,0.0897759811352535,11.233660130718953,0.0,,,-1.6535448876932457,-1.5140204336873988,-0.1395244540058469,-0.7392454361446669,-0.9142994515485788,2,1
02188,8,0,0,,,0.0,7715.0,1.0,22.52957874270901,0.0,14.174281803240442,,64555.75009029213,0.1815625,10.369410239792613,0.0,,,0.22350969964421308,-1.6365828983072421,1.8600925979514553,-0.7392454361446669,0.96275513578888,2,1
02195,11,0,0,,,0.0,3257.0,0.0,27.5,0.0,14.627537,,74139.58571102607,0.041183294663573,33.77341111452257,0.0,,,-0.8543777975445298,0.23356411455890652,-1.0879419121034364,-0.7392454361446669,-0.11513236139986294,2,1
02198,12,0,0,,,0.0,6407.0,0.3646012174184486,24.64264086155767,0.0,14.883804213672544,,55517.77548976146,0.1125080593165699,18.729514593413455,0.0,,,-0.576730811589603,-0.7145143315128458,0.13778351992324278,-0.7392454361446669,0.16251462455506382,2,1
02220,26,1,1,440122.0,508074.0,0.038461538461538464,8640.0,1.0,29.994305555555552,0.0,15.418824537152778,,78097.34308857755,0.0496817901868199,30.09259259259259,1.1574074074074074,50.940046296296295,58.80486111111111,1.0473936137011097,0.34096276512752505,0.7064308485735846,0.9412138977056852,0.10617971599542453,2,3
02230,11,0,0,,,0.0,1107.0,0.0,19.7,0.0,12.529221,,78334.76613425821,0.0646387832699619,99.3676603432701,0.0,,,-1.7152659038023983,2.0067856356909943,-3.7220515394933926,-0.7392454361446669,-0.9760204676577314,2,1
02240,21,0,0,,,0.0,6878.0,1.0,22.05734225065426,0.0,13.991824134922943,,74254.0575366221,0.1102287166454892,30.532131433556266,0.0,,,0.1713888304966652,0.06988042010233679,0.10150841039432841,-0.7392454361446669,0.9106342666413321,2,1
02275,10,0,0,,,0.0,2502.0,1.0,27.7,0.0,15.364309,,57123.56082103904,0.0662650602409638,39.96802557953637,0.0,,,0.7941704899960934,0.5078126672888209,0.2863578227072725,-0.7392454361446669,1.5334159261407603,2,1
02282,4,0,0,,,0.0,649.0,0.0,20.0,0.0,13.342991,,75898.00014309835,0.0583333333333333,61.633281972265024,0.0,,,-1.68215482279248,1.2179546052616868,-2.900109428054167,-0.7392454361446669,-0.9429093866478132,2,1
02290,19,0,1,50641.0,92808.0,0.05263157894736842,5377.0,1.0,22.371192114562024,0.5,15.73731259680119,,43894.645494520526,0.1704545454545454,35.3356890459364,0.0,9.418076994606658,17.26018225776455,0.20602852472600441,-0.1524724449333167,0.3585009696593211,-0.7392454361446669,0.9452739608706713,2,3
04001,76,1,4,667836.0,486725.0,0.05263157894736842,71511.0,0.8236914600550964,16.091243305225767,0.0,17.110152501866846,29.6,34456.019504403775,0.1054499489523068,10.627735593125532,0.13983862622533597,9.338926878382347,6.806295534952665,0.4127367062473617,-0.9482985625532141,1.3610352688005758,-0.4531904178642,0.8659271241115617,3,3
04003,281,4,10,1388678.0,1962541.0,0.03558718861209965,125867.0,0.8094734918604559,26.577706626836264,0.0,13.06980723605075,16.3,52211.871563520675,0.0633561643835616,22.32515274059126,0.3177957685493418,11.03289980693907,15.592180635114843,0.3590522234717235,-0.38537247366116967,0.7444246971328932,-0.13612931353443683,0.4951815370061603,3,3
04005,277,4,8,1635937.0,7320772.0,0.02888086642599278,141274.0,0.8233503687868964,30.270182765406236,0.0,13.77662440902077,17.8,63023.099536478665,0.07594866688793,19.607287965230686,0.28313773234990164,11.579887311182524,51.81966957826635,0.7371302008384156,-0.2281947157206183,0.965324916559034,-0.19437777644429488,0.9315079772827105,3,3
04007,119,1,6,508894.0,1113121.0,0.05042016806722689,53546.0,0.5113547230418706,23.9077017891159,0.25,17.780059405315058,17.7,46132.145715198414,0.0878708040593286,22.223882269450566,0.18675531318866023,9.503865834983005,20.788126097187465,-0.07541341373801046,-0.367243258134978,0.2918298443969675,-0.3650348631432717,0.28962144940526124,3,3
04009,39,0,1,279500.0,632884.0,0.02564102564102564,37996.0,0.6256448047162859,26.368588798820934,0.0,16.12123101242236,17.3,54430.29314659921,0.0831234256926952,10.264238340877986,0.0,7.356037477629224,16.65659543109801,0.20522887837213535,-0.8610660641534501,1.0662949425255854,-0.7392454361446669,0.9444743145168022,3,3
04011,21,0,1,363337.0,663493.0,0.047619047619047616,9522.0,0.7208569628229363,16.873955051459777,0.0,13.598494871980677,9.7,67276.57579681989,0.0567877163051425,22.054190296156268,0.0,38.15763495064062,69.68000420079815,-0.8529270831259365,0.14230789258370838,-0.9952349757096448,-0.7392454361446669,-0.11368164698126959,3,3
04012,30,0,0,,,0.0,20793.0,0.8373972009810994,26.677261578415816,0.1111111111111111,18.241462658875584,18.7,36718.95790854743,0.0890269151138716,14.427932477276007,0.0,,,0.5427964180921548,-1.125933624985017,1.6687300430771717,-0.7392454361446669,1.2820418542368217,3,1
04013,5635,35,194,315362689.0,261228551.0,0.03442768411712511,4328810.0,0.9000085327408667,29.153888666862255,0.2423580786026201,16.91756119371375,11.1,68331.20048633883,0.0503277814588237,13.01743435262809,0.08085362951942912,72.85205148759128,60.34650423557513,0.3301383812868553,-0.019939438610581155,0.35007781989743647,-0.5693190757390361,0.8994574570258913,3,3
04015,270,3,8,880768.0,2147740.0,0.02962962962962963,207695.0,0.8703146440694287,27.62738775608464,0.0,14.728211291364744,16.8,48318.76956894472,0.080407015597221,12.999831483665952,0.1444425720407328,4.2406798430390715,10.340836322492116,0.5327049930390922,-0.9267002136803328,1.459405206719425,-0.4443806333253306,0.9770856263644229,3,3
04017,142,1,4,779874.0,1475912.0,0.028169014084507043,109270.0,0.6952502974283884,25.724628900887712,0.12903225806451613,17.211716843195756,24.7,42467.98737181451,0.1267476806481118,12.995332662212867,0.09151642719868217,7.137128214514505,13.50701930996614,0.6839213362684373,-0.7826449546320378,1.466566290900475,-0.5478642540785131,1.2317855903469503,3,3
04019,1650,11,41,9081560.0,7491999.0,0.02484848484848485,1027207.0,0.8669771526089678,29.40732783168339,0.21991701244813278,16.508500375432604,14.0,56577.69980083577,0.0695702017675504,16.062974648731952,0.107086497658213,8.841022306117463,7.293563030625765,0.4895568148127265,-0.7341475201258456,1.2237043349385721,-0.5169089483787914,1.006465763191518,3,3
04021,392,4,17,3011704.0,2980299.0,0.04336734693877551,408434.0,0.7716962838549191,29.05869712119952,0.09859154929577464,15.642915516656302,11.8,61660.03687243711,0.0709184364383577,9.597633889441134,0.09793503968817482,7.373783769225873,7.296892521190694,0.2266275241573784,-1.0357046887373298,1.2623322128947083,-0.5350500646829929,0.7616775888403713,3,3
04023,72,2,4,301230.0,771416.0,0.05555555555555555,46480.0,0.7211488812392427,29.438315404475045,0.0,16.690594626850256,20.1,43731.41715061509,0.0766126862861139,15.490533562822721,0.43029259896729777,6.480851979345955,16.596729776247848,0.7051541212499561,-0.6738619385220265,1.3790160597719825,0.04290506149823616,0.66224905975172,3,3
04025,530,4,25,6572215.0,7777550.0,0.04716981132075472,228067.0,0.6808744798677582,30.614190566807125,0.0,13.830597649418813,12.8,55594.09004015881,0.0574297919722486,23.238785093854,0.17538705731210566,28.81703622181201,34.102040189944184,0.3034934602373432,-0.021354805022426468,0.3248482652597697,-0.38607144544601496,0.6895649056833582,3,3
04027,183,0,7,851028.0,3847782.0,0.03825136612021858,207620.0,0.8312927463635488,28.4921943936037,0.24074074074074073,16.38780862200174,15.9,47954.15560593516,0.0998327818692852,8.81417975146903,0.0,4.0989692707831615,18.532809941238803,0.4992227490907926,-1.029323581033489,1.5285463301242816,-0.7392454361446669,1.2384681852354595,3,3
05001,55,0,2,561193.0,937683.0,0.03636363636363636,17914.0,0.7332812325555431,24.495924974879983,0.125,16.750434168583233,16.8,49494.225629926135,0.0582035928143712,30.702244054929103,0.0,31.32706263257787,52.34358602210562,0.15370385589200342,0.22456093502617072,-0.0708570791341673,-0.7392454361446669,0.8929492920366703,3,3
05003,48,0,2,94138.0,132327.0,0.041666666666666664,20270.0,0.5432165762210163,30.810133201776026,0.14285714285714285,17.93800930814011,18.4,47425.25337470907,0.0541130793496724,23.680315737543168,0.0,4.644203256043414,6.528219042920572,0.509641452724483,-0.6705402418915275,1.1801816946160106,-0.7392454361446669,1.24888688886915,3,3
05005,92,0,3,469162.0,2931414.0,0.03260869565217391,41427.0,0.3459338112824969,29.22210635575832,0.0,16.281544907644772,16.0,44792.40138600048,0.04594626723728,22.207738914234678,0.0,11.32502957008714,70.76095300166558,0.03273646781792977,-0.10924178391258928,0.14197825173051903,-0.7392454361446669,0.7719819039625966,3,3
05007,421,5,14,916324.0,4417564.0,0.0332541567695962,265759.0,0.586474964159257,23.548657242087756,0.0,13.324352874243205,7.8,70338.69713151357,0.0242389612732972,15.841420234121893,0.18814038282805098,3.4479509630906198,16.622443642548323,-0.623208662125123,-0.777924976775318,0.15471631465019497,-0.36248562047549354,-0.2607230416496295,3,3
05009,103,1,5,293937.0,3253125.0,0.04854368932038835,37331.0,0.585358013447269,23.226361469020386,0.0,16.493640558383117,14.9,48093.00569068589,0.0454438149197356,27.591010152420242,0.2678738849749538,7.873804612788299,87.14272320591465,-0.21580118729348138,-0.02785247181333476,-0.18794871548014663,-0.22053193918098185,0.004730751887500467,3,3
05011,23,0,1,41236.0,104105.0,0.043478260869565216,10874.0,0.2505057936361964,23.324710318190178,0.4,18.43503378223285,23.2,45771.771449433145,0.0756891098056936,21.151370240941695,0.0,3.7921647967629206,9.57375390840537,-0.06624675222237401,-0.7038920428103056,0.6376452905879316,-0.7392454361446669,0.6729986839222929,3,3
05013,32,0,1,301827.0,416969.0,0.03125,5192.0,1.0,38.860285053929125,1.0,19.249205674114023,14.3,49198.5067471364,0.0439311594202898,61.633281972265024,0.0,58.13308936825886,80.30989984591679,1.34761353077246,0.8178287171396516,0.5297848136328084,-0.7392454361446669,2.0868589669171267,3,3
05015,59,0,1,144338.0,73530.0,0.01694915254237288,27965.0,0.5391739674593241,23.813785088503487,0.0,17.20074984215984,14.8,48873.109983636576,0.0366479550922213,21.09780082245664,0.0,5.161380296799571,2.629358126229215,-0.22874575859066293,-0.8489076023310037,0.6201618437403408,-0.7392454361446669,0.5104996775540039,3,3
05017,38,1,1,298456.0,1515587.0,0.02631578947368421,10615.0,0.765049458313707,26.76657560056524,0.0,18.099198704851627,29.7,36193.23545025458,0.0985992859104641,35.79839849269901,0.9420631182289213,28.116439001413095,142.77786151672163,1.140732308211505,0.4695707082868164,0.6711615999246887,0.7113929610147653,0.4293393471967397,3,3
05019,71,1,1,446540.0,15158.0,0.014084507042253521,22386.0,0.7929062807111588,27.645751809166445,0.4,17.903089250781743,18.9,44114.04982691292,0.0199258572752548,31.71625122844635,0.4467077637809345,19.947288483873848,0.6771196283391405,0.5779942795264267,-0.5011127141826138,1.0791069937090405,0.06784492682889762,0.510149352697529,3,3
05021,34,0,1,16500.0,40369.0,0.029411764705882353,14889.0,0.4559070454698099,27.05336154207804,0.0,17.12876652300356,17.5,39464.1618742299,0.051639709155661,22.835650480220295,0.0,1.1082006850695143,2.7113305124588623,0.08374358504995426,-1.0419652606948027,1.1257088457447568,-0.7392454361446669,0.8229890211946211,3,3
05023,52,0,1,130622.0,296745.0,0.019230769230769232,25100.0,0.5063745019920318,23.99852988047809,0.0,16.299696771513943,13.5,47148.61312951868,0.0431394377957138,20.717131474103585,0.0,5.20406374501992,11.822509960159362,-0.3298767908287346,-0.6212545841545845,0.29137779332584984,-0.7392454361446669,0.40936864531593226,3,3
05025,19,0,0,,,0.0,8128.0,0.41080216535433073,20.780524114173225,0.0,16.21629164886811,15.7,49481.50653819324,0.0549552330966347,23.375984251968507,0.0,,,-0.5363264681800468,-0.3607310904904936,-0.1755953776895532,-0.7392454361446669,0.20291896796462006,3,1
05027,64,1,1,10.0,19243.0,0.015625,23776.0,0.8141823687752355,26.02301059892329,0.2,18.443993786885937,23.3,38361.84059071262,0.1086306557703807,26.917900403768506,0.4205921938088829,0.0004205921938088829,0.8093455585464334,0.7495874849625047,-1.2544586161850508,2.0040461011475554,0.028032151737666187,0.7215553332248386,3,3
05029,43,1,1,130055.0,613707.0,0.023255813953488372,20858.0,0.7746188512800843,27.28044874868156,0.3333333333333333,18.58198180717231,17.1,45366.88036260276,0.0670916501201797,20.61559114009013,0.4794323520951194,6.235257455173075,29.42309905072394,0.4216802635690749,-0.4281209300769666,0.8498011936460415,0.11673055957971998,0.30494970398935495,3,3
05031,176,3,1,78991.0,42799.0,0.005681818181818182,107345.0,0.6694582886953282,27.054036983557683,0.0,15.277872193805022,16.1,50119.580973459975,0.062015796120714,16.395733383017372,0.2794727281196143,0.7358610088965485,0.3987051096930458,0.23010155049893818,-1.4432930641238766,1.6733946146228147,-0.20062916138372805,0.4307307118826662,3,3
05033,96,1,1,37248.0,13336.0,0.010416666666666666,62739.0,0.6913243755877524,28.49318446261496,0.09090909090909091,16.867664547697604,13.3,49634.135638987944,0.0454878674583974,15.301487113278823,0.15939049076332107,0.5936976999952183,0.21256315848196497,0.18920643885808794,-1.5252790649150922,1.71448550377318,-0.4160197419901722,0.6052261808482602,3,3
05035,96,1,2,338820.0,256384.0,0.020833333333333332,48672.0,0.8521737343852729,31.985147518080208,0.5,17.44198195504602,20.6,42567.620257055496,0.0880074372482181,19.723865877712033,0.205456936226167,6.96129191321499,5.26758711374096,1.065068850558592,-0.7254122797218735,1.7904811302804653,-0.33086269795568235,1.3959315485142743,3,3
05037,32,0,0,,,0.0,16824.0,0.8319662387066096,25.2676474084641,0.5,18.46919645054684,19.1,49590.678742233904,0.0608674223755544,19.020446980504044,0.0,,,0.4575446726427937,-0.6900262048976367,1.1475708775404303,-0.7392454361446669,1.1967901087874606,3,1
05039,28,1,0,,,0.0,7279.0,1.0,24.341159499931308,0.3333333333333333,18.316531891056464,19.6,40353.438371221266,0.0333988212180746,38.466822365709575,1.3738150844896275,,,0.6020212464569684,0.4453618503743694,0.15665939608259905,1.15012997538579,-0.5481087289288217,3,1
05041,48,0,2,281969.0,40486.0,0.041666666666666664,11709.0,0.38124519600307455,27.698659151080363,0.2,18.25690247834999,25.0,33804.166053093075,0.0817065808009659,40.99410709710479,0.0,24.08139038346571,3.457682124861218,0.5069576323065823,-0.1390523183103862,0.6460099506169685,-0.7392454361446669,1.246203068451249,3,3
05043,47,1,1,30401.0,233720.0,0.02127659574468085,18417.0,0.6978878210349134,24.62584568605093,0.0,15.667373562089372,20.6,49813.262847559505,0.0387229910172371,25.51990009230602,0.5429765977086388,1.6507031546940327,12.690449041646305,0.35627538848026824,-0.687468925686682,1.0437443141669502,0.20864231563673966,0.14763307284352858,3,3
05045,194,3,4,425095.0,640405.0,0.020618556701030927,123624.0,0.6795039798097456,31.56748608684398,0.16,16.41686310137999,12.9,55992.621581122745,0.0377374112036561,15.692745745162751,0.24267132595612503,3.4386122435772988,5.180264349964408,0.3782402606297015,-0.9790969254983422,1.3573371861280437,-0.2644128105850665,0.642653071214768,3,3
05047,40,1,2,264680.0,678209.0,0.05,17738.0,0.2205434660051866,33.427455180967414,0.0,17.179032009020183,19.0,41255.433959945505,0.0307558392572174,22.550456646747097,0.5637614161686774,14.921637163152553,38.23480662983425,0.3888800073241859,-0.15670174274182402,0.5455817500660098,0.23788600380041794,0.15099400352376793,3,3
05049,33,0,0,,,0.0,12231.0,0.5711716131142179,28.0551385822909,0.0,17.47824056839179,17.5,37526.620233586065,0.0566867191115224,26.98062300711307,0.0,,,0.2824377528861415,-0.13001902697392492,0.4124567798600664,-0.7392454361446669,1.0216831890308082,3,1
05051,179,2,4,1152566.0,1773193.0,0.0223463687150838,89773.0,0.6651777260423513,30.119452396600316,0.3157894736842105,17.964404232987643,18.9,47460.23087697453,0.0548460321463783,19.93917993160527,0.22278413331402538,12.838670869860648,19.75196328517483,0.6215114787002,-0.37253361542610347,0.9940450941263035,-0.2996717950486864,0.9211832737488863,3,3
05053,42,0,2,249730.0,445546.0,0.047619047619047616,18126.0,1.0,26.92520688513737,0.0,16.49858887901357,11.1,58707.087741784075,0.0390092879256965,23.171135385633896,0.0,13.777446761557982,24.580492110780096,0.27457393795585744,-0.23875791920770748,0.5133318571635649,-0.7392454361446669,1.0138193741005244,3,3
05055,53,0,0,,,0.0,44937.0,0.5884683000645348,25.78316977101275,0.2222222222222222,17.00913573338229,16.2,49875.798381912886,0.0763133277534341,11.794289783474643,0.0,,,0.05486135886242668,-1.4390627959788695,1.4939241548412963,-0.7392454361446669,0.7941067950070936,3,1
05057,44,0,1,135664.0,48888.0,0.022727272727272728,21842.0,1.0,27.743800933980403,0.4,18.19228009939566,16.6,45428.35597264507,0.0460519507399358,20.144675396026006,0.0,6.211152824832891,2.2382565699111803,0.6697122226812046,-0.8596692659294956,1.5293814886107002,-0.7392454361446669,1.4089576588258714,3,3
05059,54,1,3,338577.0,467936.0,0.05555555555555555,29884.0,0.766597510373444,24.08737116851827,0.5,18.758635921161826,16.9,46519.018088740544,0.060209049255441,18.069870164636594,0.33462722527104805,11.329708205059564,15.658412528443314,0.16585697132472146,-0.49150591471606714,0.6573628860407886,-0.10839171804127308,0.27424868936599456,3,3
05061,33,0,1,52020.0,164199.0,0.030303030303030304,13311.0,0.6439786642626399,27.203666140785817,0.3333333333333333,18.463221835699798,17.8,38219.810733028666,0.0682082848111795,24.791525805724586,0.0,3.9080459770114944,12.335587108406582,0.31699971846908054,-0.5703618533462955,0.887361571815376,-0.7392454361446669,1.0562451546137475,3,3
05063,75,1,4,4938221.0,6341626.0,0.05333333333333334,37427.0,0.37809602693242844,27.396219306917466,0.125,17.664972720549336,13.5,46974.78554250249,0.0473280613467529,20.03900927138162,0.2671867902850883,131.9427418708419,169.43986961284634,-0.21896861410666366,0.528652899952623,-0.7476215140592867,-0.2217166498642022,0.0027480357575385417,3,3
05065,46,0,2,726075.0,745165.0,0.043478260869565216,13570.0,0.0,27.15610906411201,0.0,16.396838301473842,20.3,45445.314761622256,0.0862502417327402,33.898305084745765,0.0,53.50589535740604,54.912675018422995,-0.23254601517016546,0.4035438252660075,-0.636089840436173,-0.7392454361446669,0.5066994209745014,3,3
05067,33,0,0,,,0.0,17027.0,0.6812709226522582,28.97128090679509,0.0,17.86072827526869,24.6,36152.95832643375,0.0751001335113484,19.38098314441769,0.0,,,0.9015633136477074,-0.6601685238986927,1.5617318375464002,-0.7392454361446669,1.6408087497923742,3,1
05069,191,0,7,2035130.0,3837226.0,0.03664921465968586,69282.0,0.7061718772552755,30.685508501486677,0.041666666666666664,16.03902496016281,24.3,43166.47749281248,0.0912915000869111,27.568488207615253,0.0,29.37458502930054,55.385612424583584,1.0364293967276466,0.1629739839451871,0.8734554127824594,-0.7392454361446669,1.7756748328723133,3,3
05071,47,0,1,54807.0,26372.0,0.02127659574468085,26372.0,0.7942135598361899,31.59450553617473,0.5,18.67197427665706,17.1,40818.74514378288,0.0380259644599944,17.82193235249507,0.0,2.0782269073259516,1.0,0.7603561976715354,-1.204646837748159,1.9650030354196943,-0.7392454361446669,1.4996016338162024,3,3
05073,16,0,0,,,0.0,6800.0,0.3704411764705882,36.32207352941177,1.0,19.704122184411762,22.8,34338.367905874526,0.0538809344385832,23.52941176470588,0.0,,,0.995792646844795,-0.3502346912944762,1.3460273381392711,-0.7392454361446669,1.7350380829894618,3,1
05075,32,0,0,,,0.0,16549.0,0.8094144661308841,25.29075472838238,0.0,16.732129183636477,18.3,42389.552972795005,0.0721214677351328,19.336515801559006,0.0,,,0.3860780639139703,-0.6638223906687312,1.0499004545827015,-0.7392454361446669,1.1253235000586372,3,1
05077,7,0,0,,,0.0,9194.0,0.873504459430063,42.071503154231024,0.25,18.18104225494888,38.7,31459.613476996692,0.1226415094339622,7.613661083315206,0.0,,,2.9324991218409315,-2.1009334062825396,5.0334325281234715,-0.7392454361446669,3.6717445579855985,3,1
05079,12,1,0,,,0.0,13455.0,0.4662950575994054,26.7197696023783,0.0,15.632113190709774,26.2,49388.23319881871,0.0234327449786975,8.918617614269788,0.7432181345224824,,,0.6002220992768543,-1.864951334566136,2.46517343384299,0.4753179332606003,0.12490416601625404,3,1
05081,34,0,1,92958.0,325145.0,0.029411764705882353,12347.0,0.0,26.497699846116465,0.0,17.01986638681461,17.7,47816.365445495496,0.0996519509067594,27.537053535271728,0.0,7.528792419211144,26.333927269782134,-0.4393110779295238,-0.2565004080022907,-0.1828106699272331,-0.7392454361446669,0.2999343582151431,3,3
05083,53,0,0,,,0.0,21668.0,0.5546427912128484,21.366882038028432,0.0,16.734331893714234,16.6,43950.82148300747,0.0621182317010042,24.460033228724388,0.0,,,-0.2824106342095096,-0.2879419592967502,0.0055313250872405795,-0.7392454361446669,0.45683480193515724,3,1
05085,93,1,2,725593.0,5059700.0,0.021505376344086023,72528.0,0.35270516214427533,27.156210015442312,0.0,15.926781747173505,9.6,62635.16723862547,0.0358792184724689,12.822634017207147,0.13787778513125964,10.004315574674608,69.76202294286344,-0.5016390568336991,-0.4261152128836789,-0.07552384395002026,-0.45695335459870945,-0.04468570223498969,3,3
05087,30,0,0,,,0.0,16211.0,0.7732403923261982,23.767318487446797,0.0,16.863531088273394,14.8,44179.76513419953,0.042467718794835,18.505952748133986,0.0,,,0.021637226526170433,-0.7335784182668134,0.7552156447929838,-0.7392454361446669,0.7608826626708373,3,1
05089,39,0,2,106804.0,986282.0,0.05128205128205128,16476.0,0.5622117018693857,29.888431658169456,0.0,17.18933052100024,17.4,38919.360778337716,0.048218724109362,23.670793882010198,0.0,6.482398640446711,59.86173828599175,0.4015272111580126,-0.21735585552823475,0.6188830666862474,-0.7392454361446669,1.1407726473026796,3,3
05091,51,0,2,60832.0,232940.0,0.0392156862745098,43572.0,0.7453180941889287,31.303637657211056,0.25,17.107996918732212,21.5,45969.97729560404,0.0700883290649662,11.704764527678325,0.0,1.3961259524465253,5.346093821720371,0.9538607332306855,-1.2640204757156093,2.2178812089462947,-0.7392454361446669,1.6931061693753524,3,3
05093,114,0,3,258162.0,549694.0,0.02631578947368421,42126.0,0.5250676541803162,25.717587713051323,0.25,17.105553090656603,24.9,42356.69531915171,0.0922160071096241,27.06167212647771,0.0,6.128329297820823,13.048805963063192,0.5110498544443031,-0.43026464039270823,0.9413144948370114,-0.7392454361446669,1.25029529058897,3,3
05095,19,1,0,,,0.0,7050.0,0.7279432624113475,27.045219858156027,0.3333333333333333,18.415374049078014,26.3,40773.16839840669,0.0751552795031055,26.950354609929075,1.4184397163120568,,,0.9139673630380193,-0.1318296561158963,1.0457970191539157,1.1908334382175683,-0.276866075179549,3,1
05097,28,0,0,,,0.0,8950.0,1.0,24.13662569832402,0.3333333333333333,18.673724957318434,18.8,37882.75480210703,0.0759206798866855,31.284916201117316,0.0,,,0.5382580143691656,0.1093485645064859,0.42890944986267976,-0.7392454361446669,1.2775034505138325,3,1
05099,16,0,1,52546.0,120309.0,0.0625,8351.0,1.0,25.696144174350373,1.0,19.161709729014493,23.2,40321.640641889026,0.0579241399588356,19.159382109926955,0.0,6.292180577176386,14.406538139145013,0.9209324543800866,-0.5923808381313712,1.5133132925114579,-0.7392454361446669,1.6601778905247535,3,3
05101,22,1,0,,,0.0,7812.0,1.0,32.61566820276498,0.0,16.973363341013822,18.8,40364.037614331995,0.0351994636272209,28.161802355350744,1.2800819252432156,,,1.1621474882604605,-0.06085002774236089,1.2229975160028215,1.0620820187445599,0.10006546951590067,3,1
05103,64,0,0,,,0.0,23830.0,1.0,26.18228703315149,0.5,19.287220749181703,18.8,37547.818719807554,0.0779473223831276,26.856903063365504,0.0,,,0.6887781436498974,-0.1374322438581414,0.8262103875080389,-0.7392454361446669,1.4280235797945644,3,1
05105,27,0,0,,,0.0,10355.0,0.18435538387252534,25.06910671173346,0.0,17.13751218406567,14.1,51583.3364470536,0.0550572994519182,26.07436021245775,0.0,,,-0.5637388884666447,-0.18509842654077135,-0.3786404619258733,-0.7392454361446669,0.1755065476780222,3,1
05107,51,1,2,653044.0,1212778.0,0.0392156862745098,18606.0,0.7532516392561539,31.638455336988073,0.3333333333333333,18.9470320945394,34.2,31076.980800698864,0.1061958694203864,27.410512737826505,0.5374610340750295,35.09857035364936,65.18209179834462,1.7604275200225452,0.2283567806315542,1.532070739390991,0.20081591630096468,1.5596116037215806,3,3
05109,19,0,0,,,0.0,10756.0,0.6517292673856452,29.55573633320937,0.0,17.60911948568241,18.2,42822.00209171333,0.0467425025853154,17.664559315730756,0.0,,,0.5228263699071639,-0.8073406310890059,1.3301670009961697,-0.7392454361446669,1.2620718060518308,3,1
05111,44,1,0,,,0.0,23896.0,0.38077502510880484,28.048146133244057,0.0,16.621458716521595,19.1,43373.162733471974,0.0583149197809587,18.41312353531972,0.41848008034817546,,,0.1729003471539757,-0.741558648426183,0.9144589955801588,0.024780343429181614,0.14812000372479409,3,1
05113,56,1,0,,,0.0,20094.0,0.5631034139544142,33.90407584353538,0.6666666666666666,18.648044916442718,18.8,40249.56578873597,0.0930700540812476,27.86901562655519,0.4976609933313427,,,0.7832147277953716,-0.07773066471480923,0.8609453925101809,0.14349457881541472,0.6397201489799569,3,1
05115,118,0,3,581321.0,890281.0,0.025423728813559324,63761.0,0.6165994887156726,29.731505152052193,0.2727272727272727,18.279087855381817,13.5,46066.4304079118,0.0637925604507121,18.506610624049184,0.0,9.117187622527878,13.96278289236367,0.21147529558067846,-0.5430913838596491,0.7545666794403275,-0.7392454361446669,0.9507207317253453,3,3
05117,27,0,0,,,0.0,8189.0,0.0,22.568738551715718,0.3333333333333333,17.418990468921727,15.4,45216.371110430206,0.0705818965517241,32.971058737330566,0.0,,,-0.8684563519378788,0.1945124501872621,-1.0629688021251409,-0.7392454361446669,-0.12921091579321198,3,1
05119,1256,10,46,8773217.0,77433093.0,0.03662420382165605,392967.0,0.829484409632361,30.31994823992854,0.3684210526315789,17.19558608961567,15.7,54850.02317378464,0.0465488237273221,31.961971361462922,0.2544742942791634,22.32558204632959,197.04731695027826,0.6195699978705603,0.418495174533869,0.20107482333669136,-0.24375260364533388,0.8633226015158942,3,3
05121,37,0,0,,,0.0,17695.0,0.5278327211076576,27.62553828765188,0.25,16.941656990844873,18.5,39448.263009563794,0.0434663375839846,20.909861542808702,0.0,,,0.2647266227778749,-0.5391621240834017,0.8038887468612765,-0.7392454361446669,1.0039720589225418,3,1
05123,55,1,0,,,0.0,25900.0,0.6571042471042471,30.932115830115833,0.16666666666666666,18.459119743513515,34.3,37466.204547854824,0.06152493957372,21.235521235521237,0.3861003861003861,,,1.6102899610806138,-0.5144801978491157,2.1247701589297296,-0.025686738770291356,1.635976699850905,3,1
05125,159,1,9,1300093.0,2265883.0,0.05660377358490566,119415.0,0.569869781853201,26.634202570866307,0.047619047619047616,15.854907280542646,9.3,68271.84472491867,0.037488738362975,13.314910187162416,0.08374157350416615,10.887183352175187,18.97486077963405,-0.3228409522882815,-0.6256774581887493,0.3028365059004678,-0.5634873593946745,0.240646407106393,3,3
05127,13,0,0,,,0.0,10376.0,1.0,32.5914032382421,0.6666666666666666,19.495861416923674,19.5,38254.78823529411,0.0811735941320293,12.528912875867386,0.0,,,1.2029864661794667,-1.3456661917637043,2.5486526579431708,-0.7392454361446669,1.9422319023241337,3,1
05129,34,1,0,,,0.0,7908.0,0.53199291856348,29.788088012139607,0.0,17.259347288442086,20.2,38621.522046925835,0.0378999689344516,42.99443601416287,1.2645422357106728,,,0.5318747861825116,0.6270403137564089,-0.09516552757389729,1.0471358418603494,-0.5152610556778378,3,1
05131,252,1,5,741346.0,1951208.0,0.01984126984126984,115567.0,0.6489828411224657,25.73320325006273,0.21739130434782608,16.593128220858897,12.8,48998.18105234335,0.047780492263715,21.805532721278567,0.08652989175110541,6.4148589130115,16.88378170238909,-0.09023108433693232,-0.49202628593996073,0.4017952016030284,-0.5578715471458202,0.4676404628088879,3,3
05133,41,1,0,,,0.0,17081.0,0.5339851296762484,22.476629002985774,0.0,18.3784970621158,18.7,50562.62933548904,0.0549903412749517,24.003278496575142,0.5854458169896376,,,-0.09528149376144952,-0.3182258463184156,0.2229443525569661,0.2679839672317255,-0.363265460993175,3,1
05135,51,0,3,209712.0,130677.0,0.058823529411764705,17139.0,0.6500379251998366,29.39575821226443,0.0,17.799443805239513,19.7,36748.63578925752,0.0432059106970767,29.756695256432696,0.0,12.235953089445125,7.624540521617364,0.6005591978333505,-0.3321157037325717,0.9326749015659223,-0.7392454361446669,1.3398046339780174,3,3
05137,32,1,2,391309.0,346198.0,0.0625,12475.0,0.4290180360721443,31.65987975951904,0.0,17.67399669923848,17.7,40476.38959130587,0.0627459101263201,25.651302605210418,0.8016032064128256,31.36745490981964,27.75134268537074,0.40571423699993514,0.012593266569090303,0.3931209704308448,0.5473176527118466,-0.14160341571191148,3,3
05139,127,2,0,,,0.0,39449.0,0.6951000025349185,32.89792643666506,0.6,19.463082819108212,19.0,47339.399505512054,0.0496799756171898,32.19346498010089,0.5069837004740297,,,0.864486506338741,0.15577556639223333,0.7087109399465077,0.1570569108551854,0.7074295954835557,3,1
05141,52,2,1,98143.0,130410.0,0.019230769230769232,16642.0,0.4386492008172095,34.91282297800745,0.4,18.285201158875136,16.5,40806.026052049994,0.0744368266405484,31.246244441773825,1.2017786323759163,5.897308015863478,7.836197572407163,0.5824392149315468,-0.4467397632224457,1.0291789781539924,0.9857072444606181,-0.40326802952907126,3,3
05143,414,5,9,38645301.0,27380732.0,0.021739130434782608,232289.0,0.6046648786640779,26.5801419783115,0.0,15.379949937052551,13.5,53474.24141801018,0.0477725523728088,17.82262612521471,0.2152491077924482,166.36733121241213,117.87356267408272,-0.03334346454878582,0.45067351809992484,-0.4840169826487107,-0.3131810235658407,0.27983755901705487,3,3
05145,150,2,4,291176.0,661670.0,0.02666666666666667,78762.0,0.5991848861125924,27.946371346588457,0.3076923076923077,17.33397166590488,15.7,46667.40749229094,0.0572724612232952,19.044716995505446,0.2539295599400726,3.696909677255529,8.400878596277392,0.19520428876240006,-0.7860654795018115,0.9812697682642115,-0.24470183343904647,0.43990612220144654,3,3
05147,18,0,0,,,0.0,6533.0,0.0,31.350619929588245,0.0,18.84736720281647,24.4,34813.21399723582,0.0784994789857589,27.55242614419103,0.0,,,0.3257440399088287,-0.09617738831405682,0.42192142822288553,-0.7392454361446669,1.0649894760534955,3,1
05149,42,0,0,,,0.0,21464.0,0.5972325754752144,25.502767424524787,0.6666666666666666,19.650085563641447,16.5,46555.055515317064,0.0415877026742472,19.567648155050318,0.0,,,0.062000148454305425,-0.644916798148147,0.7069169466024524,-0.7392454361446669,0.8012455845989723,3,1
06001,3437,25,118,51716061.0,134384447.0,0.03433226651149258,1656754.0,0.6855761326062891,30.186850491986135,0.06944444444444445,17.74558846109863,9.5,105362.83606665318,0.046147091157233,20.74538525333272,0.1508974778391964,31.215292674712117,81.11309645246065,0.07620418627630925,0.0941574737342784,-0.017953287457969147,-0.43208847686884355,0.5082926631451528,3,3
06003,4,0,0,,,0.0,1039.0,1.0,17.2,0.0,15.447531,15.6,67570.17483098747,0.125,38.498556304138596,0.0,,,-0.16699454583881054,0.44670640894605634,-0.6137009547848669,-0.7392454361446669,0.5722508903058563,3,1
06005,92,5,8,734095.0,5435224.0,0.08695652173913043,38429.0,0.0,34.63784121366677,0.0,16.75386211186864,11.7,66533.5688547568,0.0688245315161839,23.94025345442244,1.301100731218611,19.102630825678524,141.43547841473887,-0.2057099967874149,0.16820938806170407,-0.37391938484911896,1.0821367820714196,-1.2878467788588346,3,3
06007,407,17,11,3199701.0,4348411.0,0.02702702702702703,213045.0,0.7821868619305781,35.852067403600174,0.08333333333333333,18.084648758112138,19.9,55685.2435309112,0.0809319318649157,19.103945175901806,0.7979534840057265,15.018897416038865,20.41076298434603,1.2310852170003346,-0.35672912792660094,1.5878143449269355,0.542885700945255,0.6881995160550796,3,3
06009,132,2,9,1708054.0,1660455.0,0.06818181818181818,45514.0,0.24779188821022102,34.42314452695874,0.0,17.86062929430505,12.2,66942.69963883147,0.0638147524052834,29.002065298589446,0.43942523179680976,37.5281012435734,36.482291163158585,0.07762332883017398,0.16707539140600902,-0.08945206257583505,0.056815548278013564,0.020807780552160413,3,3
06011,57,3,3,308741.0,674409.0,0.05263157894736842,21454.0,0.8804418756409061,28.81685466579659,0.0,19.534527766244057,12.3,62960.56400212528,0.0429544781277772,26.56847207979864,1.398340635778876,14.390836207700195,31.43511699449986,0.35719331362599416,-0.11198797520746194,0.4691812888334561,1.1725942322107068,-0.8154009185847126,3,3
06013,2033,12,81,16112714.0,12289038.0,0.03984259714707329,1142251.0,0.89011259346676,31.492506900847538,0.10144927536231885,17.110946930767405,8.3,105691.41260308622,0.0531385101852196,17.798189714870023,0.10505571892692588,14.106106276116195,10.758614350085926,0.3209864116083711,-0.5192416644259636,0.8402280760343348,-0.5209216211479377,0.8419080327563089,3,3
06015,79,2,0,,,0.0,27495.0,0.7778505182760502,29.64024368066921,0.0,14.36197193420622,13.8,47996.55257837813,0.0768994470612328,28.732496817603202,0.7274049827241317,,,0.3978749558654542,-0.028428278394790656,0.42630323426024486,0.4554021197743325,-0.0575271639088783,3,1
06017,358,11,14,2921554.0,9138209.0,0.03910614525139665,188563.0,0.4969479696440977,32.46498199540737,0.0,16.116971756171676,7.0,88373.30928444302,0.054622408851563,18.9856970879759,0.5833594077311032,15.493781919040321,48.46236536330033,-0.11293304630893879,-0.1970635695506354,0.0841305232416966,0.26510598519498185,-0.37803903150392065,3,3
06019,1156,17,48,4013800.0,77728409.0,0.04152249134948097,984521.0,0.827974212840559,33.615313030397516,0.2663316582914573,19.766501124970418,17.7,57203.05514436962,0.0870903498533783,11.741750556869786,0.17267280230690865,4.076906434702764,78.95048353463258,0.9821899969743045,-0.6214252529456364,1.603615249919941,-0.3911241713178029,1.3733141682921075,3,3
06021,68,4,2,877586.0,120792.0,0.029411764705882353,27976.0,0.8721046611381184,29.29709036316843,0.0,18.88075849163569,13.5,52607.223331551395,0.053298640255162,24.306548470117242,1.4297969688304262,31.369245067200456,4.317700886474121,0.45655936353022314,-0.3315603137482942,0.7881196772785173,1.201072833842523,-0.7445134703122998,3,3
06023,343,15,11,2423871.0,5059899.0,0.03206997084548105,135940.0,0.6662351037222304,37.27485361188761,0.0,16.985215979358543,16.7,50919.82382832108,0.0780732131444792,25.23171987641607,1.103427982933647,17.830447256142417,37.22156098278652,1.0151913250533189,-0.06400153824816303,1.079192863301482,0.8858354485019502,0.1293558765513687,3,3
06025,376,5,19,2210021.0,8267290.0,0.05053191489361702,180701.0,0.7877764926591441,32.01169113618629,0.5161290322580645,21.940008422316424,17.3,50475.71554198095,0.1417754792994085,20.80785385803067,0.27670018428232274,12.230264359356063,45.751213330308076,0.7962513728238972,-0.2081656082299814,1.0044169810538786,-0.20537018833242612,1.0016215611563233,3,3
06027,71,1,3,515423.0,1345720.0,0.04225352112676056,17977.0,0.7423374311620404,20.425755131556993,0.0,14.581648198475829,11.8,60750.62181353534,0.041312696380775,39.49491016298603,0.556266340323747,28.671246592868666,74.85787395004728,-0.4404201798477389,0.4077039970772651,-0.8481241769250041,0.22738568535752537,-0.6678058652052643,3,3
06029,954,8,32,6917610.0,6291639.0,0.033542976939203356,887641.0,0.916148533021796,31.658608153521527,0.3509933774834437,20.4487680022633,19.0,56546.961995814614,0.0983423644802889,10.747588270483226,0.09012652637721781,7.793252001653822,7.088044603617904,1.0129837367587433,-0.9721098480716442,1.9850935848303877,-0.5506489915262452,1.5636327282849884,3,3
06031,155,3,7,764253.0,19930712.0,0.04516129032258064,150691.0,0.9211233583956573,26.87401570100404,0.0,17.08334061752195,17.5,61314.50154702688,0.0763275838652723,10.285949393128986,0.19908289147991584,5.071656568740004,132.2621258071152,0.5749888497732495,-0.5536792506098515,1.128668100383101,-0.3424496233491071,0.9174384731223566,3,3
06033,125,6,3,109803.0,49006.0,0.024,64195.0,0.3040579484383519,33.50104369499182,0.0,17.72274317071423,17.6,49858.8395929357,0.0873793699072509,19.471921489212555,0.9346522314822027,1.710460316224005,0.7633927876002804,0.399601969216315,-1.2097189258513563,1.6093208950676714,0.7030371068429301,-0.30343513762661506,3,3
06035,60,2,2,192110.0,125450.0,0.03333333333333333,30818.0,0.7385943279901356,21.38955156077617,0.0,13.987661608345771,17.1,59728.854777659704,0.0649364751873167,19.46914141086378,0.648971380362126,6.233694594068401,4.070672983321436,-0.05083498461263155,-0.7932984883573426,0.742463503744711,0.3538442669930013,-0.40467925160563284,3,3
06037,20239,112,614,247661870.0,342416737.0,0.030337467266169277,10081570.0,0.6307047414242027,34.72973657872732,0.4296075085324232,21.27271794610611,13.7,72121.48982274058,0.0608528988066594,20.075246216611102,0.1110938078096963,24.565803738901778,33.9646242599119,0.6067190166754287,-0.13441766781744616,0.7411366844928748,-0.5090123391986742,1.1157313558741029,3,3
06039,193,6,4,114381.0,336192.0,0.02072538860103627,155433.0,0.4978865491883963,31.09474564603398,0.0,17.91517910752543,18.0,61035.74145321433,0.0870232835072545,12.41692562068544,0.38601841307830387,0.7358862017718245,2.162938372160352,0.45707440788771886,-1.4356678928209696,1.8927423007086885,-0.02581599252531247,0.48289040041303133,3,3
06041,920,4,30,19415626.0,51710794.0,0.03260869565217391,259943.0,0.8399456803991644,30.0163116529393,0.0,15.206537772311624,8.7,122152.0371540703,0.0371098640507858,35.392374482098,0.1538798890526,74.69185936916939,198.93128108854634,0.18232770427181963,0.7382818497113618,-0.5559541454395421,-0.4264323017656762,0.6087600060374958,3,3
06043,49,1,0,,,0.0,17420.0,0.0,38.085,0.0,17.180322045579793,17.3,51745.504866647985,0.082638164754953,28.128587830080367,0.574052812858783,,,0.38892775429016596,-0.06275646968440347,0.4516842239745694,0.25222215947493987,0.1367055948152261,3,1
06045,223,8,8,1897428.0,1673694.0,0.03587443946188341,87224.0,0.5918669173621939,33.88703682472714,0.0,18.342527910276992,13.9,54497.06837819689,0.086548715462918,25.566357883151426,0.9171787581399614,21.753508208749885,19.188457305328807,0.514778936525547,-0.1339298857449812,0.6487088222705282,0.6832081869471981,-0.16842925042165113,3,3
06047,316,7,10,468841.0,476474.0,0.03164556962025317,271382.0,0.7550500770132138,29.64948227959113,0.0,17.61946572804018,18.6,56888.25762398054,0.118678643384822,11.644103146118754,0.257938993743137,1.727605368078944,1.7557317729252493,0.666113435688819,-1.3936024287670683,2.059715864455887,-0.2377248038025546,0.9038382394913735,3,3
06049,61,4,0,,,0.0,8907.0,1.0,22.180577074211296,0.0,16.845902943976647,20.1,48233.975624058774,0.0859350850077279,68.4854608734703,4.490849893342315,,,0.47349120146062534,1.3916333058937096,-0.9181421044330842,2.9828704590835797,-2.5093792576229546,3,1
06051,46,0,4,1147805.0,635536.0,0.08695652173913043,14310.0,1.0,27.36512928022362,0.0,13.434659204262752,7.8,65990.88760748673,0.0337626174730247,32.14535290006988,0.0,80.2099930118798,44.41201956673655,0.10599991463412713,0.4249664724688312,-0.31896655783470407,-0.7392454361446669,0.845245350778794,3,3
06053,700,10,18,3453910.0,3359056.0,0.025714285714285714,433410.0,0.6861655245610392,31.612400729101772,0.0,14.904003010341247,14.0,75270.52495094237,0.0491175457437539,16.15098867123509,0.2307284095890727,7.969151611637941,7.750296486006322,0.45574950613763154,-0.7419752771968692,1.1977247833345008,-0.28551869311366407,0.7412681992512956,3,3
06055,371,12,11,1753246.0,3767150.0,0.029649595687331536,139623.0,0.6831467594880499,31.90734621086784,0.0,15.48678003641234,8.9,93905.05426393986,0.0447282200021484,26.571553397362898,0.8594572527448917,12.556999921216418,26.98086991398265,0.16362916386976034,-0.16784920710697313,0.3314783709767335,0.616396813535075,-0.4527676496653147,3,3
06057,289,6,18,1986600.0,4771300.0,0.06228373702422145,99244.0,0.5813449679577607,33.813075853452105,0.0,17.474074116047316,10.9,70056.75726476782,0.0461768271562175,29.1201483213091,0.6045705533835799,20.01733102253033,48.076458022651245,0.3152517621724035,0.08430929608577793,0.2309424660866256,0.29418942856416685,0.021062333608236672,3,3
06059,10903,54,376,141980898.0,73849397.0,0.03448592130606255,3168044.0,0.7718383961838914,33.58688474655024,0.15979381443298968,19.012800569926114,9.2,95641.21028547958,0.0462318047931891,34.415557359683135,0.17045217806318347,44.816580199012385,23.310723272782827,0.4016472855274102,0.21737302470798534,0.18427426081942486,-0.39526668368049106,0.7969139692079013,3,3
06061,715,9,25,2801690.0,5444521.0,0.03496503496503497,385512.0,0.8220366681192803,31.97936536346469,0.011764705882352941,16.366369761211065,6.5,95065.67138456625,0.0424320855729835,18.54676378426612,0.23345576791383926,7.267452115628048,14.122831455311378,0.17338812343909193,-0.5850363981479568,0.7584245215870488,-0.2806808333739146,0.4540689568130065,3,3
06063,76,5,5,306771.0,1111517.0,0.06578947368421052,18660.0,0.23628081457663452,29.738638799571277,0.0,16.500108099142555,12.7,58676.34993676291,0.0537200195790504,40.728831725616296,2.679528403001072,16.440032154340837,59.566827438370844,-0.24909909017490892,0.2637388827291247,-0.5128379729040337,2.108011623436509,-2.357110713611418,3,3
06065,5653,43,184,53810900.0,92930409.0,0.032549088979303024,2411439.0,0.8506028972742001,34.63126382214105,0.13024282560706402,19.033727537326882,11.3,71020.22846353437,0.074685733229399,23.442434164828555,0.17831676438840047,22.31485017866925,38.537325223652765,0.6917717020781504,-0.04938071449903402,0.7411524165771844,-0.3806307217360732,1.0724024238142236,3,3
06067,2989,66,122,43137581.0,48983250.0,0.04081632653061224,1524553.0,0.8766694237589641,32.879152709023565,0.10725552050473186,18.326734922066994,11.9,71174.97741295121,0.0652201040781648,19.605746733632746,0.43291377866167985,28.29523211065801,32.12958158883292,0.6276506053551922,-0.12665039800703506,0.7543010033622273,0.04690661219864641,0.5807439931565458,3,3
06069,94,4,2,356431.0,439867.0,0.02127659574468085,60376.0,0.8200775142440705,30.410711209752222,0.0,15.128328146067973,9.1,92168.89824240013,0.0686448746429704,15.569100304756857,0.6625149065853981,5.903521266728501,7.285461110374984,0.2141611201893118,-0.8298622117012439,1.0440233318905556,0.3717212930793935,-0.1575601728900817,3,3
06071,5492,49,127,47836769.0,67149782.0,0.023124544792425344,2149031.0,0.8513157790650763,34.164912697862434,0.18157181571815717,19.50660785667913,13.2,67158.92419829064,0.0766215670436187,25.5557039428468,0.2280097402038407,22.259692391594164,31.246539486866407,0.7739252872374403,-0.04175074188857814,0.8156760291260184,-0.290351821749349,1.0642771089867893,3,3
06073,11941,87,396,142590509.0,180387004.0,0.033163051670714344,3307741.0,0.7655487536660216,34.1315674655301,0.0208,17.346857573594487,10.1,83712.82208864926,0.0600203410648707,36.10016624638991,0.26301938392395297,43.1081239431987,54.53480305743406,0.48970797496227014,0.38913661516753156,0.10057135979473858,-0.22891601817679508,0.7186239931390652,3,3
06075,2563,15,71,74599669.0,131758408.0,0.027701911822083494,874961.0,0.18523339897435429,25.615358970285534,0.025510204081632654,16.846070088903392,11.9,119187.42885599546,0.0421560322098433,29.2927341904382,0.17143621258547523,85.26056475660057,150.58774962541187,-0.6565558978836871,0.6134512478852648,-1.270007145768952,-0.39343002596726406,-0.263125871916423,3,3
06077,1011,8,27,7092247.0,12059947.0,0.026706231454005934,742603.0,0.7426888929885821,31.722828483052183,0.18705035971223022,19.033808066497173,12.6,68293.04321114016,0.0775754647781938,13.614273036871653,0.10772916349651158,9.550522957758048,16.240100026528307,0.4399152049590418,-0.6682761965246469,1.1081914014836887,-0.5156406200235429,0.9555558249825847,3,3
06079,644,16,32,4362262.0,10049333.0,0.049689440993788817,282165.0,0.7772331791682172,32.35407155387805,0.0,13.131486784757143,12.8,77923.51550156137,0.0403034786347834,22.823525242322752,0.567044105399323,15.459968458171637,35.615094005280596,0.5359975108756455,-0.15575952521814543,0.6917570360937909,0.24246908866188752,0.29352842221375797,3,3
06081,1509,3,49,14529647.0,36499144.0,0.032471835652750164,767423.0,0.6556201729684933,29.176690039261267,0.0,14.8547300079995,7.3,129990.17743446486,0.0373771907225467,19.663210511021955,0.03909186980322456,18.933035627027078,47.56065950590483,-0.16456772757937432,-0.13962541160485095,-0.02494231597452337,-0.6554371565374187,0.4908694289580444,3,3
06083,1070,18,40,15088033.0,20807684.0,0.037383177570093455,444829.0,0.7559848840790506,32.80979117818307,0.0,16.479048331599333,14.9,79095.79178960958,0.0580223757088951,24.054187114599095,0.40464987669419034,33.91872607226597,46.77681536050932,0.6743627683560316,0.08995340894783033,0.5844093594082013,0.003366962669536923,0.6709958056864946,3,3
06085,3408,12,101,26570905.0,43348574.0,0.029636150234741785,1927470.0,0.7773433568356447,29.196912066076255,0.024193548387096774,16.733237812574515,7.6,131488.91041032394,0.0427649322764817,17.68120904605519,0.06225777833118025,13.78537927957374,22.489882592206364,-0.012825773112465725,-0.3982336273353702,0.38540785422290447,-0.6072476287263429,0.5944218556138772,3,3
06087,561,8,12,4802566.0,2815842.0,0.0213903743315508,273962.0,0.8248443214752411,35.78934195253356,0.0,16.402347801129356,12.6,87161.81579688507,0.0571231077624939,20.477292471218636,0.2920113008373424,17.530044312714903,10.278221067155298,0.8282124564911969,-0.40712737571464386,1.2353398322058409,-0.17931580858306115,1.007528265074258,3,3
06089,394,11,15,2069893.0,6328470.0,0.03807106598984772,179212.0,0.6337466241099926,32.71783530120751,0.0,17.09499044127067,13.2,57942.88231349948,0.0545820899329201,21.985134924000626,0.6137981831573779,11.549968752092493,35.3127580742361,0.4315353221882709,-0.23783849171164181,0.6693738138999127,0.3067219833347236,0.12481333885354728,3,3
06091,22,0,2,68786.0,12259.0,0.09090909090909091,3040.0,1.0,28.1,0.0,18.862974,12.6,55272.93297390329,0.0530246452576549,72.36842105263158,0.0,22.626973684210526,4.032565789473685,0.45235342335787737,0.1814066759596944,0.270946747398183,-0.7392454361446669,1.1915988595025442,3,3
06093,165,9,2,212168.0,163536.0,0.012121212121212121,43468.0,0.5018634397717862,30.723562160669918,0.0,17.13075887105457,17.1,47952.03575731301,0.0712641096198124,37.95895831416214,2.070488635317935,4.881015919757063,3.7622158829483756,0.3792720690093366,-0.4923631226932199,0.8716351917025564,1.7125470707827868,-1.3332750017734503,3,3
06095,672,8,13,1045796.0,1874370.0,0.019345238095238096,441829.0,0.7895543298425409,31.02878579722019,0.020833333333333332,15.812959147287751,10.3,86354.15347184645,0.0599130667805186,15.209504129425637,0.1810655253503052,2.3669700268655975,4.242297359385645,0.29961277485000926,-1.0879243559484717,1.387537130798481,-0.37553831696901846,0.6751510918190278,3,3
06097,1032,24,34,14133654.0,19241806.0,0.03294573643410853,499772.0,0.7033247160705282,32.08185752703232,0.0,15.020545661393594,9.1,85872.94783461871,0.0435435435435435,20.649416133756993,0.48021897985481377,28.28020377292045,38.50116853285098,0.21052742177644168,-0.06635030864979179,0.2768777304262335,0.11789230986520932,0.09263511191123236,3,3
06099,679,9,30,5162850.0,7695898.0,0.044182621502209134,543194.0,0.8047474751193865,31.65556302168286,0.14893617021276595,19.034068523041498,12.6,64341.64537945511,0.0908457017631238,12.500138072217293,0.16568666075103922,9.504615293983365,14.16786267889557,0.5022569234058264,-0.7373933877850504,1.2396503111908768,-0.40418321757153547,0.9064401409773619,3,3
06101,147,3,5,1308007.0,1877888.0,0.034013605442176874,96109.0,0.8401294363691225,30.069861303311864,0.0,17.286521499432936,15.3,62588.5305689382,0.08293404735062,15.295133650334515,0.3121455847007044,13.609620326920476,19.53914825874788,0.5883543314490872,-0.5021826791303751,1.0905370105794623,-0.14552008439992242,0.7338744158490096,3,3
06103,128,10,3,206216.0,206790.0,0.0234375,63912.0,0.5586118412817624,34.72671485792966,0.0,19.38912493298598,15.0,47181.47078316198,0.0860079403361656,20.027537864563772,1.564651395669045,3.2265615220928776,3.235542621104018,0.6074847785657519,-0.9318861815157797,1.5393709600815315,1.3191231933629821,-0.7116384147972302,3,3
06105,35,1,2,206981.0,1910697.0,0.05714285714285714,12700.0,0.22874015748031495,36.35351968503937,0.0,17.201307712913387,20.8,43293.6684101414,0.0882172758831938,27.559055118110237,0.7874015748031495,16.29771653543307,150.44858267716535,0.7226737611057139,0.22167390624333275,0.5009998548623812,0.5300214593015915,0.1926523018041224,3,3
06107,508,11,15,3837296.0,6473552.0,0.02952755905511811,461898.0,0.7127244543167539,33.79931824775166,0.11538461538461539,19.489774962106353,17.5,52664.45924434941,0.0953839455672107,10.998099147430818,0.23814781618452557,8.30766965866923,14.015111561426982,0.8585835593493232,-0.8320668192731112,1.6906503786224345,-0.27238293260203356,1.1309664919513567,3,3
06109,154,3,5,220764.0,951878.0,0.032467532467532464,54045.0,0.39896382644092887,28.833079840873353,0.0,14.96018706489037,10.5,63709.930490054816,0.0521919725495507,28.494772874456473,0.5550929780738274,4.084818207049681,17.612693126098623,-0.27329285825442057,-0.4253581361503091,0.15206527789588853,0.22573727238457608,-0.49903013063899665,3,3
06111,1398,9,55,9310974.0,10724518.0,0.03934191702432046,847263.0,0.7616891095208925,34.06968332147161,0.12643678160919541,18.918286330268167,9.8,93412.1894592903,0.050993855171973,16.500189433505298,0.1062243954946693,10.989473162406478,12.65783823913,0.4627018546958066,-0.5827560791126508,1.0454579338084575,-0.51861150042064,0.9813133551164466,3,3
06113,436,3,17,7389446.0,16012939.0,0.0389908256880734,217352.0,0.7710856122787,33.39661516802238,0.04878048780487805,17.67179845652674,15.3,74436.36451812688,0.0619471532819152,20.059626780521917,0.13802495491184805,33.99759836578453,73.67283944937245,0.7582721457916864,0.07703912242133006,0.6812330233703564,-0.45667070458902753,1.214942850380714,3,3
06115,124,4,4,270433.0,213197.0,0.03225806451612903,76360.0,0.5262572027239393,30.669376636982715,0.14285714285714285,17.94818945580147,15.4,61532.845955108176,0.0715175291114017,16.238868517548454,0.5238344683080147,3.5415531691985334,2.791998428496595,0.2982192436309085,-1.0472851295229413,1.3455043731538499,0.18135926516703768,0.11685997846387083,3,3
08001,583,7,36,12272209.0,16269757.0,0.06174957118353345,504108.0,0.9013306672379728,31.85712129146929,0.4536082474226804,16.74369536779023,9.7,75468.73079711325,0.0400168615519958,11.564982107008817,0.13885913336031167,24.34440437366596,32.27434795718378,0.4452275394884431,-0.4340116261187032,0.8792391656071463,-0.4550692961121334,0.9002968356005765,3,3
08003,54,1,0,,,0.0,16107.0,0.8372757186316508,29.69683988328056,0.0,15.426984840814553,21.7,39763.06052995286,0.0921707253207646,33.52579623766064,0.6208480784751971,,,0.9475218011241596,0.22160930217433594,0.7259124989498237,0.3162486423915935,0.6312731587325662,3,1
08005,1151,8,54,15095784.0,17925871.0,0.04691572545612511,644560.0,0.9112464316743205,30.330928540399647,0.16326530612244897,14.627903455990133,10.1,82111.27645461597,0.0408030783935117,17.857142857142858,0.12411567580985479,23.42029291299491,27.81101992056597,0.368038624763221,-0.24282981527483105,0.6108684400380521,-0.4835473186478115,0.8515859434110324,3,3
08007,70,1,1,469324.0,318871.0,0.014285714285714285,13253.0,0.5331623028748208,27.681981438164943,0.0,13.706072575190523,11.2,55350.30744861171,0.0512700638927847,52.81822983475439,0.7545461404964914,35.41266128423753,24.06028823662567,-0.16985291150579582,0.40509942390061954,-0.5749523354064153,0.48947419260766123,-0.6593271041134571,3,3
08009,14,1,1,198262.0,223917.0,0.07142857142857142,3561.0,0.4667228306655434,23.086267902274642,0.0,15.69297247514743,20.2,38027.964432724206,0.0205314009661835,39.31479921370402,2.808199943836001,55.675933726481325,62.88037068239259,-0.032019754767676635,0.5176035459620819,-0.5496233007297585,2.183132256077109,-2.2151520108447857,3,3
08011,16,1,0,,,0.0,5787.0,1.0,33.0,1.0,18.730769,28.6,32751.66121219628,0.0576798444588464,27.64817694833247,1.7280110592707794,,,1.7871682683648,-0.09057678674512393,1.877745055109924,1.454079338041417,0.33308893032338305,3,1
08013,951,7,40,20814927.0,23615495.0,0.04206098843322818,322510.0,0.8504449474434901,32.868774301572046,0.029411764705882353,13.933667333006722,11.0,87993.85638107841,0.0419924056287692,29.487457753247963,0.21704753340981675,64.54040804936281,73.22407057145514,0.5436485390101419,0.4222841363511991,0.12136440265894277,-0.30994910745433674,0.8535976464644786,3,3
08014,105,2,5,1129119.0,982043.0,0.047619047619047616,67886.0,1.0,29.706491765607044,0.0,13.595819208231447,5.1,102193.662376541,0.0318256268111377,15.467106619921633,0.29461155466517397,16.632575199599327,14.466060748902573,0.11386939406629666,-0.5073390518513091,0.6212084459176058,-0.17492173990715743,0.2887911339734541,3,3
08015,111,2,8,3827976.0,2778153.0,0.07207207207207207,19557.0,0.3771028276320499,31.735680319067345,0.0,15.045413349133304,9.4,59113.03875292552,0.0336221837088388,56.75717134529835,1.0226517359513219,195.73431507899986,142.0541494094186,-0.15040442417412123,1.146561400092426,-1.2969658242665472,0.8002528224314445,-0.9506572466055657,3,3
08017,10,0,0,,,0.0,2026.0,1.0,16.2,0.0,14.257919,13.3,57211.534538858206,0.0741548527808069,49.35834155972359,0.0,,,-0.3806263205275711,0.8530470356580044,-1.2336733561855755,-0.7392454361446669,0.35861911561709575,3,1
08019,28,0,2,328854.0,456080.0,0.07142857142857142,9495.0,0.2667719852553976,27.99605055292259,0.3333333333333333,15.39222809699842,7.7,71078.52430064345,0.031278748850046,29.489204844655085,0.0,34.63443917851501,48.03370194839389,-0.648716966500661,0.2088138991685282,-0.8575308656691892,-0.7392454361446669,0.09052846964400585,3,3
08021,17,1,0,,,0.0,8128.0,0.0,29.340551181102363,0.5,17.339893104084645,18.1,38246.30884080552,0.1046408513154005,20.915354330708663,1.2303149606299213,,,-0.20577676585289129,-0.5387427889820093,0.33296602312911805,1.0138508173274998,-1.219627583180391,3,1
08023,12,2,1,125138.0,483623.0,0.08333333333333333,3745.0,1.0,32.226168224299066,1.0,19.09413778744993,22.6,32820.55629241611,0.0959792477302205,32.04272363150868,5.34045393858478,33.41468624833111,129.13831775700933,1.3648776009148529,0.4282453255610343,0.9366322753538185,3.2972948294999687,-1.9324172285851158,3,3
08025,8,0,0,,,0.0,5754.0,0.0,25.5,0.0,17.202259,37.5,44659.91084711619,0.1475409836065573,13.903371567605145,0.0,,,0.6929395418726868,-1.183801907799988,1.8767414496726746,-0.7392454361446669,1.4321849780173537,3,1
08027,26,1,4,306965.0,928397.0,0.15384615384615385,4776.0,1.0,32.9,0.0,16.809114,11.8,56302.11947995645,0.0568616730453799,54.438860971524285,2.0938023450586263,64.27240368509213,194.38798157453937,0.7568246893187229,0.9356372726751294,-0.17881258335640648,1.7290786516226848,-0.9722539623039619,3,3
08029,126,2,8,559335.0,1169844.0,0.06349206349206349,30565.0,0.12988712579748077,35.769200065434326,0.0,16.3592415016195,12.9,47981.71363802309,0.066146540027137,41.223621789628666,0.6543432030099786,18.29985277277932,38.27397349910028,0.09144469733085225,0.2120051003417441,-0.12056040301089185,0.3609524102899386,-0.2695077129590863,3,3
08031,1829,10,86,41055944.0,217823437.0,0.047020229633679606,705576.0,0.8431565132600882,29.672769056770633,0.4027777777777778,17.224714719433482,10.5,72702.3283452093,0.0375112217660366,25.922083517579964,0.14172817669535245,58.187840856264955,308.7171856752497,0.2701369319709372,0.597064928730243,-0.3269279967593058,-0.4495704103925719,0.7197073423635091,3,3
08033,11,0,1,155256.0,466379.0,0.09090909090909091,1857.0,1.0,27.9,0.0,16.283545,13.5,48726.840428708325,0.0388349514563106,59.23532579429187,0.0,83.60581583198707,251.14647280560044,0.4924401852665338,1.0874753225203209,-0.595035137253787,-0.7392454361446669,1.2316856214112006,3,3
08035,556,5,31,10048247.0,13344416.0,0.05575539568345324,336041.0,0.784252516805985,28.324079204620862,0.0,10.702791559890015,3.7,126904.73776492751,0.0289139933923052,16.54560009046515,0.14879136772001036,29.90184828636982,39.710678161295796,-0.30703604936603707,-0.16587933332687296,-0.1411567160391641,-0.436091574459829,0.12905552509379192,3,3
08037,163,2,7,1885297.0,2124797.0,0.04294478527607362,54681.0,0.3369909109196979,32.67047420493407,0.0,13.058586973921473,6.6,89870.98233599102,0.0186053199137311,29.809257328871087,0.3657577586364551,34.47810025420164,38.85804941387319,-0.2956137146027263,0.1749480253515947,-0.470561739954321,-0.05799941838936762,-0.23761429621335867,3,3
08039,58,1,4,1463579.0,2117946.0,0.06896551724137931,25717.0,0.5672123498075203,17.222191546447874,0.0,11.156256288097369,5.8,105143.4317342608,0.0201523890906501,22.55317494264494,0.3888478438387059,56.910953843760936,82.35587354668118,-1.2313819062183338,0.27243275614695994,-1.5038146623652937,-0.02135900697868017,-1.2100228992396536,3,3
08041,1414,7,60,62734110.0,139319513.0,0.042432814710042434,698974.0,0.871026676242607,29.551037806842597,0.14615384615384616,14.308608731294726,7.3,72900.5341913802,0.0581809491055138,20.229650888301997,0.10014678657575246,89.75170750271111,199.32002191783957,0.09654560009077917,0.4786207095427329,-0.3820751094519537,-0.5306518565611346,0.6271974566519137,3,3
08043,117,2,6,682367.0,358900.0,0.05128205128205128,47321.0,0.8569345533695399,25.616092221212572,0.0,13.684162874706791,18.4,52369.800285870755,0.0549472295514511,24.724752224171088,0.4226453371653177,14.419961539274318,7.584370575431627,0.46763245328509445,-0.3985111506937418,0.8661436039788363,0.03118853888838644,0.436443914396708,3,3
08045,153,1,7,1820808.0,1035866.0,0.0457516339869281,59055.0,0.4684446702226738,27.96495470324274,0.0,14.439717785301834,9.1,80487.47241005013,0.0444558770124682,25.908051816103633,0.16933367200067734,30.83241046482093,17.540699348065363,-0.34707925749312224,-0.0677454237438336,-0.27933383374928866,-0.3973562026855845,0.050276945192462286,3,3
08047,16,0,1,151343.0,185369.0,0.0625,6018.0,0.0,28.0,0.0,13.380141,7.2,81008.95517109869,0.0153531218014329,26.586905948820203,0.0,25.148388168826852,30.802426055167828,-0.9681375378120552,0.0030386751490717907,-0.971176212961127,-0.7392454361446669,-0.22889210166738838,3,3
08049,59,1,5,591901.0,3630685.0,0.0847457627118644,15303.0,0.0,28.947729203424164,0.0,14.50745499000196,8.2,75464.49109986896,0.032994072251426,38.55453179115206,0.653466640528001,38.67875579951644,237.25315297654055,-0.8375114547307779,0.6733081913896296,-1.5108196461204075,0.359794096001582,-1.19730555073236,3,3
08051,81,0,6,522075.0,882485.0,0.07407407407407407,16802.0,0.45560052374717297,28.01189739316748,0.0,13.98625846363528,10.7,59967.33774765142,0.0512021804730847,48.208546601595046,0.0,31.072193786453994,52.52261635519581,-0.2601251251572741,0.46859557815125624,-0.7287207033085303,-0.7392454361446669,0.4791203109873928,3,3
08053,6,0,1,21919.0,53045.0,0.16666666666666666,857.0,0.0,23.199999999999996,0.0,15.35178,5.3,59715.075761615735,0.0471464019851116,70.01166861143524,0.0,25.576429404900818,61.896149358226374,-1.4370171975120953,0.661303028032132,-2.0983202255442275,-0.7392454361446669,-0.6977717613674285,3,3
08055,40,1,2,48977.0,63863.0,0.05,6679.0,1.0,28.83473573888307,0.0,15.817645650097322,18.3,40422.33345144109,0.0310370931112793,59.88920497080401,1.4972301242701005,7.33298397963767,9.561760742626142,0.8534997980762626,-0.016739887874259507,0.8702396859505221,1.2609001762419434,-0.40740037816568075,3,3
08057,20,0,0,,,0.0,1261.0,0.0,14.4,0.0,13.696895000000001,13.3,56493.96578026089,0.0168711656441717,158.60428231562253,0.0,,,-1.597386800256584,2.7827593466936804,-4.380146146950264,-0.7392454361446669,-0.8581413641119172,3,1
08059,1020,13,57,10430970.0,12176081.0,0.05588235294117647,574798.0,0.8725117345571836,30.678706780468968,0.15217391304347827,15.881226456325527,7.4,87958.87887881296,0.0363222537408478,17.74536445847063,0.22616640976482172,18.147192578958173,21.183234805966617,0.1872191586662311,-0.34929645566566236,0.5365156143318934,-0.2936349028074913,0.48085406147372245,3,3
08061,9,0,0,,,0.0,1489.0,1.0,22.5,0.0,14.845015,13.6,44231.70142544217,0.0278940027894002,60.44325050369375,0.0,,,0.10119641291563597,1.1858642470374996,-1.0846678341218636,-0.7392454361446669,0.8404418490603028,3,1
08063,27,0,0,,,0.0,7447.0,0.35195380690210826,23.09465556599973,0.0,15.221317180878204,12.3,52306.20482720629,0.0359396433470507,36.256210554585735,0.0,,,-0.6368952772815518,0.34893468550149837,-0.9858299627830502,-0.7392454361446669,0.10235015886311505,3,1
08065,27,0,1,123235.0,176177.0,0.037037037037037035,7751.0,1.0,35.133827893175074,0.5,16.22825770687653,11.4,53595.07278947265,0.0410742496050552,34.83421494000774,0.0,15.899238807895756,22.72958327957683,0.8968333487643263,-0.0032742024145147506,0.900107551178841,-0.7392454361446669,1.6360787849089933,3,3
08067,170,3,6,9920559.0,14869636.0,0.03529411764705882,55617.0,0.6867864142258662,31.6674541956596,0.0,12.868686077440353,11.5,72800.9013061392,0.0406448237525341,30.566193789668628,0.5394034198176816,178.372781703436,267.35775032813706,0.30824359660930917,0.9065715755585707,-0.5983279789492615,0.20357529454051948,0.10466830206878969,3,3
08069,1399,9,51,18433395.0,26519282.0,0.036454610436025735,344786.0,0.7896956372938576,31.684388867297393,0.0410958904109589,14.573439348065177,10.2,76188.41940433272,0.0465049451669026,40.5758934527504,0.26103148039653584,53.463293173156686,76.91519377236895,0.3419161889535555,0.5629935865393009,-0.22107739758574535,-0.2323585768587856,0.5742747658123412,3,3
08071,61,2,4,1474660.0,2197380.0,0.06557377049180328,14266.0,1.0,32.07958082153372,0.16666666666666666,16.523450145590914,17.1,44322.85491619456,0.0805538074260541,42.759007430253746,1.4019346698443853,103.36884901163606,154.02916024113276,1.0191856861839093,0.8652786137530458,0.15390707243086343,1.1758668869099786,-0.1566812007260694,3,3
08073,24,1,2,214350.0,447454.0,0.08333333333333333,5585.0,0.3575649059982095,30.424941808415397,0.0,15.330071312802149,14.8,50089.903092749904,0.0266233766233766,42.97224709042077,1.7905102954341987,38.37958818263205,80.1170993733214,0.06078270365251015,0.5293653455416737,-0.46858264188916354,1.5035849703220128,-1.4428022666695026,3,3
08075,67,4,2,372464.0,855805.0,0.029850746268656716,22380.0,0.6530831099195711,27.87739946380697,0.0,15.814474517426273,14.0,56513.044417860234,0.0327812580451385,29.93744414655943,1.7873100983020553,16.64271671134942,38.239722966934764,0.14505564398973522,0.018370573661959353,0.12668507032777587,1.5010771505976035,-1.3560215066078682,3,3
08077,284,2,12,2382978.0,3392369.0,0.04225352112676056,151218.0,0.8693343385046753,30.08256755148196,0.034482758620689655,15.061093556891374,11.9,58697.54842298439,0.0666930327598708,18.78083296962002,0.13225938711000013,15.758560488830694,22.433632239548203,0.4139238145717319,-0.33881952608723637,0.7527433406589683,-0.4677713140548823,0.8816951286266141,3,3
08079,10,0,0,,,0.0,824.0,0.0,24.4,0.0,13.043678,9.7,65914.5730570894,0.0256410256410256,121.35922330097087,0.0,,,-1.0807961916884423,2.338216720434107,-3.4190129121225494,-0.7392454361446669,-0.34155075554377545,3,1
08081,45,0,0,,,0.0,13127.0,1.0,24.390386226860667,0.0,15.535492516264187,10.8,60658.408398471875,0.0437548487199379,34.2804905919098,0.0,,,0.06979377829191673,0.25778241933930635,-0.1879886410473896,-0.7392454361446669,0.8090392144365836,3,1
08083,75,0,4,2205803.0,4720157.0,0.05333333333333334,26031.0,0.31020706081210864,24.049421843186973,0.0,15.107321928854061,14.0,52434.45566884627,0.0510368176047397,28.81180131381814,0.0,84.73754369789866,181.32830087203718,-0.508393677901978,0.637665725365362,-1.1460594032673401,-0.7392454361446669,0.2308517582426889,3,3
08085,127,4,5,981068.0,5377141.0,0.03937007874015748,41686.0,0.5709590749892051,29.250827615986182,0.2,15.74608143930816,10.7,53514.51854183101,0.062735523592166,30.46586383917862,0.959554766588303,23.534711893681333,128.99153192918484,-0.04387927551887579,0.3252158696682253,-0.36909514518710107,0.7309892111618614,-0.7748684866807373,3,3
08087,81,1,1,16690.0,28067.0,0.012345679012345678,28517.0,0.6703369919697023,28.63132868113756,0.0,15.817553643090086,12.5,56898.85686709129,0.0407430863415663,28.404109829224673,0.35066802258302066,0.5852649296910615,0.984219938983764,0.12790055805833708,-1.105523922055587,1.233424480113924,-0.08228074032810712,0.2101812983864442,3,3
08089,63,1,0,,,0.0,18282.0,0.5402034788316377,29.581703314735805,0.42857142857142855,16.65647809610546,20.1,40456.251029395455,0.0734150520627388,34.4601247128323,0.5469861065528935,,,0.5195026063716518,0.26627839742172393,0.25322420894992786,0.2143141330595344,0.3051884733121174,3,1
08091,18,0,0,,,0.0,4796.0,0.0,31.0,0.0,13.901587,7.4,70396.99296862267,0.0380008261049153,37.53127606338615,0.0,,,-0.7352185982096987,0.40522950418682113,-1.1404481023965198,-0.7392454361446669,0.004026837934968164,3,1
08093,56,1,2,414755.0,90254.0,0.03571428571428571,17867.0,0.8376895953433705,35.63673812055745,0.0,13.08053019902614,8.1,78033.74762991311,0.0551181102362204,31.342698830245705,0.5596910505401019,23.213466166675996,5.051435607544636,0.5568981874764855,-0.23542715836220154,0.792325345838687,0.2321898353061203,0.32470835217036514,3,3
08095,31,1,1,63642.0,1406468.0,0.03225806451612903,4290.0,0.0,18.667832167832167,0.0,14.071657111888113,12.1,54220.4281330065,0.0141700404858299,72.26107226107227,2.331002331002331,14.834965034965036,327.84801864801864,-1.3564293382610593,0.8721150065427375,-2.228544344803797,1.8905279743879546,-3.246957312649014,3,3
08097,112,0,5,864912.0,1496369.0,0.044642857142857144,17926.0,0.2665960058016289,30.14833203168582,0.0,13.656329066160882,6.4,83665.12549465091,0.0301429964250893,62.47908066495593,0.0,48.24902376436461,83.47478522816021,-0.5697021221854888,0.7916069225127375,-1.3613090446982263,-0.7392454361446669,0.1695433139591781,3,3
08099,60,0,0,,,0.0,12022.0,0.674679753784728,28.096855764431876,0.2,16.359542081683582,20.1,44441.56643903488,0.0481635481635481,49.908501081350856,0.0,,,0.5560620538035613,0.8712238632062572,-0.3151618094026959,-0.7392454361446669,1.2953074899482282,3,1
08101,262,2,5,987049.0,1224947.0,0.019083969465648856,165982.0,0.9177983154799918,32.35951609210637,0.41818181818181815,16.48586613050813,13.5,49586.4390449896,0.0750269832703723,15.784844139725994,0.12049499343302285,5.946723138653589,7.3799990360400525,0.7314395675849816,-0.8191358791327099,1.5505754467176915,-0.490598044720672,1.2220376123056536,3,3
08103,21,3,1,2764.0,3029.0,0.047619047619047616,6384.0,0.0,24.484210526315792,0.0,13.317039263157897,10.8,57614.305777066445,0.0590207914151576,32.89473684210526,4.6992481203007515,0.43295739348370926,0.4744674185463659,-1.0076187685530742,-1.1042977625396875,0.09667899398661328,3.064283580531284,-4.071902349084358,3,3
08105,47,1,2,453913.0,229214.0,0.0425531914893617,11305.0,0.8403361344537815,24.640946483856702,0.0,17.286391270322863,17.8,41467.41882216036,0.0870597546497823,41.574524546660776,0.8845643520566122,40.151525873507296,20.275453339230427,0.3413479219847586,0.27114313066718815,0.07020479131757046,0.6457090371248729,-0.3043611151401143,3,3
08107,104,1,3,1618494.0,8120824.0,0.028846153846153848,25072.0,0.3958200382897256,26.619958519463946,0.0,11.669839999122527,5.6,82083.71842252805,0.0310176190795203,41.480536056158265,0.39885130823229104,64.55384492661136,323.9001276324186,-0.7379143724145504,0.8831455992861182,-1.6210599717006686,-0.00567379284127665,-0.7322405795732737,3,3
08109,29,2,0,,,0.0,6592.0,0.5109223300970874,31.044174757281557,0.5,17.764072980582526,20.6,40882.340602447344,0.0617958347558893,43.99271844660194,3.0339805825242716,,,0.6258074946018369,0.6645753447213123,-0.03876785011947537,2.309011451999421,-1.683203957397584,3,1
08111,6,0,0,,,0.0,589.0,1.0,23.1,0.0,16.274153,12.3,57898.365492434365,0.0199430199430199,101.86757215619696,0.0,,,0.06618492394332239,2.0479422882869334,-1.981757364343611,-0.7392454361446669,0.8054303600879893,3,1
08113,49,0,1,35.0,1324.0,0.02040816326530612,8049.0,0.26587153683687414,28.988073052553112,0.0,12.422898631879736,7.9,71055.20596579982,0.0252293577981651,60.877127593489874,0.0,0.0043483662566778485,0.16449248353832774,-0.5645217436232663,-0.892111121256097,0.3275893776328307,-0.7392454361446669,0.17472369252140052,3,3
08115,15,0,1,40977.0,272839.0,0.06666666666666667,2322.0,0.0,29.5,0.0,17.171481,14.7,45735.734022856625,0.0700888450148075,64.59948320413436,0.0,17.647286821705425,117.50172265288545,-0.4010772851701235,0.6563315455461539,-1.0574088307162774,-0.7392454361446669,0.3381681509745434,3,3
08117,87,0,11,4382273.0,2811486.0,0.12643678160919541,30649.0,0.13520832653593917,28.08643348885771,0.0,12.108086215537211,7.3,84027.61960903833,0.0316823937808634,28.385917974485302,0.0,142.9825769193122,91.73173676139515,-0.809079973527215,0.6190710072733536,-1.4281509808005686,-0.7392454361446669,-0.06983453738254808,3,3
08119,78,2,4,305545.0,701155.0,0.05128205128205128,24524.0,0.41824335344968194,34.7961180884032,0.0,12.857297976431251,8.3,70582.47972306065,0.0576144750416633,31.80557820910129,0.8155276463872125,12.459019735769042,28.5905643451313,0.05241127718817314,-0.06209587343871109,0.11450715062688424,0.5641443825906334,-0.5117331054024602,3,3
08121,30,1,0,,,0.0,4868.0,0.41967953985209533,22.363249794576827,0.0,15.741918483360722,14.2,53095.84843895665,0.0243485689876121,61.62695152013147,2.0542317173377156,,,-0.5015813436241877,1.2177855168040626,-1.7193668604282504,1.700944959391839,-2.2025263030160267,3,1
08123,421,3,25,6038580.0,7869832.0,0.05938242280285035,305345.0,0.668466816224271,28.608990158672974,0.23376623376623376,15.27504954018569,9.1,78593.38766616034,0.0405302577711816,13.787682785046423,0.09824952103358496,19.776253090766183,25.773574153826,-0.08280376833680507,-0.42816941695888117,0.3453656486220761,-0.5344241572370934,0.45162038890028827,3,3
08125,49,0,3,172845.0,675541.0,0.061224489795918366,10003.0,1.0,25.233509947015893,0.0,16.2289246290113,12.7,55139.382510707925,0.0380914981346946,48.9853044086774,0.0,17.279316205138457,67.53383984804559,0.24752576899603784,0.3979923259962672,-0.15046655700022937,-0.7392454361446669,0.9867712051407047,3,3
10001,431,4,10,1129139.0,1166209.0,0.02320185614849188,176699.0,0.6297205983055931,32.16322220272894,0.06060606060606061,16.422168837169423,11.7,64559.989787536426,0.0538664708460162,24.391762262378396,0.22637366368796652,6.390183306074172,6.599975098896994,0.29502330921492953,-0.5927455814400632,0.8877688906549928,-0.2932655250764678,0.5882888342913973,3,3
10003,2704,13,68,28307497.0,72989570.0,0.02514792899408284,556165.0,0.8481565722402524,28.89630954842538,0.29770992366412213,17.13630013327879,10.9,78319.92719390318,0.0593223799735921,48.61866532413942,0.23374358328913183,50.89765986712576,131.23725872717628,0.24278334537113347,0.7496605389463701,-0.5068771935752366,-0.28017092304333824,0.5229542684144717,3,3
10005,532,9,23,11465168.0,27928489.0,0.043233082706766915,224384.0,0.5171669994295494,29.66842421919566,0.03773584905660377,15.99420304588117,10.1,66946.93933607578,0.0433547169084359,23.709355390758702,0.40109811751283514,51.09619224187108,124.46738180975471,-0.10801525746423608,0.3519280203966691,-0.45994327786090516,-0.0021662726826565336,-0.10584898478157954,3,3
11001,9172,38,196,352005762.0,348051811.0,0.02136938508504143,682901.0,0.47813958392212047,29.656756689476214,0.2033898305084746,17.63943551151338,,91598.65896304217,0.0690819537691619,134.30936548635893,0.55644961714802,515.4565039442027,509.6665709963816,0.1613457339505706,2.0744918566901704,-1.9131461227395998,0.2276430519187204,-0.06629731796814978,2,3
13001,28,0,2,490503.0,155864.0,0.07142857142857142,18440.0,0.8011388286334057,20.894761388286334,0.0,16.807443628253793,21.1,42719.189433539126,0.0407808530552212,15.184381778741866,0.0,26.599945770065077,8.452494577006508,0.22414426864418183,-0.5089455779902711,0.7330898466344529,-0.7392454361446669,0.9633897047888487,3,3
13003,11,0,0,,,0.0,8239.0,0.257191406724117,30.111299915038234,0.3333333333333333,18.526809069790026,22.4,39426.004599031236,0.079966092116417,13.35113484646195,0.0,,,0.3916474521863842,-1.246966915028095,1.6386143672144793,-0.7392454361446669,1.1308928883310512,3,1
13005,24,1,0,,,0.0,11201.0,0.0,27.71082046245871,0.0,17.12471508276047,22.9,39767.30022719717,0.0450953045095304,21.426658334077313,0.8927774305865548,,,-0.033411056648462216,-0.5001616103720885,0.4667505537236263,0.6552129935744274,-0.6886240502228896,3,1
13007,4,0,1,115537.0,266665.0,0.25,3132.0,1.0,25.230172413793102,0.0,18.30801027873563,26.2,34889.52854763317,0.0706382978723404,12.77139208173691,0.0,36.88920817369093,85.14208173690932,1.0693221613966446,-0.11540123553984168,1.1847233969364863,-0.7392454361446669,1.8085675975413116,3,3
13009,70,2,5,524139.0,4176113.0,0.07142857142857142,45111.0,0.4141783600452218,33.937414377867924,0.6666666666666666,19.110191910864312,21.4,46289.01451323741,0.0815301198826045,15.517279599210836,0.44335084569173816,11.618873445501098,92.57416151271309,0.7825051351836633,-0.24403115718126325,1.0265362923649266,0.06276779605572765,0.7197373391279356,3,3
13011,25,0,2,413248.0,214891.0,0.08,18708.0,0.0,28.785038486209107,0.0,17.42636106045542,12.2,50676.04123677399,0.0494207542519102,13.363267051528759,0.0,22.089373530040625,11.486583279880264,-0.6059142762666448,-0.5633426264813914,-0.04257164978525341,-0.7392454361446669,0.13333115987802202,3,3
13013,95,0,5,1095774.0,391696.0,0.05263157894736842,78991.0,0.6399083439885557,28.095423529262828,0.1111111111111111,16.3126459747946,11.2,66080.98117392807,0.0499834407561205,12.026686584547607,0.0,13.872137332101126,4.958742135179957,-0.023685311078623445,-0.8542314569618403,0.8305461458832168,-0.7392454361446669,0.7155601250660434,3,3
13015,110,2,6,1030405.0,820748.0,0.05454545454545454,104919.0,0.39957491016879687,27.19255330302424,0.2,17.181672005451823,9.7,60864.03371482029,0.0473296646739775,10.484278348058979,0.19062324269198144,9.820957119301557,7.822682259647919,-0.44205408642663246,-0.9221805242006583,0.48012643777402586,-0.35792330684288753,-0.08413077958374493,3,3
13017,31,1,1,88338.0,163201.0,0.03225806451612903,17033.0,0.49468678447719133,27.870416250807256,0.4,17.991739539012507,24.4,34160.30062161404,0.0580823601720958,18.199964774261726,0.5870956378794105,5.186285445899137,9.581459519755768,0.6060668991253872,-0.7264795979666768,1.3325464970920642,0.2702570413244671,0.33580985780092015,3,3
13019,26,0,1,187106.0,172018.0,0.038461538461538464,19152.0,0.3215329991645781,25.33953634085213,0.0,17.75922552375731,18.8,42836.84103206837,0.0520900321543408,13.575605680868838,0.0,9.76952798663325,8.98172514619883,-0.10890433411112971,-0.767263373441145,0.6583590393300154,-0.7392454361446669,0.6303411020335372,3,3
13021,366,6,10,2869656.0,1486507.0,0.0273224043715847,153200.0,0.8696605744125326,32.96382114882506,0.4772727272727273,16.88686862023499,22.1,43810.91147394566,0.0717417996842659,23.890339425587467,0.391644908616188,18.731436031331594,9.703048302872062,1.247379092166909,-0.3206409632947796,1.5680200554616885,-0.016961920938204048,1.2643410131051132,3,3
13023,25,0,0,,,0.0,12807.0,0.41352385414226595,24.331029905520417,0.3333333333333333,17.628096289763413,18.2,51060.79376169397,0.062047569803516,19.52057468571875,0.0,,,-0.11989844755695082,-0.648749909975837,0.5288514624188863,-0.7392454361446669,0.6193469885877161,3,1
13025,21,1,2,145260.0,256633.0,0.09523809523809523,18756.0,0.2926530177010023,31.531099381531245,0.0,15.995187345702709,17.8,41185.47895541459,0.0580295018090731,11.196417146513117,0.5331627212625293,7.744721689059501,13.682714864576669,0.25446496088170223,-0.8410366554092429,1.095501616290945,0.19469726424930558,0.059767696632396644,3,3
13027,28,0,0,,,0.0,15590.0,0.25484284797947404,29.624201411161003,0.0,16.65097479948685,22.8,40579.20224948008,0.0816449954641669,17.96023091725465,0.0,,,0.37761687546570255,-0.7810478263348806,1.1586647018005831,-0.7392454361446669,1.1168623116103693,3,1
13029,48,0,0,,,0.0,37063.0,0.5448290748185523,30.15266438226803,0.0,14.13164159040013,8.2,76975.94316746092,0.0686128031260774,12.950921404095729,0.0,,,-0.15808513944152447,-1.2942815050909704,1.1361963656494458,-0.7392454361446669,0.5811602967031424,3,1
13031,93,1,1,121551.0,5602.0,0.010752688172043012,76120.0,0.5396479243300053,30.428076720966896,0.0,15.825794124697847,23.7,48279.55236943497,0.0803272093335121,12.217551234892275,0.13137151865475563,1.5968339464004204,0.07359432475039411,0.8003877088987751,-1.5559535950520438,2.3563413039508188,-0.4694857730171602,1.2698734819159352,3,3
13033,34,0,0,,,0.0,22520.0,0.5356571936056839,28.56048401420959,0.5,18.148214079129662,21.2,46796.71825824201,0.0435049019607843,15.097690941385435,0.0,,,0.5064126933273787,-1.0548430005634208,1.5612556938907995,-0.7392454361446669,1.2456581294720457,3,1
13035,37,0,0,,,0.0,24090.0,0.32557077625570774,32.72926525529265,0.3333333333333333,18.347651445371522,15.5,46075.969726711475,0.0480817389562255,15.359070153590702,0.0,,,0.23826788431255888,-1.027898650981826,1.266166535294385,-0.7392454361446669,0.9775133204572257,3,1
13037,15,0,0,,,0.0,6365.0,0.5071484681853888,19.136339355852314,0.0,17.770913063629223,35.5,36214.43393647607,0.1324366270046559,23.56637863315004,0.0,,,0.6528255281012817,-0.34771550121289496,1.0005410293141765,-0.7392454361446669,1.3920709642459486,3,1
13039,87,0,3,1027099.0,1569496.0,0.034482758620689655,53231.0,0.8735511262234412,28.947658319400347,0.0,14.950466494298436,11.6,60363.74943999322,0.0698508752971688,16.343859780954705,0.0,19.295128778343447,29.484623621573895,0.31672172071070687,-0.32023947260701463,0.6369611933177215,-0.7392454361446669,1.0559671568553737,3,3
13043,14,1,1,89962.0,265229.0,0.07142857142857142,10812.0,0.0,31.937402885682577,0.0,17.56646354199038,21.5,35757.60655840304,0.051847051198963,12.948575656677765,0.9248982611912689,8.320569737328894,24.530984091749907,0.19233284217668412,-0.6485894999271913,0.8409223421038754,0.6919904799303708,-0.49965763775368666,3,3
13045,186,2,5,401947.0,366559.0,0.026881720430107527,117183.0,0.7459017092923035,26.023762832492764,0.11764705882352941,17.21263130831264,14.3,56957.152704200365,0.0707323914034288,15.872609508205116,0.17067322051833458,3.4300794483841512,3.12809025199901,0.12757703311485327,-1.0489430753287032,1.1765201084435566,-0.39485398309903724,0.5224310162138905,3,3
13047,76,1,3,352191.0,242229.0,0.039473684210526314,66700.0,0.6979460269865068,25.346472263868066,0.0,15.581533794602699,10.7,59604.843633264005,0.0416475131010388,11.394302848575713,0.14992503748125938,5.280224887556222,3.6316191904047974,-0.19346844158532128,-1.1215255195394545,0.9280570779541332,-0.4339358896422159,0.24046744805689463,3,3
13049,13,0,0,,,0.0,13040.0,0.7506134969325153,21.009815950920245,0.0,17.26897472760736,26.2,44475.48401698926,0.1197514995715509,9.969325153374234,0.0,,,0.48837375881433664,-1.696511296668557,2.1848850554828934,-0.7392454361446669,1.2276191949590034,3,1
13051,560,2,14,1279825.0,1185313.0,0.025,288496.0,0.8202921357661804,29.841829002828458,0.19718309859154928,15.35037976567093,15.2,60248.21769008611,0.0753021092597906,19.411014364150628,0.06932505130053797,4.43619668903555,4.1085942266097275,0.543976568431524,-0.8572726198189998,1.4012491882505238,-0.592755395838237,1.136731964269761,3,3
13053,18,0,0,,,0.0,10560.0,0.9302083333333333,26.2621875,0.0,13.240907433901516,16.3,49918.195354355856,0.1127548980407836,17.045454545454543,0.0,,,0.4667510084823467,-0.8637710443413175,1.330522052823664,-0.7392454361446669,1.2059964446270135,3,1
13055,42,1,1,199136.0,1118926.0,0.023809523809523808,24812.0,0.7061502498790908,26.10339351926487,0.3333333333333333,18.200135088263746,20.7,39012.634117712245,0.0563219583030805,16.927293245203934,0.40303079155247457,8.025793970659358,45.09616314686442,0.4800419088884184,-0.40544722555417384,0.8854891344425923,0.0008463501788325004,0.4791955587095859,3,3
13057,349,4,17,5633347.0,4545272.0,0.04871060171919771,247515.0,0.8186534149445488,27.893688463325454,0.0,14.223279288297679,6.6,87698.13749828868,0.036681275594008,14.100155546128516,0.16160636729087127,22.759618608973195,18.363622406722826,-0.12481603469307397,-0.44708727331266923,0.3222712386195953,-0.41184667653395163,0.2870306418408777,3,3
13059,265,3,9,1062588.0,1427044.0,0.033962264150943396,126176.0,0.9192794192239412,35.56301673852397,0.1,16.349570652390312,24.1,40937.4566666232,0.0523043216638637,21.00240933299518,0.23776312452447376,8.42147476540705,11.309948009130103,1.6142148819874655,-0.5283212294670941,2.1425361114545596,-0.27306207652043085,1.8872769585078963,3,3
13061,8,0,0,,,0.0,2951.0,0.0,29.9,0.0,18.72567,26.4,23662.81024473404,0.1292775665399239,27.109454422229753,0.0,,,0.3407911597085324,-0.12233429099378768,0.4631254507023201,-0.7392454361446669,1.0800365958531992,3,1
13063,527,6,11,12711118.0,15049080.0,0.020872865275142316,283538.0,0.931737544879346,30.937946236483295,0.34,17.46928486205729,17.3,50732.21722526093,0.0759765151839026,18.58657393365263,0.21161184744196543,44.83038605054702,53.07606035169889,0.873344324518405,0.036518207875236075,0.836826116643169,-0.3197321182951576,1.1930764428135627,3,3
13065,13,0,0,,,0.0,6686.0,0.0,24.16037989829495,0.5,17.98695626697577,23.3,29315.386595693355,0.0598146588037068,19.44361352078971,0.0,,,-0.2702963134447119,-0.6550357053767611,0.38473939193204926,-0.7392454361446669,0.468949122699955,3,1
13067,1603,9,56,69754647.0,14035276.0,0.034934497816593885,751218.0,0.9981217169982615,27.700259445327454,0.05,14.670899869728894,8.8,82602.02141064339,0.0441175762188513,21.338679318120704,0.11980543597198151,92.85539883229634,18.683359557412096,0.1895141975907245,0.08106123539932625,0.10845296219139824,-0.4919434349639338,0.6814576325546583,3,3
13069,46,0,1,95870.0,556542.0,0.021739130434782608,43021.0,0.20775900141791218,25.67104204923177,0.2222222222222222,17.838596570883986,22.5,43307.44742618537,0.0395634379263301,10.69245252318635,0.0,2.228446572604077,12.936519374259083,0.017421323156082098,-1.0967850384040057,1.1142063615600877,-0.7392454361446669,0.756666759300749,3,3
13071,47,2,0,,,0.0,45486.0,0.5623928241656774,28.942129446423074,0.6,18.901916168667285,23.4,38618.3422739926,0.0776938644553038,10.332849668029723,0.4396957305544563,,,0.6974465039815811,-1.6419710115264905,2.339417515508072,0.05722621491799531,0.6402202890635859,3,1
13073,174,0,11,2173208.0,2343254.0,0.06321839080459771,150705.0,0.7828472844298464,25.176619886533295,0.0,14.180074586841847,6.8,87273.10784954789,0.0454248774458748,11.54573504528715,0.0,14.420278026608274,15.548614843568561,-0.35138519595924533,-0.6762962713142874,0.32491107535504204,-0.7392454361446669,0.38786024018542153,3,3
13075,24,0,1,133084.0,143922.0,0.041666666666666664,17177.0,0.0,26.56785818245328,0.25,18.66971832514409,19.9,44362.072115704315,0.0563939634630659,13.972172090586248,0.0,7.747802293764918,8.37876229842231,-0.3001864200132119,-0.8103562700644948,0.510169850051283,-0.7392454361446669,0.439059016131455,3,3
13077,200,2,4,441295.0,300714.0,0.02,143260.0,0.6920773418958537,26.47492461259249,0.1,15.082615481795337,9.9,80462.03422658435,0.0409127843986998,13.960631020522127,0.13960631020522127,3.080378333100656,2.0990785983526457,-0.16551382282127894,-1.187931581974014,1.022417759152735,-0.4536359039206166,0.2881220810993377,3,3
13079,19,1,1,70035.0,121341.0,0.05263157894736842,12325.0,0.751237322515213,23.978077079107507,0.3333333333333333,17.044334099634888,15.8,49056.47688945244,0.0851311953352769,15.415821501014198,0.8113590263691683,5.682352941176471,9.845111561866126,0.07417859525212833,-0.7920188582744204,0.8661974535265488,0.559120464204257,-0.48494186895212865,3,3
13081,36,1,0,,,0.0,22713.0,0.27085809888610046,32.36210099942764,0.8333333333333334,20.620739787874783,26.0,38201.7920197404,0.1156176700547302,15.849953770968167,0.4402764936380047,,,0.7912920079278895,-0.9784395166497349,1.7697315245776244,0.058107659006473696,0.7331843489214157,3,1
13083,29,1,0,,,0.0,16197.0,0.0,22.120942149780824,0.25,17.12852965407174,14.1,45132.637089855336,0.0537677661571466,17.904550225350373,0.6173982836327716,,,-0.980564888791008,-0.785967790451376,-0.194597098339632,0.3115920566189624,-1.2921569454099704,3,1
13085,44,0,3,795196.0,2092646.0,0.06818181818181818,24536.0,0.0,25.475957776328663,0.0,14.381372004890773,8.0,70252.84326231656,0.0396584743057772,17.932833387675252,0.0,32.4093576785132,85.28880013042061,-1.1051434208680762,0.03431708374570749,-1.1394605046137836,-0.7392454361446669,-0.3658979847234093,3,3
13087,52,1,1,390119.0,136040.0,0.019230769230769232,26682.0,0.5580166404317517,28.191128850910726,0.2857142857142857,18.094357287272317,22.3,43966.72034767359,0.0520077184599834,19.4887939434825,0.37478449891312493,14.62105539314894,5.098568323214152,0.5704613807948617,-0.5863935021135522,1.156854882908414,-0.04360215086156807,0.6140635316564298,3,3
13089,2086,16,50,14651529.0,22240446.0,0.023969319271332695,749323.0,0.9216039011214122,30.793881543740152,0.15862068965517243,16.16762026201785,13.3,66138.21708672607,0.0642013077772673,27.838462185199173,0.2135260762047875,19.55302186106659,29.680719796402887,0.6081879541240851,-0.03268663330115793,0.6408745874252431,-0.3162819399496579,0.924469894073743,3,3
13091,28,1,2,189084.0,357176.0,0.07142857142857142,20829.0,0.0,27.15008881847424,0.5,18.29120065552835,23.5,41657.14527384265,0.0565269461077844,13.442796101589131,0.4800998607710404,9.07792020740314,17.148014787075713,-0.038134593348184,-0.6755012379374871,0.637366644589303,0.11771642562958683,-0.15585101897777082,3,3
13093,22,1,0,,,0.0,13736.0,0.8565812463599302,26.835716365754223,1.0,20.63997826841875,22.5,39577.573775514866,0.1160326558971686,16.016307513104252,0.7280139778683751,,,0.8066467113941075,-0.9620048362477567,1.768651547641864,0.45617248590862036,0.3504742254854871,3,1
13095,239,3,5,388363.0,767778.0,0.02092050209205021,89703.0,0.8295597694614449,31.952300368995466,0.5555555555555556,18.356645035450317,26.4,41956.04392956562,0.1316436213787453,26.643479036375595,0.33443697535199496,4.329431568620893,8.559111735393465,1.391304850455488,-0.5755059481108219,1.9668107985663097,-0.10870328365587519,1.5000081341113631,3,3
13097,271,2,10,1048433.0,972689.0,0.03690036900369004,143316.0,0.7482486254151665,28.291711323229787,0.0,15.385183741508277,11.9,67660.2683974288,0.0663903198111182,18.90926344581205,0.13955175974769043,7.315533506377515,6.787023081861062,0.15085709597722655,-0.6975001045656969,0.8483572005429234,-0.4537405223055931,0.6045976182828197,3,3
13099,19,1,1,266681.0,175169.0,0.05263157894736842,10312.0,0.0,28.340544996121025,0.2,17.630833905159037,25.5,32476.08089131696,0.0879310344827586,18.425135764158263,0.969743987587277,25.86122963537626,16.986908456167573,0.17124338187378185,-0.29302743143483406,0.4642708133086159,0.7423239355716319,-0.57108055369785,3,3
13101,2,0,0,,,0.0,3981.0,0.37327304697312236,29.436423009294145,0.0,16.081341292891235,21.6,41860.65074156893,0.0324711062190423,5.023863350916855,0.0,,,0.41914548772498517,-2.6991865976760687,3.118332085401054,-0.7392454361446669,1.1583909238696521,3,1
13103,54,0,0,,,0.0,60477.0,0.31554144550820973,29.024182747160076,0.0,13.598486910924814,8.5,70826.26231460777,0.0366183091545772,8.929014336028573,0.0,,,-0.47147170276089206,-1.863198745035305,1.3917270422744128,-0.7392454361446669,0.2677737333837748,3,1
13105,38,1,2,149250.0,152256.0,0.05263157894736842,19166.0,0.4750078263591777,31.02098507774183,0.4,18.172611306949804,18.0,40995.752503732285,0.0742373689227836,19.82677658353334,0.5217572785140353,7.787227381821976,7.944067619743295,0.42683932320899415,-0.6341769708987305,1.0610162941077246,0.1783780822712599,0.24846124093773425,3,3
13107,37,1,3,340994.0,1228975.0,0.08108108108108109,22533.0,0.5846536191363778,25.59106643589402,0.0,17.62059846687081,26.1,39697.345222666256,0.0690255851932498,16.420361247947454,0.44379354724182307,15.133093684817823,54.54111747215195,0.6394208177660664,-0.2569496639281413,0.8963704816942077,0.06343803028209528,0.5759827874839711,3,3
13109,14,0,2,55818.0,35853.0,0.14285714285714285,10687.0,0.0,24.878618882754747,0.3333333333333333,18.1008151741368,23.7,45160.195121943274,0.0640289300148904,13.100028071488724,0.0,5.222981192102554,3.3548236174791803,-0.19309136059683954,-1.0631826220742535,0.870091261477414,-0.7392454361446669,0.5461540755478274,3,3
13111,58,0,2,448463.0,996315.0,0.034482758620689655,25395.0,0.0,26.71061232526088,0.0,15.960785449734198,13.9,50873.187158633824,0.0533989774663889,22.83914156329986,0.0,17.659499901555424,39.23272297696397,-0.6550345305736339,-0.10978849138196722,-0.5452460391916667,-0.7392454361446669,0.08421090557103295,3,3
13113,426,2,21,20397718.0,15655872.0,0.04929577464788732,112303.0,0.7333731066845943,26.000159390221093,0.0,13.164630341371112,5.8,95546.87702179395,0.0388583218707015,37.933091725065225,0.17808963251204332,181.63110513521454,139.40742455677943,-0.4053266589224416,0.906536231426942,-1.3118628903493836,-0.3810520416214182,-0.02427461730102337,3,3
13115,174,2,2,328309.0,219060.0,0.011494252873563218,97369.0,0.65619447668149,28.311198636116213,0.35,17.26271924795366,17.0,51232.50150008801,0.0540718237054502,17.87016401524099,0.20540418408322975,3.3718021136090544,2.2497920282636157,0.3630243634714336,-1.0341999798221844,1.397224343293618,-0.33095834068783797,0.6939827041592715,3,3
13117,313,4,16,2321281.0,1893309.0,0.051118210862619806,228383.0,0.9088504836174321,28.623246038452947,0.0,12.90259560264556,5.1,113642.96478476572,0.0324284382793279,13.705048099026634,0.17514438465209756,10.163983308740143,8.290060994031956,-0.06467091474269594,-0.7677178666928043,0.7030469519501084,-0.38652271792380793,0.321851803181112,3,3
13119,51,1,1,176024.0,332414.0,0.0196078431372549,22766.0,0.0,29.499657383817972,0.2,17.448310279144337,16.9,45034.06412892543,0.0450515463917525,22.401827286304137,0.4392515154177282,7.731880874989018,14.60133532460687,-0.2671401000318732,-0.46663945926030287,0.19949935922842965,0.05655177431184829,-0.3236918743437215,3,3
13121,3492,23,135,832016580.0,4240781742.0,0.03865979381443299,1036200.0,0.9139520696831286,30.080718394132404,0.2647058823529412,15.330636261681144,13.0,73848.10652548063,0.0554254254430945,33.70005790387956,0.2219648716464003,802.9497973364215,4092.6285871453388,0.5291486774373645,1.803342342246849,-1.2741936648094847,-0.30113657515738196,0.8302852525947464,3,3
13123,54,1,3,694630.0,992100.0,0.05555555555555555,30414.0,0.36285920957453804,29.19318734793187,0.2,16.979013988689424,13.6,55778.516870285726,0.042261773969091,17.754981258630895,0.3287959492339054,22.839153021634772,32.61984612349576,-0.09717970960930115,-0.22239828736827807,0.12521857775897693,-0.1179616352429097,0.020781925633608547,3,3
13125,4,1,1,62160.0,89009.0,0.25,2996.0,1.0,25.3,0.0,16.402041,15.7,47696.5939983441,0.0185597624350408,13.35113484646195,3.3377837116154874,20.747663551401867,29.70927903871829,0.4350941121078322,-0.4090536098100123,0.8441477219178446,2.4677016344108,-2.0326075223029676,3,3
13127,225,1,7,3546935.0,1675681.0,0.03111111111111111,84470.0,0.8366047117319758,29.151878773529067,0.3333333333333333,16.022534572948977,15.7,56151.610227783895,0.0488755695246448,26.63667574286729,0.11838522552385462,41.99046998934533,19.837587309103824,0.54134389485464,0.036062530133593146,0.5052813647210468,-0.4947170088685849,1.036060903723225,3,3
13129,80,0,7,1060483.0,962450.0,0.0875,57202.0,0.4659627285759239,28.27045907485752,0.5555555555555556,17.834649815688262,12.9,48613.42852742338,0.0332768902304351,13.985524981643998,0.0,18.539264361385964,16.825460648229082,-0.0959018090687404,-0.5104619485090186,0.4145601394402782,-0.7392454361446669,0.6433436270759265,3,3
13131,30,1,2,88108.0,-529340.0,0.06666666666666667,24828.0,0.08566940550990816,32.91437489930723,0.16666666666666666,18.127084512647013,19.7,46139.565185375934,0.0488245931283905,12.083131947800869,0.4027710649266957,3.5487352988561303,-21.320283550829707,0.2475057434322464,-2.0299536936432108,2.277459437075457,0.00044173372750269994,0.2470640097047437,3,3
13133,46,2,2,386408.0,575988.0,0.043478260869565216,17349.0,0.264338002190328,27.56752550579284,0.14285714285714285,15.748052053547756,14.1,55252.79441199288,0.0552397609677889,26.514496512767305,1.1528041962072741,22.272638192403022,33.20006916825177,-0.2931783386129798,-0.010859954472527978,-0.28231838414045185,0.9365457290851142,-1.229724067698094,3,3
13135,1617,11,66,94752250.0,49905939.0,0.04081632653061224,915046.0,0.9820085547611814,30.73396244560383,0.04424778761061947,14.968187473603512,11.4,75282.18411836418,0.0419305247721099,17.671242757194722,0.12021253576322939,103.54916583428593,54.53926797122767,0.5535820423226293,0.19894791190986819,0.35463413041276115,-0.49114904556095096,1.0447310878835803,3,3
13137,89,0,5,340914.0,559896.0,0.056179775280898875,44626.0,0.2369246627526554,25.91140366602429,0.125,16.52634460908439,13.5,53592.952940850504,0.0308121801168381,19.943530677183702,0.0,7.639358221664501,12.546407923631964,-0.4812960071639556,-0.5572916092760128,0.07599560211205725,-0.7392454361446669,0.25794942898071127,3,3
13139,271,9,17,3203170.0,3179923.0,0.06273062730627306,198667.0,0.5959973221521441,27.559589665118008,0.1111111111111111,15.412361432915382,11.0,66758.27280870455,0.035962613737182,13.640916709871291,0.45301937412856685,16.123311873637796,16.006296969300386,-0.1229038931905897,-0.5616916576906313,0.43878776450004164,0.07735902859932876,-0.20026292178991845,3,3
13141,18,0,1,96850.0,-21629.0,0.05555555555555555,8515.0,0.7745155607751028,36.415678214914855,0.5,18.65709702055197,30.3,33769.188550827625,0.0315031503150315,21.13916617733412,0.0,11.374045801526718,-2.5401056958308867,1.897514462065499,-1.1691870434864418,3.066701505551941,-0.7392454361446669,2.636759898210166,3,3
13143,43,1,1,176833.0,413601.0,0.023255813953488372,29227.0,0.2737537208745338,29.551664556745475,0.0,16.47191626342081,16.3,51459.32530265791,0.0402935889754343,14.712423444075684,0.34214938242036474,6.050330174154036,14.151332671844527,-0.003013019269812419,-0.7420017260553408,0.7389887067855283,-0.0961084062033387,0.09309538693352629,3,3
13145,72,1,7,738943.0,1747937.0,0.09722222222222222,34105.0,0.0,32.33262571470459,0.0,14.093536908048671,8.6,80892.36349688051,0.0696415684387779,21.111274006743876,0.2932121389825539,21.66670576161853,51.25163465767483,-0.5640933610023157,-0.059475834273038486,-0.5046175267292772,-0.17728546058466596,-0.3868079004176497,3,3
13147,39,0,3,195877.0,338431.0,0.07692307692307693,25773.0,0.0,31.61466651146549,0.2,17.4986834339425,14.9,45792.96993565463,0.0564097635979242,15.13211500407403,0.0,7.600085360648741,13.131222597291739,-0.2333013430336767,-0.69596230390657,0.4626609608728933,-0.7392454361446669,0.5059440931109902,3,3
13149,15,0,1,84222.0,17449.0,0.06666666666666667,11736.0,0.0,22.52016019086571,0.3333333333333333,17.756516457396046,16.5,54435.59276815457,0.0520391216091529,12.78118609406953,0.0,7.17638036809816,1.4867927743694616,-0.8050495590250968,-1.1196617955640915,0.3146122365389947,-0.7392454361446669,-0.06580412288042992,3,3
13151,446,6,10,2230081.0,2265528.0,0.02242152466367713,225356.0,0.7816876408881946,28.06514536999237,0.0,14.548266288791954,10.3,75559.88428786563,0.0569455538663712,19.790908606826534,0.26624540726672463,9.895813734713077,10.053107083902802,0.07301760076900989,-0.5475633610648156,0.6205809618338255,-0.2233408560284558,0.2963584567974657,3,3
13153,209,2,8,1404577.0,1027658.0,0.03827751196172249,153507.0,0.8083735595119441,27.575569843720483,0.17391304347826086,16.140211638830802,12.8,65421.70825243984,0.063047331451454,13.615014299022196,0.1302872181724612,9.14992150195105,6.694535102633756,0.21816051230763941,-0.8276078254108481,1.0457683377184874,-0.47158136471885764,0.689741877026497,3,3
13155,22,0,0,,,0.0,9320.0,0.0,27.686373390557943,0.5,19.09377194892704,19.4,39997.30380270029,0.0997023809523809,23.60515021459227,0.0,,,-0.24833186848407252,-0.34507739459171305,0.09674552610764053,-0.7392454361446669,0.49091356766059435,3,1
13157,91,2,2,241779.0,252700.0,0.02197802197802198,67885.0,0.468380349119835,30.007206304780144,0.0,15.81993097277749,8.3,69303.15107959397,0.0410109239029809,13.405023201001693,0.29461589452750975,3.561596818148339,3.722471827355086,-0.24559335955760644,-1.1054485145852606,0.8598551550276542,-0.174914413520902,-0.07067894603670444,3,3
13159,30,1,0,,,0.0,13916.0,0.0,26.397068123023857,0.0,17.62404946996263,14.8,54321.120942558555,0.0581993035980766,21.557918942224774,0.7185972980741592,,,-0.6233023715060363,-0.4903990338557833,-0.13290333765025297,0.4442301126935718,-1.0675324841996081,3,1
13161,16,0,0,,,0.0,15036.0,0.5222798616653366,23.241227720138333,0.0,17.730877232508647,19.7,38866.364562783994,0.0681060207126557,10.641127959563715,0.0,,,0.009177603961534183,-1.5970731901576278,1.606250794119162,-0.7392454361446669,0.7484230401062011,3,1
13163,36,1,2,986032.0,2950642.0,0.05555555555555555,15618.0,0.0,28.7462223075938,0.75,19.11216022339608,22.5,35978.07081510649,0.0499125735177237,23.050326546292737,0.6402868485081317,63.134332180817005,188.92572672557304,0.018417198439257154,0.46072335531602276,-0.4423061568767656,0.3423035308421735,-0.32388633240291637,3,3
13165,19,1,3,1462866.0,1050297.0,0.15789473684210525,8793.0,0.0,33.28935516888434,0.0,17.91249487819857,28.9,29015.428015659327,0.0446171560161197,21.608097350164904,1.1372682815876265,166.3671102012965,119.44694643466394,0.7424105173966314,0.55531346708112,0.1870970503155115,0.9207165586465312,-0.1783060412498998,3,3
13167,12,0,0,,,0.0,9691.0,0.3240119698689506,28.901238262305235,0.3333333333333333,17.989664312042102,26.2,44989.5473078603,0.0936569727501717,12.382623052316582,0.0,,,0.6064551052792206,-1.3638536646422592,1.9703087699214799,-0.7392454361446669,1.3457005414238874,3,1
13169,62,1,1,200.0,0.0,0.016129032258064516,28579.0,0.47947793834633823,36.099772560271525,0.0,15.835227890549007,12.7,59376.95990638303,0.0536030146889179,21.69425102347878,0.34990727457223836,0.006998145491444767,0.0,0.48265684740236187,-1.4792919336387358,1.9619487810410976,-0.08351205373022136,0.5661689011325832,3,3
13171,32,1,2,212525.0,164056.0,0.0625,18672.0,0.40483076263924594,36.352415381319624,0.3333333333333333,17.862315988110538,14.2,47533.365654438654,0.0757333333333333,17.13796058269066,0.5355612682090831,11.38201585261354,8.786203941730934,0.5116432095823501,-0.6178794784880618,1.129522688070412,0.19811371011549817,0.31352949946685194,3,3
13173,14,1,2,100038.0,157125.0,0.14285714285714285,10380.0,0.0,32.69219653179191,0.0,16.269776394990362,17.5,43442.057813691805,0.048962213943587,13.48747591522158,0.9633911368015414,9.63757225433526,15.13728323699422,0.004302703812169091,-0.6836510958470149,0.687953799659184,0.7352637807322491,-0.7309610769200799,3,3
13175,107,1,4,440636.0,883837.0,0.037383177570093455,47405.0,0.47083640966142815,28.72610062229722,0.46153846153846156,17.68126177755511,19.2,41464.23904922714,0.0535104364326375,22.57145870688746,0.21094821221390148,9.29513764370847,18.644383503849806,0.32652857454753575,-0.3827910391038298,0.7093196136513655,-0.3209295174581798,0.6474580920057156,3,3
13177,85,2,1,107337.0,113209.0,0.011764705882352941,29502.0,0.4270218968205545,25.8061894108874,0.0,15.097850866788692,9.0,73431.55627122843,0.0668629100084104,28.811605992814048,0.6779201410073893,3.6382957087655075,3.837333062165277,-0.5569261785114549,-0.6916647895099217,0.13473861099846685,0.3918795241445388,-0.9488057026559937,3,3
13179,89,1,7,9068248.0,7642476.0,0.07865168539325842,61349.0,0.674077817079333,29.438310322906652,0.0,14.65139060801317,16.2,50883.78640174456,0.0985413290113452,14.50716393095242,0.1630018419208137,147.8141126994735,124.57376648356126,0.41663504105654586,0.3266417575876612,0.08999328346888469,-0.4092227220901969,0.8258577631467428,3,3
13181,14,1,1,89335.0,152549.0,0.07142857142857142,7856.0,0.0,31.341802443991853,0.0,17.787031151603866,15.1,42123.51197071536,0.0340675477239353,17.820773930753564,1.2729124236252545,11.371563136456212,19.418151731160897,-0.24120033070369648,-0.4600604363900436,0.21886010568634715,1.0551990424290045,-1.296399373132701,3,3
13183,11,1,0,,,0.0,18692.0,0.0,32.52108923603681,0.0,16.474378431093516,15.1,57877.16700621288,0.1201612903225806,5.884870532848278,0.5349882302589343,,,-0.15442819624741455,-2.4756951771809974,2.321266980933583,0.19729797088809406,-0.35172616713550864,3,1
13185,185,1,6,7739357.0,7470852.0,0.032432432432432434,115364.0,0.5560400124822301,29.749911584203044,0.2,15.411063429700773,19.5,44984.24768630493,0.0652309856953021,16.03619846745952,0.08668215387815957,67.08641343920114,64.7589542664956,0.5125160117989925,0.08364674036970919,0.4288692714292833,-0.5575652987306184,1.070081310529611,3,3
13187,78,1,4,346418.0,608334.0,0.05128205128205128,32402.0,0.0,36.069974075674345,0.0,15.507366189988272,15.1,54893.48007053869,0.0440327968417856,24.072588111844947,0.3086229245108327,10.691253626319362,18.77458181593729,0.10669938913060413,-0.3187374789278934,0.4254368680584975,-0.1513953352174908,0.25809472434809494,3,3
13189,35,0,4,377054.0,2069487.0,0.11428571428571428,21455.0,0.0,32.373824283383826,0.4,18.408683874900955,19.1,46072.78995377825,0.0702696777022582,16.31321370309951,0.0,17.574178513167094,96.45709624796085,0.07830401275017347,-0.12388203735105607,0.20218605010122953,-0.7392454361446669,0.8175494488948404,3,3
13191,33,0,0,,,0.0,14174.0,0.2974460279384789,31.71906307323268,0.0,16.635428614787635,18.7,52470.4930954228,0.0603808639108221,23.282065754197827,0.0,,,0.32829529950264574,-0.36718896239410626,0.695484261896752,-0.7392454361446669,1.0675407356473126,3,1
13193,21,0,0,,,0.0,13305.0,0.0,27.05139421270199,1.0,20.626266472303644,31.6,34088.225768460994,0.1171531387445022,15.783540022547916,0.0,,,0.44782862100947113,-0.9850461320225212,1.4328747530319923,-0.7392454361446669,1.187074057154138,3,1
13195,30,2,0,,,0.0,29218.0,0.15244027654185777,26.42190430556506,0.16666666666666666,16.750577734341842,13.0,55646.026331401445,0.0734263207342632,10.26764323362311,0.6845095489082073,,,-0.5657870619176363,-1.651624098006404,1.0858370360887677,0.40044551875528545,-0.9662325806729217,3,1
13197,17,1,0,,,0.0,8432.0,0.0,20.170445920303607,0.0,16.449994016959202,24.2,47318.201019290565,0.0667053364269141,20.161290322580644,1.1859582542694498,,,-0.5090735759083045,-0.5973165567125139,0.08824298080420945,0.969947026321797,-1.4790206022301016,3,1
13199,41,1,1,110136.0,1010777.0,0.024390243902439025,21106.0,0.3658201459300673,30.253074954989103,0.5,18.684415669667395,15.9,39345.45035138958,0.0616207417742123,19.425755709276984,0.473798919738463,5.218231782431536,47.89050506964844,0.12406919711408813,-0.4048864158263501,0.5289556129404382,0.10839259180127321,0.015676605312814923,3,3
13201,6,0,0,,,0.0,5787.0,0.0,26.065768100915843,0.0,17.392303023500947,21.1,47211.14866387207,0.0704980842911877,10.368066355624675,0.0,,,-0.26405990138259744,-1.636780646272268,1.3727207448896706,-0.7392454361446669,0.47518553476206943,3,1
13205,43,2,0,,,0.0,22244.0,0.29603488581190435,30.447837619133246,0.8,19.96064428128934,23.8,40400.07504090852,0.132237462045859,19.331055565545764,0.8991188635137565,,,0.5437773657096242,-0.6642716070966194,1.2080489728062436,0.6625229605913457,-0.11874559488172154,3,1
13207,36,0,0,,,0.0,27171.0,0.19693791174413897,28.183158514592762,0.0,16.063969631886938,11.7,58035.095728562956,0.0697808061735489,13.249420337860219,0.0,,,-0.46710375239853597,-1.2588657029122932,0.7917619505137572,-0.7392454361446669,0.2721416837461309,3,1
13209,16,0,0,,,0.0,9058.0,0.24232722455288144,28.201103996467207,0.0,16.541352336718923,20.7,44512.58136787686,0.0775659441107338,17.66394347538088,0.0,,,0.13146102369317078,-0.8073958286666757,0.9388568523598465,-0.7392454361446669,0.8707064598378377,3,1
13211,51,2,5,646081.0,1176499.0,0.09803921568627451,18507.0,0.5209380234505863,21.794693899605555,0.0,15.79209227638191,11.2,70143.67105827591,0.0387596899224806,27.55714054141676,1.080672178094775,34.910088074782514,63.57048684281623,-0.6162955721058668,0.22545278961021356,-0.8417483617160804,0.8620627506535957,-1.4783583227594626,3,3
13213,25,2,1,95911.0,13111.0,0.04,39724.0,0.2868291209344477,23.545206927801832,0.0,16.23431609105327,14.4,50911.34443383249,0.0654619116157577,6.293424629946632,0.5034739703957305,2.4144345987312454,0.33005236129292115,-0.546486180969423,-1.7863699937472421,1.2398838127778191,0.1519609574354402,-0.6984471384048632,3,3
13215,362,2,11,3282035.0,-1124369.0,0.03038674033149171,195739.0,0.9677683037105533,31.269109375239474,0.39622641509433965,15.968393782894568,20.7,49188.96742833673,0.0915138901880086,18.49401498934806,0.10217687839418817,16.76740455402347,-5.744225729159749,1.1438128939031948,-1.2797846895702891,2.4235975834734838,-0.5266226575490748,1.6704355514522695,3,3
13217,127,0,4,335018.0,340692.0,0.031496062992125984,108079.0,0.6819178563828311,31.525826478779415,0.3076923076923077,17.177081273494387,11.8,59690.69750246103,0.0663170940985794,11.750663866245986,0.0,3.099751107985825,3.1522497432433685,0.3108111470853984,-1.2213489875995605,1.532160134684959,-0.7392454361446669,1.0500565832300652,3,3
13219,83,1,3,526564.0,188053.0,0.03614457831325301,38132.0,0.19529529004510648,25.750710689184935,0.0,12.497687947209693,7.5,96189.191154305,0.0301742015761094,21.766495332004617,0.26224693171089897,13.808979334941782,4.931632224902969,-0.9036112127931787,-0.544717893758484,-0.3588933190346947,-0.23025307082929455,-0.6733581419638841,3,3
13221,23,0,1,11760.0,31664.0,0.043478260869565216,14931.0,0.0,27.85877034358047,0.0,16.211292065233405,13.1,49943.63353782164,0.0522029954922204,15.404192619382492,0.0,0.7876230661040787,2.1206885004353357,-0.6192664550368762,-1.3195297751656254,0.7002633201287493,-0.7392454361446669,0.1199789811077907,3,3
13223,180,1,11,2028225.0,1806797.0,0.06111111111111111,159825.0,0.7095698420147036,29.487661504770845,0.0,14.445450831709682,7.7,72467.0251481508,0.041379988205229,11.262318160488032,0.06256843422493352,12.69028625058658,11.30484592523072,-0.05883109435208974,-0.7709639206583047,0.7121328263062149,-0.6066085707709633,0.5477774764188735,3,3
13225,74,1,1,122612.0,421160.0,0.013513513513513514,27145.0,0.3887272057469147,31.828263031865905,0.6666666666666666,19.11260328911402,17.3,49430.63017126168,0.096590425984185,27.26100571007552,0.3683919690550746,4.5169276109780805,15.515196168723522,0.3500591111716602,-0.4533128923150786,0.8033720034867389,-0.053788155394701075,0.4038472665663613,3,3
13227,69,0,1,367962.0,39187.0,0.014492753623188406,31387.0,0.20999139771242872,23.847541975977318,0.0,15.212605664733807,10.1,71683.74108226688,0.048993288590604,21.983623793290214,0.0,11.7233886640966,1.2485105298371937,-0.8693922883828064,-0.7545415594213979,-0.11485072896140847,-0.7392454361446669,-0.1301468522381395,3,3
13229,31,1,2,98075.0,61984.0,0.06451612903225806,19250.0,0.16348051948051948,30.99233766233766,0.0,16.80612256197403,16.2,45369.000211224906,0.0647883827727442,16.103896103896105,0.5194805194805195,5.094805194805195,3.219948051948052,-0.02266824638666039,-0.9660134901758294,0.943345243789169,0.1751057994649846,-0.19777404585164501,3,3
13231,40,0,1,6703.0,0.0,0.025,18327.0,0.0,23.737731216238334,0.0,14.734739944180717,11.2,68765.7694538793,0.0550588235294117,21.825721612920827,0.0,0.36574452992852075,0.0,-1.0381880514988289,-1.4080360278382589,0.36984797633943,-0.7392454361446669,-0.298942615354162,3,3
13233,60,2,3,146641.0,287215.0,0.05,41908.0,0.2691848811682734,31.820649995227644,0.5714285714285714,18.827359793977283,17.3,47581.06224843699,0.0493762722480296,14.317075498711464,0.47723584995704876,3.4991171136775794,6.853464732270688,0.21987726873602279,-0.9792707578657313,1.199148026601754,0.11348332861268322,0.10639394012333957,3,3
13235,15,0,1,440.0,45057.0,0.06666666666666667,11216.0,0.0,36.72436697574893,1.0,19.628970176800998,23.0,47853.462796383086,0.0574419198366096,13.373751783166904,0.0,0.039229671897289584,4.017207560627675,0.6358965182045818,-1.4256027374562745,2.0614992556608565,-0.7392454361446669,1.3751419543492487,3,3
13237,41,3,2,282605.0,88533.0,0.04878048780487805,21691.0,0.31847309944216495,30.23124798303444,0.0,17.524122677423815,15.6,54698.45399730101,0.0416582610449868,18.901848693006315,1.383062099488267,13.02867548752939,4.081554561799825,0.05285639785296633,-0.6606896535687616,0.713546051421728,1.1586269482397442,-1.1057705503867779,3,3
13239,5,1,1,66482.0,59064.0,0.2,2289.0,0.0,40.3,1.0,19.478958,23.7,28265.001603418714,0.0662857142857142,21.8435998252512,4.36871996505024,29.04412407164701,25.80340760157274,0.9416166381985548,-0.10311100310999895,1.0447276413085538,2.9337104618505383,-1.9920938236519836,3,3
13241,47,3,4,1166630.0,5309446.0,0.0851063829787234,16645.0,0.0,34.76463202162812,0.0,16.07088596293181,13.0,45046.78322065831,0.0423544067268763,28.236707720036048,1.8023430459597476,70.08891559026735,318.9814358666266,-0.11722110932694092,0.6900535269582154,-0.8072746362851564,1.512832739586024,-1.6300538489129648,3,3
13243,13,0,0,,,0.0,6973.0,0.761938907213538,24.376193890721357,1.0,19.15073658023806,26.7,33598.540736744646,0.0770119368502117,18.643338591710886,0.0,,,0.7787987778252412,-0.72183722295938,1.5006360007846213,-0.7392454361446669,1.5180442139699082,3,1
13245,395,2,10,1815406.0,1964016.0,0.02531645569620253,201852.0,0.9232209737827716,35.09904583556269,0.425531914893617,17.677035701484257,22.2,45288.44596358326,0.0898177016876185,19.56879297703268,0.09908249608624141,8.993747894496957,9.729980381665776,1.4686549151150092,-0.5783901516142307,2.0470450667292397,-0.5327671653122121,2.001422080427221,3,3
13247,230,4,8,950122.0,606396.0,0.034782608695652174,89717.0,0.7813234949898012,28.20430130298606,0.13333333333333333,16.348703893297813,13.0,63795.78435925184,0.0670808592585799,25.63616705863995,0.4458463836285208,10.590211442647435,6.758986591170013,0.24727026382835846,-0.4617260174338181,0.7089962812621765,0.06654326719698082,0.18072699663137765,3,3
13249,10,0,1,11500.0,73291.0,0.1,5221.0,0.0,34.579065313158395,0.5,17.03431935950967,15.3,47111.515778631074,0.0969428801287208,19.15341888527102,0.0,2.202643171806167,14.037732235203984,0.009176453524480191,-0.7807813277452426,0.7899577812697227,-0.7392454361446669,0.748421889669147,3,3
13251,26,1,0,,,0.0,13989.0,0.18578883408392308,29.47812567016942,0.2,17.88063267031239,22.5,42229.50440182279,0.0824811399832355,18.586031882193154,0.714847380084352,,,0.27372461396019193,-0.7267247243322358,1.0004493382924278,0.43945618376994516,-0.16573156980975323,3,1
13253,15,0,0,,,0.0,8321.0,0.3856507631294316,30.410888114409325,0.3333333333333333,17.931520827064055,22.3,35355.895244505875,0.0675675675675675,18.026679485638745,0.0,,,0.5468925615602073,-0.7751952842000106,1.3220878457602179,-0.7392454361446669,1.2861379977048741,3,1
13255,101,1,2,175098.0,79633.0,0.019801980198019802,65306.0,0.6180442838330322,30.826593268612378,0.3333333333333333,17.635324057391358,16.3,49934.094219021965,0.0492647581160758,15.465653998101246,0.15312528710991333,2.6811931522371606,1.2193825988423728,0.46411628453189985,-1.2198432338076115,1.6839595183395113,-0.42786202977653487,0.8919783143084348,3,3
13257,49,0,0,,,0.0,25750.0,0.2457864077669903,29.72903300970874,0.2,17.424846066446605,15.6,49990.27020750891,0.0827586206896551,19.02912621359223,0.0,,,-0.06291202438110455,-0.6893011416092465,0.626389117228142,-0.7392454361446669,0.6763334117635623,3,1
13259,20,0,0,,,0.0,6293.0,0.7174638487208009,30.240934371523917,1.0,19.847641525027807,32.5,31513.669616861484,0.0906307409675444,31.781344350866043,0.0,,,1.515276000287197,0.13487566152669078,1.3804003387605062,-0.7392454361446669,2.254521436431864,3,1
13261,92,0,2,301619.0,283452.0,0.021739130434782608,30064.0,0.2846261309207025,31.634822378924962,0.625,19.25642410158329,26.3,38879.083654516886,0.0848311124883793,30.601383714741882,0.0,10.032563863757318,9.428286322511974,0.770975214976644,-0.32218124787313,1.093156462849774,-0.7392454361446669,1.510220651121311,3,3
13263,17,0,0,,,0.0,6321.0,0.3717766176237937,24.796298054105364,0.3333333333333333,18.64926777804145,27.3,40859.022267603694,0.0498899486426999,26.894478721721246,0.0,,,0.42318604246085184,-0.13517725978708434,0.5583633022479362,-0.7392454361446669,1.1624314786055188,3,1
13265,5,1,1,53955.0,148191.0,0.2,1611.0,1.0,26.399999999999995,1.0,19.663915,24.5,39689.925752488736,0.0728682170542635,31.03662321539417,6.207324643078833,33.49162011173184,91.98696461824953,1.0518818897264854,0.34870193231812524,0.7031799574083601,3.577363191665319,-2.525481301938833,3,3
13267,20,0,1,24322.0,,0.05,25382.0,0.16795366795366795,20.97485619730518,0.0,16.54763271731936,25.7,43170.717190056785,0.046058140925948,7.87959971633441,0.0,0.9582381215034276,,-0.17643205082373004,-1.8122577426461501,1.63582569182242,-0.7392454361446669,0.5628133853209368,3,2
13269,20,1,1,60242.0,125641.0,0.05,8116.0,0.0,37.62897979300148,1.0,20.768446390832924,26.6,35859.35929226617,0.1046073601854535,24.642681123706257,1.2321340561853131,7.422621981271562,15.48065549531789,0.9216692838005276,-0.41345514981931153,1.3351244336198391,1.0156326475863129,-0.09396336378578529,3,3
13271,15,0,0,,,0.0,16035.0,0.9019644527595884,30.171817898347363,0.3333333333333333,17.886906841596506,30.1,34346.84730036312,0.0197789412449098,9.354536950420954,0.0,,,1.564106589007238,-1.7929991147266302,3.3571057037338683,-0.7392454361446669,2.303352025151905,3,1
13273,19,1,2,431241.0,42931.0,0.10526315789473684,8737.0,0.32368089733318073,34.931578344969665,0.5,18.52849603273435,28.1,36851.44844743172,0.075227335354092,21.746594941055285,1.1445576284765937,49.358017626187475,4.913700354812865,1.1655044224508007,-0.2725109322779384,1.438015354728739,0.9281577777478581,0.23734664470294253,3,3
13275,110,1,3,469761.0,1745347.0,0.02727272727272727,44630.0,0.5978489805063858,33.45396818283666,0.18181818181818182,17.68936165249832,18.4,46361.089366390464,0.0739931610942249,24.64709836432893,0.22406453058480844,10.525677795205018,39.10703562626036,0.7634141051702693,-0.17717435125596012,0.9405884564262295,-0.2973845024197205,1.0607986075899898,3,3
13277,68,1,3,360657.0,890245.0,0.04411764705882353,40541.0,0.4638267432969093,26.01865765521324,0.3333333333333333,18.020378993981403,19.2,48373.885633120575,0.026884276131622,16.773143237709974,0.2466638711427937,8.896105177474656,21.959127796551638,0.11971373914505025,-0.5199301886014623,0.6396439277465126,-0.2574022799233113,0.3771160190683615,3,3
13279,56,1,0,,,0.0,26972.0,0.27725048198131397,27.52766572742103,0.0,17.69285017540412,22.8,42582.459197410535,0.0904749500738039,20.76227198576301,0.3707548568886252,,,0.2476503619924534,-0.5504690702224196,0.798119432214873,-0.050017542382400255,0.2976679043748537,3,1
13281,30,1,0,,,0.0,11617.0,0.0,28.82264784367737,0.0,14.680757325471292,11.6,51108.49035569231,0.0429156782402415,25.82422312128777,0.8608074373762589,,,-0.6396821715823268,-0.2006257397195275,-0.4390564318627993,0.6179831795578098,-1.2576653511401366,3,1
13283,9,0,0,,,0.0,6795.0,0.7286239882266372,18.904459161147905,0.5,18.41786245459897,24.0,34173.019713346934,0.0880925718551698,13.245033112582782,0.0,,,0.17565525276820626,-1.259380839097408,1.4350360918656142,-0.7392454361446669,0.9149006889128731,3,1
13285,130,4,2,2770071.0,1163216.0,0.015384615384615385,69919.0,0.34713025071868875,31.718228235529683,0.5714285714285714,18.650668927501822,18.1,48384.48487623133,0.0645130731337627,18.59294326291852,0.5720905619359544,39.618286874812284,16.63662237732233,0.34557207882891045,-0.19957717973397157,0.545149258562882,0.24949594418981513,0.09607613463909531,3,3
13287,15,1,1,68029.0,85470.0,0.06666666666666667,7943.0,0.5992697973058039,27.601825506735487,0.5,19.28463048180788,23.9,39258.53655788149,0.0617433414043583,18.884552436107263,1.258970162407151,8.564648117839607,10.760417978093919,0.6692589954044715,-0.5899223106396745,1.259181306044146,1.0417515906271375,-0.372492595222666,3,3
13289,11,0,0,,,0.0,8229.0,0.0,33.81344027220805,0.5,19.265148947624255,21.3,36969.10004596097,0.0606748864373783,13.36735933892332,0.0,,,0.3181936112690693,-1.2450767403032976,1.563270351572367,-0.7392454361446669,1.057439047413736,3,1
13291,56,0,2,532336.0,191267.0,0.03571428571428571,23288.0,0.0,32.45009876331158,0.0,14.67098046405874,10.7,53018.47396424822,0.0488505747126436,24.046719340432844,0.0,22.85881140501546,8.213114050154585,-0.4275764778075914,-0.3027466066132007,-0.1248298711943907,-0.7392454361446669,0.3116689583370755,3,3
13293,43,1,0,,,0.0,26236.0,0.4732428723890837,30.2667975301113,0.5714285714285714,18.899963700983385,17.5,39895.55106883715,0.0577981651376146,16.389693550846165,0.38115566397316664,,,0.3389863007395464,-0.9256942403810572,1.2646805411206037,-0.0334972069614866,0.372483507701033,3,1
13295,80,0,2,3187.0,3911.0,0.025,69039.0,0.5107113370703515,30.30705398398007,0.3076923076923077,17.359309205709813,15.1,48922.92642625708,0.0587790587790587,11.587653355349875,0.0,0.04616231405437506,0.0566491403409667,0.23643524501019453,-1.7891393963159914,2.0255746413261857,-0.7392454361446669,0.9756806811548614,3,3
13297,141,0,4,1101075.0,489977.0,0.028368794326241134,91442.0,0.509940727455655,32.93206185341527,0.0,15.67327895121498,10.1,65290.277637866624,0.0512385092605171,15.419610244745304,0.0,12.041239255484351,5.358336431836574,0.12428822374164883,-0.7423594914897502,0.866647715231399,-0.7392454361446669,0.8635336598863157,3,3
13299,64,1,2,254347.0,121576.0,0.03125,35593.0,0.9019470120529317,32.35746073666171,0.2222222222222222,17.429073526451834,19.9,39078.349424998865,0.0528041046105608,17.98106369229905,0.28095412019217264,7.145983760851853,3.415727811648358,1.1038092949262297,-0.8347057849599538,1.9385150798861837,-0.198100202593121,1.3019094975193508,3,3
13301,16,0,0,,,0.0,5297.0,0.0,30.110175571077963,0.5,19.562904566358316,24.2,39432.36414489768,0.0481548154815481,30.205776854823483,0.0,,,0.22229352116608178,0.052476140873148065,0.16981738029293372,-0.7392454361446669,0.9615389573107487,3,1
13303,46,0,4,532867.0,9504775.0,0.08695652173913043,20436.0,0.5895967899784693,24.926017811704835,0.2,18.051741556762575,21.6,40349.19867397696,0.0614932242393249,22.509297318457623,0.0,26.07491681346643,465.09957917400664,0.3218323907139054,0.4232236238381064,-0.10139123312420101,-0.7392454361446669,1.0610778268585723,3,3
13305,36,2,0,,,0.0,29788.0,0.5410903719618638,22.368181818181817,0.0,17.169670617396267,19.7,48208.53744059299,0.0614577961148358,12.085403518195246,0.6714113065664025,,,-0.03466473046064541,-1.4014258531605486,1.3667611226999032,0.38338518288303347,-0.41804991334367886,3,1
13307,5,0,0,,,0.0,2610.0,0.0,33.81609195402299,0.5,17.644865235632185,20.7,39531.997030138664,0.0357142857142857,19.157088122605362,0.0,,,0.28185352388566387,-0.6786475135155327,0.9605010374011965,-0.7392454361446669,1.0210989600303306,3,1
13309,10,1,1,69091.0,101098.0,0.1,7928.0,0.0,34.97855701311806,0.0,17.053901818995964,36.3,32001.234799955662,0.1338664812239221,12.613521695257317,1.2613521695257317,8.714808274470233,12.752018163471242,1.3173030760296645,-0.7684884881716282,2.0857915642012927,1.0440549290447951,0.2732481469848693,3,3
13311,43,0,3,346488.0,543568.0,0.06976744186046512,29489.0,0.0,28.940398114551186,0.0,14.506864833802434,10.8,55638.606861223925,0.0338277584380202,14.581708433653226,0.0,11.749737190138696,18.432907185730272,-0.6797316835987335,-0.567892403063716,-0.11183928053501746,-0.7392454361446669,0.059513752545933385,3,3
13313,140,1,5,641965.0,1209375.0,0.03571428571428571,104237.0,0.6141197463472663,24.654332914416187,0.05555555555555555,16.691234220967605,15.5,51536.69977736633,0.0531291584738525,13.430931435095022,0.09593522453639303,6.158705641950555,11.602166217370032,-0.04300878101712722,-0.8204542276679326,0.7774454466508054,-0.5390344661692479,0.49602568515212064,3,3
13315,19,0,0,,,0.0,8824.0,0.1664777878513146,26.086106074342705,0.25,18.859791870013595,28.4,39179.042234550914,0.0671880554568076,21.532184950135992,0.0,,,0.36246270836667266,-0.49230852841025535,0.854771236776928,-0.7392454361446669,1.1017081445113395,3,1
13317,25,2,1,74136.0,89346.0,0.04,9844.0,0.34670865501828524,34.016974806989026,0.0,17.67069539353921,17.8,40105.416082429874,0.0303317535545023,25.39618041446566,2.031694433157253,7.531084924827306,9.076188541243397,0.4959895230484646,-0.4863694738511872,0.9823589968996518,1.6847581613423437,-1.1887686382938791,3,3
13319,17,1,2,117330.0,400859.0,0.11764705882352941,9010.0,0.5304106548279689,33.1483795782464,1.0,19.380468952164264,20.6,41332.80843465392,0.080033698399326,18.867924528301888,1.109877913429523,13.02219755826859,44.49045504994451,0.8017667694846894,-0.2522437303600135,1.0540104998447029,0.8925268400464711,-0.0907600705617817,3,3
13321,27,0,2,170027.0,1062886.0,0.07407407407407407,20494.0,0.0,27.867092807651016,0.2,17.932611678247287,21.4,48118.44387415167,0.0705337403937256,13.174587684200255,0.0,8.296428222894505,51.86327705669952,-0.1132505058785203,-0.5042309401411457,0.39098043426262535,-0.7392454361446669,0.6259949302661466,3,3
15001,457,15,21,5414263.0,10853328.0,0.045951859956236324,199459.0,0.5507949002050547,32.19531733338681,0.17647058823529413,13.626775593515461,16.5,66148.81632983682,0.0615892628887942,22.91197689750776,0.7520342526534275,27.144741525827364,54.41382940855013,0.5040860540267712,0.04348789992935385,0.46059815409741733,0.48634306636192065,0.01774298766485055,3,3
15003,1961,14,49,29550590.0,61102977.0,0.024987251402345742,984821.0,0.727268204069572,32.60075546723719,0.20491803278688525,14.455159564657944,9.1,91001.92157590733,0.0398011675389893,19.912248012583,0.14215781345036307,30.006051861201172,62.04475432591303,0.2746703364906991,0.014461981027873308,0.2602083554628258,-0.4487481467784639,0.723418483269163,3,3
15007,168,3,6,1871293.0,2740693.0,0.03571428571428571,71769.0,0.5826053031253048,27.629107274728643,0.0,12.448642516044533,9.4,88560.91588750317,0.0380708651030261,23.408435396898383,0.418007774944614,26.073834106647716,38.18769942454263,-0.22973715383873075,-0.018443194621450065,-0.2112939592172807,0.02405251996901302,-0.25378967380774375,3,3
15009,341,4,14,2028035.0,7712979.0,0.04105571847507331,165979.0,0.8100241596828515,29.163383922062433,0.0,11.946731030172492,9.4,85798.7531328435,0.0399298880470428,20.54476771157797,0.24099434265780612,12.218624042800595,46.46960760096157,0.1297491383494462,-0.21228112100694962,0.34203025935639586,-0.2673641538850175,0.3971132922344637,3,3
16001,916,17,46,36059683.0,17761160.0,0.05021834061135371,456849.0,0.922488612211037,29.091056563547255,0.2033898305084746,14.614354340946353,8.0,70265.56235404946,0.0388119709413833,20.050388640447938,0.3721141996589683,78.93129458530062,38.877528461264006,0.16112550435279313,0.1439905308646441,0.01713497348814902,-0.047851295241100364,0.20897679959389348,3,3
16003,20,1,0,,,0.0,4097.0,0.39956065413717357,24.503734439834027,0.0,14.874906340493043,12.2,51783.662141846646,0.0859965136548518,48.816206980717595,2.44081034903588,,,-0.4876833262692734,0.8349400396916719,-1.3226233659609452,1.961412468770166,-2.4490957950394394,3,1
16005,155,2,3,267293.0,105956.0,0.01935483870967742,85765.0,0.9246196000699586,27.520897802133742,0.18181818181818182,14.528915697790472,11.9,54834.12430911853,0.0553335846211835,18.072640354456947,0.2331953594123477,3.1165743601702327,1.2354223750947355,0.2853823955444234,-1.1115817105089898,1.3969641060534133,-0.2811422906427397,0.5665246861871631,3,3
16007,13,0,0,,,0.0,6000.0,0.42766666666666664,24.249100000000002,0.0,13.960145842333334,10.1,57412.920157962326,0.0300187617260788,21.666666666666664,0.0,,,-0.6038167658648199,-0.4823537963625571,-0.12146296950226282,-0.7392454361446669,0.13542867027984695,3,1
16009,43,4,0,,,0.0,9138.0,1.0,23.745655504486756,1.0,17.95201806653535,13.0,50405.76053745004,0.0802958267300581,47.0562486320858,4.377325454147516,,,0.1563167705725068,0.774769878860482,-0.6184531082879752,2.9372108083723045,-2.780894037799798,3,1
16011,87,3,6,834226.0,639164.0,0.06896551724137931,45839.0,0.743297192347128,23.421726041144005,0.25,15.072076634176138,11.1,58796.12138391431,0.0480968691205557,18.979471628962237,0.6544645389297323,18.199044481773164,13.94367241868278,-0.26155981479776563,-0.3869444722432172,0.12538465744545157,0.3611126986235234,-0.622672513421289,3,3
16013,114,3,10,1419260.0,14677695.0,0.08771929824561403,22373.0,0.23926160997631074,26.732610736155184,0.0,14.647458218298844,6.9,60091.34889204712,0.0201923841322839,50.954275242479774,1.340901980065257,63.43628480758056,656.0450096097975,-0.8202246381745568,1.123135337643499,-1.9433599758180558,1.1196156110232016,-1.9398402491977584,3,3
16015,27,1,0,,,0.0,7378.0,1.0,26.6,0.0,15.01412,10.1,63220.24545833849,0.0536287732819524,36.59528327460016,1.355380862022228,,,0.18975315912186005,0.3640907972456824,-0.17433763812382233,1.1330917728840761,-0.9433386137622161,3,1
16017,128,10,5,677366.0,520131.0,0.0390625,43611.0,0.19930751415927175,29.328052555547906,0.3333333333333333,15.378809485382128,10.5,53267.556177350685,0.0341496885886202,29.350393249409553,2.2929994726101213,15.531998807640274,11.92660108688175,-0.453363241795026,-0.2142817607156349,-0.23908148107939112,1.8654504508513812,-2.3188136926464074,3,3
16019,178,3,5,453244.0,1241037.0,0.028089887640449437,114392.0,0.8794758374711519,27.729605217148055,0.14285714285714285,12.75466374519197,10.2,64247.312115769506,0.0341823940873696,15.560528708301279,0.26225610182530246,3.962200153856913,10.84898419469893,0.14827261754060986,-0.8370341788259449,0.9853067963665547,-0.23023719330019782,0.3785098108408077,3,3
16021,53,3,0,,,0.0,11845.0,0.5768678767412411,27.003663993246096,0.0,15.604190511861546,11.5,46025.09335977991,0.0325253780816241,44.744617982270995,2.5327142254115658,,,-0.15410537207362648,0.6923006400449211,-0.8464060121185476,2.019021516942114,-2.1731268890157405,3,1
16023,11,0,0,,,0.0,2581.0,1.0,24.5,0.0,12.31876,14.6,44656.73107418296,0.048048048048048,42.619139868268114,0.0,,,0.30924877064089895,0.6127086105939078,-0.30345983995300885,-0.7392454361446669,1.0484942067855658,3,1
16025,12,0,0,,,0.0,1048.0,1.0,32.2,0.0,14.893693,8.2,42066.276057917356,0.0237623762376237,114.50381679389314,0.0,,,0.48610737165103673,2.2417629991819856,-1.755655627530949,-0.7392454361446669,1.2253528077957037,3,1
16027,336,10,7,1061379.0,2080644.0,0.020833333333333332,217633.0,0.7242651619928963,28.075076849558656,0.4827586206896552,15.924452740682709,10.1,55258.094033548245,0.0560020360817173,15.438835103132337,0.4594891399741767,4.876921238966517,9.56033322152431,-0.0006941602787563969,-0.8248846229040631,0.8241904626253067,0.0870687358045406,-0.08776289608329699,3,3
16029,17,0,1,600.0,647.0,0.058823529411764705,6953.0,0.0,18.196577017114915,0.0,15.273351134474328,9.7,62591.710341871425,0.0383623468729851,24.449877750611247,0.0,0.08629368617862793,0.09305335826262046,-1.5372451715219873,-1.3818427761791632,-0.15540239534282407,-0.7392454361446669,-0.7979997353773204,3,3
16031,69,1,0,,,0.0,23690.0,0.41599831152384975,20.746770789362603,0.16666666666666666,14.45038505677501,11.5,56107.093406718785,0.0284537267675799,29.12621359223301,0.42211903756859437,,,-0.7889221689179902,-0.006421560544386301,-0.7825006083736039,0.03037986987532891,-0.8193020387933191,3,1
16033,6,0,0,,,0.0,913.0,1.0,19.0,0.0,15.041296000000003,15.3,48919.746653323855,0.0330969267139479,65.71741511500548,0.0,,,-0.05281782110349309,1.3236285573802415,-1.3764463784837346,-0.7392454361446669,0.6864276150411738,3,1
16035,34,2,0,,,0.0,8673.0,0.33794534763057765,26.338533379453473,0.5,16.806143206848844,14.5,46546.576120828475,0.0688073394495412,39.20212152657673,2.306007148622161,,,-0.27943736760395815,0.4762420281586034,-0.7556793957625616,1.8740664524314399,-2.153503820035398,3,1
16037,26,0,0,,,0.0,4169.0,1.0,28.5,0.0,14.784327,14.6,43324.406215162555,0.036410923276983,62.36507555768769,0.0,,,0.6035694907290591,1.2373867639202976,-0.6338172731912385,-0.7392454361446669,1.342814926873726,3,1
16039,58,2,1,551690.0,40417.0,0.017241379310344827,26743.0,0.7006319410686909,29.02620872751748,0.8,17.29066965695696,11.8,49662.75359538695,0.0709067887406253,21.687918333769584,0.7478592528886063,20.629323561305764,1.5113113711999402,0.14718080732507474,-0.6226447346764418,0.7698255420015165,0.4811288878944276,-0.3339480805693529,3,3
16041,21,0,2,1088514.0,12804720.0,0.09523809523809523,13464.0,0.4928698752228164,35.5325311942959,0.0,11.587740933155079,7.1,60643.569458116835,0.0151515151515151,15.597147950089127,0.0,80.84625668449198,951.0338680926916,0.11444503207444019,0.6094939026955016,-0.49504887062106145,-0.7392454361446669,0.8536904682191071,3,3
16043,29,1,0,,,0.0,13020.0,0.7322580645161291,23.090829493087554,0.0,14.837071371889401,11.2,61544.50512253,0.0565439492689801,22.27342549923195,0.7680491551459293,,,-0.2917879472561846,-0.4381619700876771,0.14637402283149248,0.5062295685107087,-0.7980175157668933,3,1
16045,42,1,0,,,0.0,17331.0,0.6617044602157983,28.630904160175408,0.0,15.239034788413825,10.9,48218.07675939266,0.0296485108666487,24.234031504240956,0.5770007501009751,,,0.021081731794366804,-0.3028578765376084,0.32393960833197516,0.25631143746700935,-0.23522970567264254,3,1
16047,47,4,1,156321.0,196666.0,0.02127659574468085,15148.0,0.0,25.43670451544758,0.0,16.206960165830473,12.8,50032.66717995188,0.0540430719219829,31.027198310007922,2.6406126221283337,10.319580142593082,12.982968048587272,-0.8157500940004803,-0.25418428176535196,-0.5615658122351284,2.0847738532075635,-2.9005239472080437,3,3
16049,77,6,1,17054.0,526.0,0.012987012987012988,16411.0,0.5588934251416733,24.043452562305774,0.2,15.90257720614222,13.7,44003.81769856119,0.0531769008075575,46.91974894887575,3.6560843336786304,1.039181037109256,0.03205167265858266,-0.25744585542598125,-0.8990903579060943,0.641644502480113,2.6224608267161478,-2.879906682142129,3,3
16051,44,1,0,,,0.0,28534.0,0.4142777037919675,18.992363496179994,0.0,11.160503872292704,7.8,66826.1079646133,0.0449537892791127,15.420200462606013,0.35045910142286396,,,-1.145177847564007,-1.021659144232451,-0.12351870333155612,-0.082618821874401,-1.062559025689606,3,1
16053,44,4,1,51874.0,9461.0,0.022727272727272728,23730.0,0.5193004635482512,25.966093552465235,0.0,14.818561137126004,12.3,56092.25446636373,0.0357610117749672,18.541930046354825,1.685630004214075,2.186009270965023,0.3986936367467341,-0.2441576699132859,-1.2428405260386262,0.9986828561253402,1.4198597135826638,-1.6640173834959497,3,3
16055,268,6,14,2118534.0,3652939.0,0.05223880597014925,157322.0,0.7508994291961709,29.248962637139115,0.04,13.403903941718259,9.3,60672.18741451584,0.0412371134020618,17.035125411576256,0.3813834047367819,13.466228499510558,23.219505218596254,0.06584693537523924,-0.41701761735309634,0.48286455272833556,-0.03313686369989455,0.09898379907513379,3,3
16057,146,10,6,858748.0,710892.0,0.0410958904109589,39505.0,0.8032654094418428,28.525090494874064,0.0,13.824685972509808,14.3,52103.759283791085,0.0421292342727014,36.957347171244145,2.5313251487153527,21.737704088090116,17.994987976205543,0.3738255596292424,0.05350043709519534,0.32032512253404705,2.018161994580095,-1.6443364349508525,3,3
16059,41,5,0,,,0.0,7847.0,0.6817892188097362,25.94736842105263,0.0,15.131139811775201,13.0,41680.463608686296,0.0448564593301435,52.24926723588633,6.371861858034918,,,-0.0267218876288542,0.9464263050112071,-0.9731481926400612,3.6266957172918373,-3.6534176049206915,3,1
16061,15,2,0,,,0.0,3838.0,0.5583637311099531,22.890541948931734,0.3333333333333333,16.891282856175092,13.5,43666.76176763956,0.0595084087968952,39.082855653986456,5.211047420531527,,,-0.35502998123976665,0.4712718189340337,-0.8263018001738003,3.252227697259555,-3.6072576784993218,3,1
16063,25,5,0,,,0.0,5350.0,1.0,23.4,0.0,15.956213,12.1,53052.39154220261,0.0365210843373494,46.72897196261682,9.345794392523365,,,0.07608057841369749,0.7633381824334186,-0.687257604019721,4.367388628877386,-4.291308050463688,3,1
16065,42,1,4,46726.0,154633.0,0.09523809523809523,39100.0,0.7210485933503836,40.62046803069053,0.0,13.351050699130436,20.6,41506.636021670114,0.0670082175103987,10.741687979539641,0.2557544757033248,1.1950383631713555,3.9548081841432223,1.5582761795833011,-1.373784651843806,2.932060831427107,-0.2415234381279606,1.7997996177112616,3,3
16067,62,1,3,958968.0,688063.0,0.04838709677419355,20705.0,0.6302342429364888,24.775107461965707,0.4,16.77486467891814,11.2,56568.160482036095,0.0367268691353042,29.94445786042019,0.4829751267809708,46.3157691378894,33.23173146582951,-0.27848454910294496,0.21324463015932024,-0.4917291792622652,0.12195792673533158,-0.4004424758382765,3,3
16069,107,1,1,225735.0,183900.0,0.009345794392523364,40217.0,0.7915309446254072,31.435887808638135,0.1,13.824587784170873,11.0,61589.02194359512,0.0377103365384615,26.605664271328045,0.24865106795633687,5.61292488251237,4.572693139717035,0.3743350878569404,-0.6289068455240594,1.0032419333809999,-0.2539213148351695,0.6282564026921099,3,3
16071,10,1,2,53145.0,7715.0,0.2,4385.0,1.0,30.3,0.0,13.702665,10.0,57067.384832552096,0.0114613180515759,22.80501710376283,2.280501710376283,12.119726339794754,1.7594070695553021,0.4559106254352898,-0.6898601193418811,1.1457707447771708,1.8571400859006892,-1.4012294604653994,3,3
16073,28,1,1,139045.0,186030.0,0.03571428571428571,11552.0,0.3218490304709141,23.35062326869806,0.3333333333333333,16.394840935076175,11.8,46422.564976432775,0.0351008215085885,24.238227146814403,0.8656509695290858,12.036443905817174,16.103704986149584,-0.6811502219255314,-0.317859168602792,-0.3632910533227394,0.6236645121452662,-1.3048147340707976,3,3
16075,53,3,0,,,0.0,23260.0,0.4265262252794497,26.07343078245916,0.0,16.1433136627687,11.2,53609.91172982769,0.0544758257539492,22.785898538263115,1.289767841788478,,,-0.40383758004320097,-0.4017256124523062,-0.00211196759089477,1.0713465512741889,-1.47518413131739,3,1
16077,11,1,0,,,0.0,7671.0,0.3101290574892452,18.034806413766134,0.5,16.43248138091514,12.4,51748.684639581195,0.0682459108855047,14.339721027245469,1.3036110024768608,,,-1.0484619405151738,-1.1355259574975791,0.08706401698240529,1.0845196628249116,-2.1329816033400855,3,1
16079,52,2,0,,,0.0,12609.0,0.3035133634705369,26.907486715837894,1.0,17.937024494170828,15.7,41746.178915972894,0.0813528336380255,41.240383852803554,1.5861686097232137,,,-0.20183843816840433,0.558977139695225,-0.7608155778636293,1.337383003316859,-1.5392214414852634,3,1
16081,24,0,1,384430.0,160361.0,0.041666666666666664,11426.0,1.0,26.4,0.0,13.196178,6.6,78663.34267069123,0.0558828212068142,21.00472606336426,0.0,33.645195168913006,14.034745317696482,-0.03808486876668837,-0.20017629781034865,0.16209142904366028,-0.7392454361446669,0.7011605673779785,3,3
16083,197,10,6,2158018.0,22302839.0,0.030456852791878174,84869.0,0.6542435989583947,28.56114953634425,0.0,11.992458724127772,10.5,56090.13461774158,0.0329271516812074,23.2122447536792,1.1782865357197563,25.42763553240877,262.79134902025476,-0.016497557453732197,0.3279013722193336,-0.3443989296730658,0.9622633675960884,-0.9787609250498206,3,3
16085,47,3,5,1427526.0,1538311.0,0.10638297872340426,10709.0,0.45597161266224673,41.76643944345877,0.0,13.5800556976375,7.8,68338.61995651636,0.0170975813177648,43.888318236996916,2.801382015127463,133.30152208422822,143.64655896909142,0.5757521394542601,0.9228339973102625,-0.34708185785600243,2.1792159571528926,-1.6034638176986324,3,3
16087,35,0,1,42387.0,187660.0,0.02857142857142857,10057.0,0.1779854827483345,33.94501342348613,0.6666666666666666,17.081561848563187,13.5,43448.41735955825,0.0415693601120971,34.801630704981605,0.0,4.2146763448344435,18.65964005170528,0.04590973993513655,-0.301447497354078,0.3473572372892145,-0.7392454361446669,0.7851551760798035,3,3
17001,209,2,9,2750852.0,3780432.0,0.0430622009569378,66085.0,0.7655141106151169,25.429601271090267,0.0,15.2976582467277,12.2,56168.56901676108,0.044029021122228,31.625936294166603,0.3026405387001589,41.625966558220476,57.20559884996595,-0.0227486330596135,0.31861843397683903,-0.34136706703645253,-0.16140935732339587,0.13866072426378237,3,3
17003,27,0,0,,,0.0,6260.0,0.7156549520766773,23.05950479233227,0.25,19.19557117859425,25.8,39011.574193401175,0.0711444984533804,43.13099041533547,0.0,,,0.5769273187155513,0.6322246990269,-0.05529738031134879,-0.7392454361446669,1.3161727548602182,3,1
17005,30,1,5,464388.0,49632.0,0.16666666666666666,16589.0,0.5755621194767617,27.575785158840194,0.0,15.601988508107782,13.6,60722.003857136326,0.0308375800339736,18.08427271083248,0.6028090903610827,27.993730785460244,2.991862077280125,0.014448747718407018,-0.567087454747538,0.581536202465945,0.29178889785476436,-0.2773401501363573,3,3
17007,91,9,2,184242.0,239480.0,0.02197802197802198,53537.0,0.7327642564955078,25.286364570297174,0.14285714285714285,18.129676104133587,10.8,73423.07687673983,0.0617674892625755,16.997590451463473,1.6810803743205633,3.4413956702841024,4.4731680893587615,-0.15404800796174956,-0.959688124107268,0.8056401161455184,1.4161541687289974,-1.570202176690747,3,3
17009,14,0,0,,,0.0,6628.0,0.6375980687990344,21.371122510561253,0.0,14.698133330416416,13.7,65349.633399286795,0.0373460468812077,21.122510561255282,0.0,,,-0.3687356650662014,-0.523004141846662,0.15426847678046057,-0.7392454361446669,0.37050977107846544,3,1
17011,132,4,3,2118637.0,6801270.0,0.022727272727272728,33122.0,0.581697965098726,24.02047279753638,0.0,14.602706017058146,11.4,60877.81273086426,0.0499252615844544,39.85266590181752,1.2076565424793189,63.96464585471892,205.33995531670791,-0.3744609742228026,0.7745237847467467,-1.1489847589695492,0.9915339664231786,-1.3659949406459813,3,3
17013,14,0,0,,,0.0,4830.0,0.5488612836438923,29.475900621118015,0.0,15.74640585983437,9.9,66784.7709164814,0.0305973773676542,28.985507246376812,0.0,,,-0.09999295358889497,-0.014253111297905583,-0.08573984229098938,-0.7392454361446669,0.6392524825557719,3,1
17015,64,5,1,33995.0,16421.0,0.015625,14466.0,0.38462601963224113,23.540695423752247,0.0,14.457360211184847,12.9,55550.63314340476,0.0564411891426109,44.24167012304714,3.4563804783630583,2.349993087239043,1.1351444767039955,-0.5321133775370047,-0.6845079623712099,0.1523945848342052,2.526652294170115,-3.0587656717071194,3,3
17017,46,0,3,159456.0,584231.0,0.06521739130434782,12493.0,0.595293364283999,22.60852477387337,0.0,17.015308973425118,11.6,55511.41594389501,0.0647684605757196,36.82061954694629,0.0,12.763627631473625,46.76466821419995,-0.45143225346981675,0.11168388697462957,-0.5631161404444464,-0.7392454361446669,0.2878131826748501,3,3
17019,427,6,16,7201954.0,56501541.0,0.03747072599531616,199541.0,0.8389804601560582,31.476977162588145,0.0,13.74501750989521,16.2,55960.82385179052,0.0478887792097567,21.3991109596524,0.3006900837421883,36.092602522789804,283.15755158087813,0.7454471141292398,0.3740804852604065,0.3713666288688333,-0.16468420225411173,0.9101313163833515,3,3
17021,66,1,4,442710.0,3098785.0,0.06060606060606061,32931.0,0.5529136679724272,24.574628769244786,0.0,16.686964334517626,12.1,56000.04105130027,0.0326952174199065,20.041905803042724,0.3036652394400413,13.443563815250068,94.09932889982083,-0.3222729580915897,-0.07585177155381821,-0.24642118653777145,-0.15969083267434048,-0.1625821254172492,3,3
17023,37,1,1,24533.0,633158.0,0.02702702702702703,15716.0,0.5426317129040469,27.849249172817512,0.0,16.517844294858744,12.0,59918.581229342,0.0553892215568862,23.542886230593023,0.6362942224484602,1.5610206159328073,40.28747772970222,-0.09856388905369806,-0.5321250032775255,0.4335611142238275,0.33697727535787675,-0.4355411644115748,3,3
17025,33,0,0,,,0.0,13287.0,0.5621283961767141,20.094987581846915,0.0,17.523363363437948,14.9,51406.3290871042,0.0500945179584121,24.83630616391962,0.0,,,-0.4713964909249635,-0.26339956967540656,-0.20799692124955693,-0.7392454361446669,0.26784894521970337,3,1
17027,75,0,2,85697.0,71124.0,0.02666666666666667,37634.0,0.19123664771217516,24.207610139767233,0.0,14.799309949566881,7.5,70632.29616568117,0.0258472142446869,19.92878779826752,0.0,2.277116437264176,1.8898868044853059,-1.021553680463204,-1.062737760170258,0.041184079707053955,-0.7392454361446669,-0.28230824431853707,3,3
17029,114,0,4,1476921.0,1584203.0,0.03508771929824561,51353.0,0.9339863299125659,29.502040776585595,0.0,16.698684918972603,17.3,48970.62302025542,0.0565453721878302,22.199287286039766,0.0,28.76016980507468,30.849278523163203,0.7701285362266951,-0.06439081885007678,0.8345193550767719,-0.7392454361446669,1.509373972371362,3,3
17031,15965,71,446,507853154.0,2167956059.0,0.02793611024115252,5198275.0,0.6101798804542117,31.347536884831985,0.38467374810318666,18.87922380996542,13.2,68534.70595406511,0.069921534943016,30.712111229205842,0.13658377057773974,97.69647700439089,417.05297603531943,0.30515471714449105,0.8585780082606247,-0.5534232911161336,-0.459440176408101,0.764594893552592,3,3
17033,45,0,4,220652.0,3605998.0,0.08888888888888889,18972.0,0.4394897744043854,27.982479443390265,0.0,16.944300177366642,14.2,52761.97228096824,0.053250773993808,23.719165085388994,0.0,11.630402698713894,190.06947079907232,-0.06663685710626681,0.114362467962332,-0.1809993250685988,-0.7392454361446669,0.6726085790384001,3,3
17035,24,0,0,,,0.0,10836.0,0.0,19.588205980066444,0.0,16.425039321705423,11.2,59574.10582824285,0.0300197735035053,22.148394241417495,0.0,,,-1.3435108653823544,-0.44717332177733965,-0.8963375436050147,-0.7392454361446669,-0.6042654292376876,3,1
17037,304,6,18,10312295.0,8996018.0,0.05921052631578947,104366.0,0.7872583025123124,29.028251537857155,0.0,15.765705116790908,12.5,67111.22760429229,0.0632875945113413,29.12826016135523,0.5748998716056953,98.8089511910009,86.19682655270874,0.2838858792763499,0.5396726097054682,-0.25578673042911826,0.2533979540909187,0.030487925185431197,3,3
17039,57,0,0,,,0.0,15932.0,0.6054481546572935,23.93047326136078,0.0,13.021675499748932,10.8,58918.012679687854,0.0478135511773186,35.77705247301029,0.0,,,-0.391865640666174,0.3272800718285176,-0.7191457124946916,-0.7392454361446669,0.34737979547849285,3,1
17041,43,1,1,42845.0,189001.0,0.023255813953488372,19623.0,0.539418029862916,28.121744891199103,0.0,16.681434315293277,9.0,60112.5473782686,0.0390554041780199,21.913061203689548,0.5096060745044081,2.1834072262141366,9.631605768740764,-0.26467424652425725,-0.7753430503792309,0.5106688038549736,0.16085672670995518,-0.4255309732342124,3,3
17043,2593,12,129,57000025.0,76633480.0,0.049749325106054766,929060.0,0.9566712591221235,30.041136955632574,0.018518518518518517,16.173521919677952,6.6,98370.51538649594,0.0406592763183574,27.9099304673541,0.12916280972165414,61.352361526704414,82.48496329623491,0.18284859017410063,0.40349084101617216,-0.22064225084207154,-0.4737565960834601,0.6566051862575607,3,3
17045,58,0,1,136886.0,460245.0,0.017241379310344827,17407.0,1.0,27.516211868788417,0.0,17.574045708737867,13.6,56861.75951620368,0.0518056997807776,33.31992876429023,0.0,7.863847877290745,26.440225196759926,0.4702901852497816,-0.14427784144735256,0.6145680266971342,-0.7392454361446669,1.2095356213944486,3,3
17047,20,0,0,,,0.0,6455.0,0.32501936483346244,22.227823392718822,0.0,17.390542326413634,13.9,54140.93380967592,0.0530229550598124,30.98373353989156,0.0,,,-0.6324551990300759,0.09366927352819183,-0.7261244725582677,-0.7392454361446669,0.10679023711459101,3,1
17049,101,1,7,491565.0,1789677.0,0.06930693069306931,34137.0,0.627061546122975,22.256835691478454,0.0,15.819598196209391,9.8,60081.80957324745,0.0276308384918401,29.586665494917536,0.29293728212789644,14.39977150891994,52.42631162668073,-0.5524684424854716,0.03931138931425463,-0.5917798317997262,-0.1777500154582958,-0.3747184270271757,3,3
17051,51,0,2,243474.0,719909.0,0.0392156862745098,21565.0,0.7920241131463018,25.824901460700204,0.0,17.924219350104334,17.0,49445.46911161672,0.0565428109854604,23.64943194991885,0.0,11.290238812891259,33.383213540459074,0.3273644389562394,-0.21372708519058672,0.5410915241468262,-0.7392454361446669,1.0666098751009063,3,3
17053,41,1,1,71621.0,82698.0,0.024390243902439025,13270.0,0.8440090429540317,26.25889223813112,0.0,15.52790264076865,11.0,55213.57721248313,0.0451241671714112,30.89675960813866,0.7535795026375283,5.3972117558402415,6.231951770911831,0.05031367164331187,-0.507051337523802,0.557365009167114,0.48826978710037017,-0.4379561154570583,3,3
17055,89,2,1,18940.0,69667.0,0.011235955056179775,38923.0,0.597667189065591,28.93256429360532,0.08333333333333333,18.50042623723762,17.9,45331.902860337315,0.0749239054085694,22.865657837268454,0.5138350075790664,0.48660175217737583,1.7898671736505407,0.4000852748114639,-1.1725791485455133,1.572664423356977,0.1669705607537868,0.23311471405767709,3,3
17057,125,0,1,95687.0,50023.0,0.008,35092.0,0.48147725977430755,24.75521201413428,0.0,16.099859688589994,11.8,54737.67119681076,0.0637820312987094,35.62065428017782,0.0,2.7267468368859,1.425481591245868,-0.404712861241651,-0.7547784840289037,0.3500656227872527,-0.7392454361446669,0.33453257490301586,3,3
17059,20,0,0,,,0.0,5064.0,1.0,26.58153633491311,0.5,19.242114733412322,17.5,46717.22393491143,0.0471063257065948,39.494470774091624,0.0,,,0.6389953821616535,0.4883631030550845,0.150632279106569,-0.7392454361446669,1.3782408183063204,3,1
17061,37,0,3,149507.0,124159.0,0.08108108108108109,13132.0,0.17758148035333537,26.432744441060006,0.0,16.98444325601584,13.8,52874.32425794212,0.0254988913525498,28.175449284191288,0.0,11.384937557112398,9.454690831556503,-0.48901483118524497,-0.34043190280414287,-0.1485829283811021,-0.7392454361446669,0.2502306049594219,3,3
17063,112,1,7,2104114.0,2752534.0,0.0625,50666.0,0.5754944144001894,24.287095882840564,0.0,15.473140571724626,6.8,81985.14546159813,0.0416131226850102,22.105554020447638,0.19737101803971105,41.52911222516086,54.3270437768918,-0.6416725991865916,0.11623538297440351,-0.7579079821609951,-0.34557201018586414,-0.29610058900072744,3,3
17065,21,0,1,104319.0,362167.0,0.047619047619047616,8176.0,0.7278620352250489,19.159943737769083,0.0,16.070956672945208,11.3,57284.66931632234,0.0299809212319433,25.684931506849313,0.0,12.759173189823874,44.29635518590998,-0.5797007145916738,-0.0927755492043791,-0.48692516538729474,-0.7392454361446669,0.15954472155299304,3,3
17067,48,1,3,172607.0,296518.0,0.0625,17983.0,0.6221431351832286,21.276349886003448,0.0,15.75644491191681,13.0,55710.68171437697,0.0561680399210862,26.691875660345882,0.5560807429238726,9.598342879386086,16.488794973030085,-0.4350914844238784,-0.30819093748011234,-0.12690054694376607,0.22712502923780645,-0.6622165136616849,3,3
17069,12,0,0,,,0.0,3939.0,0.5001269357705002,27.501015486164,0.0,18.42964397105865,19.2,54321.120942558555,0.1358839050131926,30.464584920030465,0.0,,,0.2681467803572352,0.06629303796840427,0.20185374238883094,-0.7392454361446669,1.007392216501902,3,1
17071,24,1,1,40093.0,98349.0,0.041666666666666664,6809.0,0.0,27.117917462182405,0.0,16.74286031296813,13.2,56892.49732122484,0.05480631276901,35.247466588338966,1.46864444118079,5.8882361580261415,14.443971214568952,-0.6676893436518746,-0.27749319026121433,-0.39019615339066027,1.2357383773611157,-1.9034277210129904,3,3
17073,163,9,6,1359844.0,2564516.0,0.03680981595092025,49267.0,0.6339131670286399,26.466176142245317,0.0,13.766379908945135,9.6,63524.44373561681,0.0454545454545454,33.08502648831875,1.8267806036495018,27.601518257657254,52.053423183875616,-0.24749349063955606,0.23661555707171464,-0.4841090477112707,1.5318087015071202,-1.7793021921466763,3,3
17075,74,0,4,614808.0,997165.0,0.05405405405405406,27812.0,0.5238745865094204,25.452639148568966,0.0,17.546738484215446,12.3,55858.01119361631,0.0495946941783345,26.607219905076946,0.0,22.105853588379116,35.8537681576298,-0.2769779419601773,0.0033717801524390293,-0.28034972211261633,-0.7392454361446669,0.4622674941844896,3,3
17077,143,3,2,217469.0,178421.0,0.013986013986013986,57977.0,0.8206012729185712,33.16003587629577,0.0,16.36244466759232,20.7,39472.64126871849,0.0859309182813816,24.664953343567277,0.5174465736412716,3.750952964106456,3.077444503854977,1.1233720171867867,-0.8017501008594273,1.9251221180462141,0.1721783517753772,0.9511936654114095,3,3
17079,32,1,1,105366.0,2424272.0,0.03125,9594.0,0.28413591828225976,30.6727121117365,0.0,16.57808208338545,9.4,57507.25342164793,0.049762007788836,33.35417969564311,1.0423181154888472,10.982489055659787,252.68626224723786,-0.32942333797971374,0.33910196498514056,-0.6685253029648544,0.8214001034329567,-1.1508234414126703,3,3
17081,106,1,6,1082985.0,2959746.0,0.05660377358490566,37985.0,0.7550875345531131,27.24737396340661,0.0,17.637112151559826,15.4,52885.983425363935,0.0716593584121855,27.905752270633144,0.2632618138738976,28.5108595498223,77.91881005660129,0.2945520965874023,0.22588950122597873,0.06866259536142355,-0.22849656002038826,0.5230486566077905,3,3
17083,48,1,7,834608.0,1775295.0,0.14583333333333334,21937.0,0.35123307653735697,25.408155171627847,0.0,14.136096994757713,10.8,66804.90947839181,0.0311131811830461,21.88084058895929,0.45585084560331857,38.04567625472945,80.92697269453434,-0.5587870559186864,0.1650475926136293,-0.7238346485323157,0.0816137589646943,-0.6404008148833806,3,3
17085,113,2,3,1039700.0,2743868.0,0.02654867256637168,21588.0,0.5428942004817491,24.085834722994257,0.0,14.508550675792106,8.6,61418.37412951216,0.0378071833648393,52.34389475634612,0.9264406151565684,48.161015378914215,127.10153789142116,-0.5822247743640916,0.7719970737451831,-1.3542218481092747,0.6937409569124527,-1.2759657312765444,3,3
17087,34,0,1,856264.0,2272910.0,0.029411764705882353,12494.0,0.32095405794781495,25.27725308147911,0.0,16.23746114671042,15.2,55936.445592635806,0.0429109159347553,27.213062269889548,0.0,68.53401632783736,181.92012165839603,-0.3333260945149454,0.5607668399450266,-0.894092934459972,-0.7392454361446669,0.4059193416297215,3,3
17089,994,12,53,50085498.0,80664608.0,0.05331991951710262,531376.0,0.8601197645358466,30.226120110806654,0.12195121951219512,16.794661996802642,8.4,84151.63075343403,0.0481747891533162,18.706151576284967,0.22582879166541206,94.25622911083677,151.8032579567011,0.20137293442313176,0.3973254431894084,-0.19595250876627662,-0.29423675544473643,0.4956096898678682,3,3
17091,293,4,22,12886008.0,31224083.0,0.07508532423208192,110637.0,0.7598723754259425,27.894016468270102,0.10344827586206896,16.035598578450248,11.5,62431.6617708992,0.0518999590606274,26.48300297368873,0.36154270271247413,116.47105398736409,282.22098393846545,0.10984165780935932,0.7448986056132297,-0.6350569478038705,-0.06475487581433084,0.17459653362369015,3,3
17093,187,3,7,1743467.0,2911578.0,0.0374331550802139,126054.0,0.4825788947593888,28.37682739143542,0.0,14.465492961746554,5.1,102349.4712502689,0.0443295967389721,14.834912021831913,0.23799324099195582,13.831112063084076,23.09786282069589,-0.545015613661174,-0.4849458533521765,-0.06006976030899752,-0.27265579800597384,-0.2723598156552002,3,3
17095,126,3,2,237878.0,193171.0,0.015873015873015872,50508.0,0.7989625405876297,29.90624653520235,0.0625,16.97474737108973,16.3,46773.39992339837,0.0514930742939377,24.94654312188168,0.5939653124257543,4.709709352973786,3.8245624455531795,0.5925695948630557,-0.723190624225453,1.3157602190885087,0.27969653951885154,0.3128730553442042,3,3
17097,1565,10,73,403605624.0,600852663.0,0.04664536741214057,701473.0,0.8784771473741684,29.02360133604572,0.09803921568627451,16.002670636112864,8.2,94785.8513664426,0.0521354330793491,22.310195830773246,0.142557161857976,575.368722673574,856.5585033208691,0.12061819374786903,1.2151643647797787,-1.0945461710319098,-0.44798412806953536,0.5686023218174043,3,3
17099,370,12,24,34343100.0,67688641.0,0.06486486486486487,109737.0,0.7098152856374788,28.027309840801184,0.0,16.863317122019012,11.6,61626.11929448272,0.0580531806984495,33.716977865259665,1.093523606440854,312.95825473632414,616.8260568450021,0.07146089675963622,1.2403990885686724,-1.1689381918090362,0.8755202391283656,-0.8040593423687294,3,3
17101,37,0,1,72787.0,284315.0,0.02702702702702703,16033.0,0.3352460550115387,23.497542568452566,0.0,18.457123314725877,18.3,49430.63017126168,0.0597743214394632,23.077402856608245,0.0,4.539824112767417,17.73311295453128,-0.26001527832562826,-0.5181824224540903,0.25816714412846203,-0.7392454361446669,0.4792301578190386,3,3
17103,125,8,6,589080.0,2543873.0,0.048,34389.0,0.4461310302713077,26.13055337462561,0.0,15.356251122859055,10.1,61681.23535865859,0.0350043755469433,36.348832475500885,2.3263252784320567,17.12989618773445,73.97345081275989,-0.4453578800957585,0.25043112027044595,-0.6957890003662044,1.8874571395851436,-2.3328150196809023,3,3
17105,97,4,2,288190.0,269045.0,0.020618556701030927,36040.0,0.6867369589345172,26.08375693673696,0.0,17.402927220588236,11.1,58465.42499885912,0.0507276507276507,26.914539400665927,1.109877913429523,7.996392896781354,7.465177580466149,-0.12701627713465735,-0.4758731452862735,0.34885686815161615,0.8925268400464711,-1.0195431171811284,3,3
17107,90,0,1,18710.0,283675.0,0.011111111111111112,29003.0,0.8686342792124953,22.233117263731337,0.0,15.148315695341863,14.4,60742.142419046744,0.0560619872379216,31.031272626969624,0.0,0.6451056787228907,9.780884736061786,-0.01216924207250695,-0.7333192864155192,0.7211500443430123,-0.7392454361446669,0.72707619407216,3,3
17109,99,0,1,143599.0,330694.0,0.010101010101010102,30479.0,0.9306735785294793,33.429548213524065,0.0,17.143057669575775,19.9,47135.894037785794,0.0740968380796285,32.48138062272384,0.0,4.711407854588405,10.849896650152564,1.213842364601141,-0.41307610475184164,1.6269184693529826,-0.7392454361446669,1.953087800745808,3,3
17111,567,9,24,3460176.0,3365950.0,0.042328042328042326,307714.0,0.7394561183436568,28.86984407599264,0.0,14.94629102054505,6.3,92000.37027693933,0.0414771238023123,18.426200952832826,0.2924793802036956,11.244779243063364,10.938566331073659,-0.1571328364791204,-0.5449651160225117,0.38783227954339133,-0.17852416701250756,0.021391330533387154,3,3
17113,428,7,20,4175543.0,16143955.0,0.04672897196261682,172578.0,0.7774165884411687,27.575316668405012,0.0,11.018890791844848,11.0,71730.37775195415,0.0318901633797898,24.800380117975642,0.4056136935182932,24.195105981063634,93.54584593633024,0.07496914393297131,0.16096748600573949,-0.08599834207276817,0.004866065854021559,0.07010307807894975,3,3
17115,254,1,3,244655.0,164353.0,0.011811023622047244,105528.0,0.8611553331817148,29.003211469941625,0.029411764705882353,14.31609038816238,15.7,53504.979223031325,0.0761908547127441,24.069441285725116,0.09476157986505951,2.3183894321886136,1.5574349935562126,0.5570255633634501,-0.9821114189195521,1.539136982283002,-0.5413762050052923,1.0984017683687424,3,3
17117,142,0,6,218100.0,857368.0,0.04225352112676056,45463.0,0.47768515056199545,29.424749796537846,0.0,15.0757492661285,13.0,58464.36507454805,0.0661183313641734,31.234190440578054,0.0,4.797307700767657,18.858588302575722,0.007831121341692041,-0.3344502336771611,0.34228135501885315,-0.7392454361446669,0.7470765574863589,3,3
17119,530,1,23,4161078.0,9275500.0,0.04339622641509434,264776.0,0.8068858204671118,29.60989213523884,0.08196721311475409,15.441988809397376,11.1,64377.68280603164,0.0604731849555235,20.01691996253437,0.03776777351421579,15.715465147898602,35.03149832311085,0.26271673720063665,-0.22521802718205616,0.4879347643826928,-0.6582238971074151,0.9209406343080517,3,3
17121,112,2,5,159010.0,805482.0,0.044642857142857144,37743.0,0.7655724240256472,26.167559547465757,0.3333333333333333,18.548928924144874,16.0,50366.543337940304,0.0951930039547707,29.674376705614286,0.5298995840288265,4.212966642821185,21.34122883713536,0.2630032911264759,-0.3638215973342876,0.6268248884607635,0.190040720017704,0.07296257110877191,3,3
17123,54,4,2,520799.0,1349531.0,0.037037037037037035,11679.0,0.2183406113537118,23.770845106601588,0.0,14.473043760938438,10.2,61968.474846959725,0.0553884268271102,46.236835345491905,3.424950766332734,44.59277335388304,115.55193081599452,-0.8598932708319361,0.669722190384544,-1.52961546121648,2.51118379397714,-3.371077064809076,3,3
17125,55,1,1,386943.0,93436.0,0.01818181818181818,13621.0,0.5443065854195727,25.65352764114235,0.0,16.77658970604214,14.9,51318.355369285026,0.0660085457492264,40.378826811541,0.7341604874825637,28.407826150796563,6.859701930842082,-0.08172259002989082,-0.005801012073510137,-0.07592157795638069,0.4639325290001902,-0.545655119030081,3,3
17127,37,0,0,,,0.0,14219.0,0.7638371193473521,26.110345312609887,0.5,19.38625690435333,17.7,50326.266214119474,0.0439355385920271,26.021520500738447,0.0,,,0.36042823458624995,-0.1883664775892067,0.5487947121754566,-0.7392454361446669,1.0996736707309167,3,1
17129,31,1,1,6071.0,23186.0,0.03225806451612903,12306.0,0.3275637900211279,23.751560214529498,0.0,14.02915527645051,10.3,79159.38724827401,0.0489072290998013,25.190963757516656,0.8126117341134406,0.4933365837802698,1.8841215667154234,-0.736790599689365,-1.1135179496770533,0.3767273499876883,0.5606314109406139,-1.2974220106299788,3,3
17131,55,3,1,80914.0,360006.0,0.01818181818181818,15589.0,0.44621207261530565,26.026871511963567,0.0,13.696407217781768,9.8,63369.694786199965,0.044046712363544,35.281288087754184,1.924433895695683,5.19045480787735,23.093591635127332,-0.4711665339969149,-0.2177329143345308,-0.2534336196623841,1.606034200407491,-2.077200734404406,3,3
17133,68,2,5,462249.0,4944617.0,0.07352941176470588,34168.0,0.5714703816436432,28.363424841957386,0.0,13.265669527950127,4.9,90885.32990168914,0.0286158298054766,19.90166237415125,0.5853430110044486,13.528711074689769,144.71485015218917,-0.4617936998689145,0.0014556249256492866,-0.46324932479456377,0.267842245927474,-0.7296359457963886,3,3
17135,72,0,3,374679.0,756589.0,0.041666666666666664,28828.0,0.586825308727626,25.12413278756764,0.0,17.140768457402526,14.7,55908.887560547875,0.0456907216494845,24.975718051893992,0.0,12.997051477729984,26.244935479395032,-0.08675021959268914,-0.19894367287214496,0.11219345327945582,-0.7392454361446669,0.6524952165519777,3,3
17137,119,0,2,220655.0,582189.0,0.01680672268907563,34247.0,0.819166642333635,26.9095132420358,0.0,15.648495866674454,13.9,54519.32678872945,0.055494905385735,34.747569130142786,0.0,6.443046106228283,16.999708003620754,0.24783625917336594,-0.2393318437826858,0.48716810295605173,-0.7392454361446669,0.9870816953180328,3,3
17139,37,0,0,,,0.0,14641.0,0.2925346629328598,25.10372925346629,0.0,15.578241563281196,11.0,65138.708461382994,0.0297479685993664,25.271497848507614,0.0,,,-0.6326560084288432,-0.2354560977585536,-0.3971999106702896,-0.7392454361446669,0.10658942771582369,3,1
17141,155,9,5,1147187.0,4886755.0,0.03225806451612903,51025.0,0.3251151396374326,26.587237628613426,0.0,15.829701756295934,9.2,64640.54403517807,0.0581684099631274,30.377266046055855,1.7638412542871142,22.482841744243018,95.7717785399314,-0.5977772536966137,0.25872546444517613,-0.8565027181417899,1.4825974352296651,-2.0803746889262786,3,3
17143,441,3,11,2833923.0,3540911.0,0.024943310657596373,182770.0,0.77547737593697,29.69826831536904,0.020833333333333332,14.105171675307762,16.8,59188.29337901181,0.0746219703909793,24.128686327077748,0.16414072331345408,15.505405701154457,19.373589757618866,0.5822471753979145,-0.2349234795436175,0.817170654941532,-0.40708358015011004,0.9893307555480245,3,3
17145,58,0,1,15.0,450611.0,0.017241379310344827,21251.0,0.3066208649004753,31.532247894216745,0.0,18.047762144557908,17.0,55569.711781004095,0.0613376458357398,27.292833278433957,0.0,0.000705849136511223,21.204225683497246,0.2209814328855012,-0.7785248397377827,0.999506272623284,-0.7392454361446669,0.9602268690301681,3,3
17147,44,1,1,10829.0,19929.0,0.022727272727272728,16401.0,0.3829644533869886,26.735705139930495,0.0,13.851383212669958,6.8,75094.57751530402,0.0473556861389561,26.82763246143528,0.6097189195780744,0.6602646180110969,1.2151088348271446,-0.6702668364271333,-1.1053662324605507,0.4350993960334174,0.30119057039456076,-0.971457406821694,3,3
17149,50,0,3,157549.0,369176.0,0.06,15672.0,0.8288029606942318,26.6972179683512,0.2,18.737239976582444,15.0,50337.92538154129,0.0598703269416471,31.904032669729457,0.0,10.052896886166412,23.556406329760083,0.3096455478468869,-0.13923835237283716,0.4488839002197241,-0.7392454361446669,1.0488909839915537,3,3
17151,8,0,0,,,0.0,4203.0,0.5467523197715917,25.07351891506067,0.5,18.393720453961453,16.1,40336.479582244065,0.157037037037037,19.034023316678564,0.0,,,-0.04867739002149676,-0.6888921761681398,0.6402147861466431,-0.7392454361446669,0.6905680461231701,3,1
17153,33,0,0,,,0.0,5510.0,1.0,31.41103448275862,1.0,21.214524710344826,22.4,36715.778135614215,0.0909090909090909,59.89110707803993,0.0,,,1.2927215139340311,1.1707634851834026,0.12195802875062856,-0.7392454361446669,2.031966950078698,3,1
17155,24,2,2,280930.0,2839812.0,0.08333333333333333,5721.0,0.0,25.40122356231428,0.0,13.904671899143505,8.8,67451.46330814715,0.0258129399932953,41.95070791819612,3.4958923265163433,49.105051564411816,496.3838489774515,-1.061928779644114,0.9088393997335208,-1.9707681793776346,2.545944456895005,-3.6078732365391186,3,3
17157,82,0,4,302695.0,259994.0,0.04878048780487805,32295.0,0.4664808793930949,24.606672859575784,0.0,17.119929025855395,11.8,57040.88672477524,0.0482032039255303,25.39092738814058,0.0,9.372813128967332,8.05059606750271,-0.43190321649859825,-0.46289302666758186,0.03098981016898361,-0.7392454361446669,0.3073422196460686,3,3
17159,43,0,0,,,0.0,15766.0,0.5567043003932513,22.333883039451987,0.2,17.3320553432069,13.1,51823.939265667475,0.0559947299077733,27.27388050234682,0.0,,,-0.4221451906179991,-0.1125773512079655,-0.30956783941003363,-0.7392454361446669,0.31710024552666777,3,1
17161,1142,2,23,120572577.0,204791727.0,0.020140105078809107,143873.0,0.8147046353381107,26.435061477831148,0.0,16.21948802552251,14.8,58145.32785691468,0.0572535514421007,79.37556039006624,0.13901148929959062,838.0486748729783,1423.420148325259,0.2628905845924319,2.0840437422357,-1.821153157643268,-0.4547769385065444,0.7176675230989763,3,3
17163,512,12,16,5233274.0,2982611.0,0.03125,262338.0,0.7536308121583606,31.169697108310658,0.21666666666666667,16.230043578680938,13.4,58485.56356076953,0.0674555756851559,19.516806562526206,0.457425153809208,19.94859303646441,11.369344128566963,0.45979379670470594,-0.38799697489048396,0.8477907715951899,0.08397582606583756,0.37581797063886835,3,3
17165,79,1,2,305933.0,480232.0,0.02531645569620253,23994.0,0.5560973576727515,29.59713261648746,0.0,18.365192039926647,18.5,46732.06287526647,0.0761336070162343,32.92489789113945,0.41677085938151204,12.750395932316412,20.01467033425023,0.44044469048624896,-0.10254354352395445,0.5429882340102035,0.02214528153011383,0.41829940895613515,3,3
17167,906,3,32,12119556.0,17193761.0,0.03532008830022075,196861.0,0.7796313134648305,29.377324101777397,0.0,13.613389963771393,11.9,65622.03394723288,0.0582491245622811,46.0223203173813,0.15239178913040166,61.56402741020314,87.3396000223508,0.2647654353181963,0.6860561370059489,-0.4212907016877526,-0.42925266957312064,0.694018104891317,3,3
17169,31,0,0,,,0.0,6953.0,0.7473033223069179,21.65281173594132,0.0,16.805767842657847,13.7,55494.45715491782,0.0748321074512312,44.585071192291096,0.0,,,-0.22905374240987428,0.6864558490889661,-0.9155095914988404,-0.7392454361446669,0.5101916937347926,3,1
17171,22,0,1,48169.0,59006.0,0.045454545454545456,5005.0,1.0,21.830309690309686,0.0,17.976098751848152,11.4,60540.756799942625,0.0586558044806517,43.956043956043956,0.0,9.624175824175824,11.78941058941059,-0.08204191552899538,-0.09591875334240811,0.013876837813412729,-0.7392454361446669,0.6572035206156714,3,3
17173,51,0,1,36040.0,86218.0,0.0196078431372549,21737.0,0.5398629065648434,27.717610525831528,0.0,16.20082602153011,10.6,56126.17204431811,0.0441877521085441,23.46229930533192,0.0,1.6580024842434558,3.966416708837466,-0.19650094259601406,-0.9213310754566209,0.7248301328606068,-0.7392454361446669,0.5427444935486528,3,3
17175,21,3,0,,,0.0,5447.0,1.0,22.257462823572606,0.0,15.683772801174959,11.3,58197.26414815732,0.0293657008613938,38.55333210941803,5.507618872774004,,,-0.05670111085464961,0.4490247057765262,-0.5057258166311758,3.354169089756493,-3.410870200611143,3,1
17177,153,3,4,761295.0,1657321.0,0.026143790849673203,45093.0,0.5053112456478832,27.507934712704856,0.0,15.562393261104827,12.7,51729.606001981854,0.0701333333333333,33.92987825161333,0.6652917304237908,16.88277559709933,36.75339853192291,-0.12152065567981803,0.08185565918656883,-0.20337631486638685,0.3753686176017384,-0.4968892732815564,3,3
17179,232,2,9,1278395.0,2517444.0,0.03879310344827586,133195.0,0.710139269492098,25.41295844438605,0.0,13.030586700619393,8.9,67256.43723490948,0.0443291281785948,17.418071248920757,0.1501557866286272,9.597920342355193,18.900439205675887,-0.28496064244090874,-0.5114681391013248,0.22650749666041609,-0.4334973780591644,0.14853673561825564,3,3
17181,48,1,1,123275.0,214246.0,0.020833333333333332,16968.0,0.38077557755775576,26.143729372937297,0.0,17.767665137847715,15.9,53658.66824813711,0.0644987906476753,28.28854314002829,0.5893446487505893,7.26514615747289,12.626473361621876,-0.16208077445684863,-0.3790686716842396,0.21698789722739095,0.27335185845507637,-0.435432632911925,3,3
17183,160,0,5,1177085.0,633209.0,0.03125,77563.0,0.6700617562497583,25.496459652153735,0.0,15.775743743086265,19.5,49302.37932962168,0.0654219566840926,20.628392403594496,0.0,15.175857045240644,8.163802328429792,0.3231818717907116,-0.4723412608133171,0.7955231326040287,-0.7392454361446669,1.0624273079353785,3,3
17185,44,0,2,305167.0,583821.0,0.045454545454545456,11546.0,0.6693227091633466,29.54468214100121,0.0,17.345745656157977,14.4,53812.35727324289,0.0344335414808206,38.108435821929675,0.0,26.43053871470639,50.56478434089728,0.30970026241973564,0.2986273853989072,0.011072877020828431,-0.7392454361446669,1.0489456985644026,3,3
17187,56,1,3,493075.0,511175.0,0.05357142857142857,17146.0,0.5744780123643999,24.367257669427275,0.0,16.37080866260352,12.1,53324.7920901487,0.0773159972138379,32.66067887553948,0.5832264084917765,28.75743613670827,29.813075936078384,-0.3141487939364657,0.13696174064966973,-0.4511105345861355,0.26492239818210206,-0.5790711921185678,3,3
17189,33,0,2,313475.0,155501.0,0.06060606060606061,14058.0,0.4924598093612178,21.254787309716882,0.0,16.179514958671216,8.7,65464.105224882805,0.0470446320868516,23.474178403755868,0.0,22.298691136719306,11.06138853321952,-0.8391313780102004,-0.2706178662315739,-0.5685135117786265,-0.7392454361446669,-0.09988594186553357,3,3
17191,39,1,3,283671.0,476746.0,0.07692307692307693,16402.0,0.7962443604438483,24.76644311669309,0.0,18.402492408852577,12.7,53262.25655579532,0.0289855072463768,23.777588099012313,0.6096817461285209,17.294903060602365,29.066333373978782,-0.007776624244987114,-0.14708149145889837,0.13930486721391125,0.30114009939630043,-0.3089167236412875,3,3
17193,35,0,0,,,0.0,13868.0,0.39839919238534754,26.641411883472742,0.0,18.431436893351602,14.9,52243.669292852894,0.0659012268008807,25.237957888664553,0.0,,,-0.1672436331398087,-0.23759316176823328,0.07034952862842458,-0.7392454361446669,0.5720018030048581,3,1
17195,179,3,8,3645488.0,12097286.0,0.0446927374301676,46248.0,0.6769590036325895,27.54997405293202,0.0,13.816185037990833,11.4,57481.81523818216,0.0449107240263282,38.704376405466185,0.6486766995329527,78.8247708008995,261.57425185953986,-0.011466553372762192,0.8496428350920798,-0.861109388464842,0.3534536675333157,-0.3649202209060779,3,3
17197,1198,6,74,113629111.0,201170043.0,0.06176961602671119,689315.0,0.9122897369127322,27.706396930285862,0.06578947368421052,15.17880290722819,7.2,92172.07801533336,0.0469449413527548,17.37957247412286,0.08704293392715956,164.84352001624802,291.84051268288084,-0.0005304041325911909,0.603784937059109,-0.6043153411917002,-0.5568398245514392,0.556309420418848,3,3
17199,146,3,7,2530988.0,5493979.0,0.04794520547945205,67102.0,0.6892044946499359,26.732651783851445,0.06666666666666667,16.77926026808441,16.8,53774.199998044205,0.056851597725936,21.757920777324074,0.44708056391761797,37.718518076957466,81.87504098238503,0.2704894981551121,0.16231482821024226,0.10817466994486982,0.06840803699133895,0.20208146116377312,3,3
17201,689,16,44,24689789.0,66689056.0,0.06386066763425254,284819.0,0.8460460854086279,28.358290352820557,0.3116883116883117,17.699501662687535,14.7,57754.215786128254,0.0814843522914446,24.19080187768372,0.5617602758242954,86.68589174177285,234.14539058138678,0.43229695232381243,0.5962920811010521,-0.1639951287772397,0.23508741462465632,0.1972095376991561,3,3
17203,74,0,1,109960.0,55060.0,0.013513513513513514,38700.0,0.5210852713178294,25.6158527131783,0.0,12.276170659844961,6.9,77170.96924069859,0.0372148239909156,19.121447028423773,0.0,2.841343669250646,1.4227390180878552,-0.5968099454981233,-1.0821475425653146,0.4853375970671914,-0.7392454361446669,0.1424354906465436,3,3
18001,255,4,15,2070640.0,8499146.0,0.058823529411764705,35376.0,0.3364710538218001,24.113817277250114,0.0,15.526139234000453,11.4,55650.266028645754,0.0357809583074051,72.08276797829036,1.1307100859339665,58.53233830845771,240.2517526006332,-0.6334961723087699,1.1085566292411662,-1.742052801549936,0.9140000038588587,-1.5474961761676287,3,3
18003,2755,14,90,56687478.0,136598892.0,0.032667876588021776,372575.0,0.8364785613634839,27.58261316513454,0.11458333333333333,14.117271639471248,13.0,58144.2679326036,0.0490186367783135,73.94484332013688,0.37576326914044156,152.15051466147756,366.6346158491579,0.26133186826477867,1.412250439710454,-1.1509185714456753,-0.042046738173378104,0.3033786064381568,3,3
18005,686,6,33,116925090.0,253792798.0,0.048104956268221574,82481.0,0.7659703446854427,25.74106763982008,0.0,15.03762603170427,10.0,67232.05897575477,0.0421765786397576,83.17066960875839,0.7274402589687322,1417.6002958257054,3076.9849783586524,-0.13329857450303484,2.3709711383154235,-2.5042697128184583,0.455446750896605,-0.5887453253996399,3,3
18007,122,1,4,105272.0,2279483.0,0.03278688524590164,8677.0,0.0,29.098490261611154,0.0,14.596172109945833,9.9,52453.53430644562,0.0322057460611677,140.60159041143254,1.1524720525527257,12.132303791633053,262.70404517690446,-0.722902032871055,1.1565540228404065,-1.8794560557114615,0.9362085124443252,-1.6591105453153803,3,3
18009,133,2,2,113080.0,129166.0,0.015037593984962405,12013.0,0.45459085990177306,31.69032714559227,0.0,16.19403971414301,15.7,46112.007153288,0.0583756345177665,110.71339382335803,1.6648630650129028,9.413135769582953,10.75218513277283,0.31389959181110205,0.3913779479705372,-0.07747835615943516,1.402894281426553,-1.088994689615451,3,3
18011,473,7,25,3208321.0,8796419.0,0.052854122621564484,65544.0,0.4649548394971317,25.415707005980714,0.0,12.853982302438057,4.7,88055.33199112072,0.0192131222757513,72.16526302941536,1.0679848651287684,48.949118149639936,134.20631941901624,-0.8063622316119642,0.9618199321949135,-1.7681821638068778,0.8486953325279537,-1.655057564139918,3,3
18013,142,4,8,8037224.0,32066633.0,0.056338028169014086,15064.0,0.0,27.30290759426447,0.0,13.966715886617102,9.9,64687.18070486534,0.0451525423728813,94.26447158789166,2.655337227827934,533.5385023898035,2128.6931093998937,-0.8550213287788787,2.153291134597633,-3.0083124633765115,2.093595435377974,-2.948616764156853,3,3
18015,173,3,11,9488084.0,50652151.0,0.06358381502890173,20074.0,0.1693235030387566,22.758618112981967,0.0,15.425670646707182,9.2,58090.21179273882,0.0310334126409434,86.18112981966723,1.4944704593005878,472.65537511208527,2523.2714456510907,-1.0484151553778993,2.1086046724359444,-3.1570198278138437,1.2584836476491428,-2.306898803027042,3,3
18017,357,4,10,2235030.0,7737988.0,0.028011204481792718,37880.0,0.46671066525871174,24.946100844772968,0.09090909090909091,16.353564959424496,13.1,52376.15983173719,0.0460876579725732,94.24498416050687,1.0559662090813093,59.00290390707497,204.27634635691658,-0.3275192867312961,1.2278371959570997,-1.5553564826883959,0.8359565567837132,-1.1634758435150092,3,3
18019,595,3,23,81507262.0,122603654.0,0.03865546218487395,116507.0,0.7216390431476221,28.957904675255566,0.19230769230769232,15.897559287356122,9.4,58963.58942506405,0.0487565765824646,51.069892796141005,0.2574952577956689,699.591114696971,1052.3286497806998,0.01879252859696941,1.7453158987984316,-1.7265233702014622,-0.2384958771777438,0.2572884057747132,3,3
18021,197,5,14,2229963.0,4252759.0,0.07106598984771574,26234.0,0.3519478539300145,22.84049325303042,0.0,14.966690189639397,12.6,58971.00889524157,0.0413506825257443,75.0933902569185,1.9059236105816877,85.00278264847145,162.10867576427538,-0.6373354416241125,1.1400696391607719,-1.7774050807848845,1.5921569494533767,-2.229492391077489,3,3
18023,280,1,15,1965667.0,3956079.0,0.05357142857142857,32273.0,0.5311250890837542,25.92124066557184,0.125,16.37425961645958,11.4,57539.051150980165,0.0386855768013169,86.75983019861803,0.30985653642363586,60.9074768382239,122.58169367582809,-0.2894391188153521,1.0943676139772869,-1.3838067327926389,-0.14933606435064983,-0.14010305446470228,3,3
18025,86,2,3,227093.0,431244.0,0.03488372093023256,10569.0,0.25130097454820705,24.57619453117608,0.3333333333333333,17.705856375342986,17.7,44158.56664797804,0.0369614512471655,81.37004446967546,1.892326615573848,21.486706405525595,40.80272495032643,-0.3082060782730474,0.6304114716863205,-0.9386175499593679,1.5819067848189157,-1.890112863091963,3,3
18027,223,2,12,11349249.0,24186553.0,0.053811659192825115,33120.0,0.3710446859903382,26.009894323671496,0.2857142857142857,18.240197000966184,10.6,56842.680878604355,0.0363720683715383,67.33091787439614,0.6038647342995169,342.6705615942029,730.2703200483091,-0.5052073321211664,1.6696675789446431,-2.1748749110658094,0.29322785131406476,-0.7984351834352312,3,3
18029,372,6,29,7855397.0,30192716.0,0.07795698924731183,49479.0,0.499565472220538,26.584152872935995,0.1,14.493002930758506,7.9,72772.28334974019,0.0371796367596157,75.18341114412175,1.212635663614867,158.7622425675539,610.2127367165868,-0.48800451357498104,1.5258009125125118,-2.013805426087493,0.9964576026297401,-1.4844621162047211,3,3
18031,233,5,13,39796728.0,42094886.0,0.055793991416309016,26562.0,0.4474813643550937,23.975532715909946,0.0,15.183805833295684,10.6,61421.553902445376,0.0381906628911638,87.71929824561403,1.8823883743693999,1498.2579625028236,1584.778480536104,-0.5720145002120537,2.288763179508637,-2.860777679720691,1.5743842628009355,-2.1463987630129893,3,3
18033,355,2,12,7611718.0,29808619.0,0.03380281690140845,42927.0,0.49779858830106927,22.886320963496164,0.0,14.707182428704545,11.3,59801.98955512383,0.0354632158688935,82.69853472173689,0.46590723786894034,177.31772544086473,694.4025671488806,-0.5549747198258935,1.6269024319801488,-2.1818771518060425,0.09665846569793511,-0.6516331855238287,3,3
18035,1048,10,37,20813406.0,47131000.0,0.035305343511450385,115020.0,0.733715875499913,30.126405842462177,0.1,15.266366697078771,19.4,46119.42662346552,0.0659266733938782,91.11458876717093,0.869414014953921,180.9546687532603,409.76351938793255,0.7267861360769654,1.5864785742841174,-0.859692438207152,0.6280682910410635,0.09871784503590186,3,3
18037,450,7,46,12090271.0,37427694.0,0.10222222222222223,42543.0,0.7134663751968596,28.897212232329647,0.14285714285714285,15.792693803469433,7.7,64301.36825563429,0.0197110782351405,105.77533319229956,1.6453940718802154,284.1894318689326,879.7615118820958,-0.09805138423160431,1.91167557960097,-2.0097269638325743,1.386868694401706,-1.4849200786333103,3,3
18039,1283,15,50,16026989.0,44269172.0,0.03897116134060795,204558.0,0.8051799489631303,26.38700173056053,0.1111111111111111,15.478032910548599,11.7,60437.944141768414,0.0450483258203578,62.720597581126135,0.7332883583140234,78.34936301684608,216.41378973200756,0.060261375610513694,1.0768311800728434,-1.0165698044623297,0.4628331313141838,-0.4025717557036701,3,3
18041,217,3,5,472950.0,564077.0,0.02304147465437788,23194.0,0.454902129861171,24.789760282831764,0.14285714285714285,16.742007842286796,16.1,48942.005063856406,0.0504479019330504,93.55867896869881,1.29343795809261,20.391049409329998,24.319953436233508,-0.16915104608671075,0.6025417963143876,-0.7716928424010984,1.0748467654664695,-1.2439978115531802,3,3
18043,479,4,14,3858367.0,4414320.0,0.029227557411273485,77320.0,0.6919813760993274,25.929080444904297,0.3,15.179061828660112,10.2,68331.20048633883,0.0384262814954289,61.95033626487326,0.5173305742369374,49.901280393171234,57.09156751163994,-0.18751359290296885,0.7243566204349073,-0.9118702133378762,0.172011276181109,-0.3595248690840779,3,3
18045,185,2,3,189878.0,761721.0,0.016216216216216217,16430.0,0.3992696287279367,25.784077906269022,0.0,16.49430942477176,10.6,56042.43802374324,0.0434180719859048,112.5989044430919,1.2172854534388313,11.556786366402921,46.361594643944,-0.4912181833617879,0.7028972814219162,-1.194115464783704,1.0010455829850011,-1.492263766346789,3,3
18047,155,1,12,3003199.0,8896253.0,0.07741935483870968,22774.0,0.18788969877930975,21.35329322912093,0.0,14.534533451040659,8.8,66204.99231832376,0.0254398068299413,68.06006849916572,0.43909721612364977,131.8696320365329,390.63199262316675,-1.1560443864031478,1.3467484042363178,-2.5027927906394654,0.0563174568850485,-1.2123618432881962,3,3
18049,221,2,9,1002020.0,2442197.0,0.04072398190045249,20096.0,0.38823646496815284,26.766102707006375,0.0,15.478992108031449,11.0,55152.101602440816,0.042487684729064,109.97213375796177,0.9952229299363058,49.861664012738856,121.5265226910828,-0.4065672603780521,1.17974733679909,-1.5863145971771422,0.770412650237119,-1.176979910615171,3,3
18051,328,3,13,2108611.0,3457765.0,0.039634146341463415,33656.0,0.36528405039220346,20.977956382220107,0.14285714285714285,16.687271741472546,11.0,58785.522140803565,0.0293687474404727,97.4566199191823,0.8913715236510578,62.65185999524602,102.73844188257665,-0.8573477828865165,1.1320051018459005,-1.989352884732417,0.6535890444080142,-1.5109368272945307,3,3
18053,556,5,31,5805640.0,15783555.0,0.05575539568345324,66452.0,0.5893125865286222,28.10218804550653,0.25,16.453645163516523,20.0,47014.00274201224,0.0718115664496361,83.66941551796786,0.7524228014205743,87.36591825678686,237.51813338951425,0.45780020561561435,1.276671053879088,-0.8188708482634737,0.4868276947555711,-0.02902748913995673,3,3
18055,286,3,13,4983343.0,21078179.0,0.045454545454545456,32159.0,0.518983799247489,26.874909045679285,0.2222222222222222,17.744059058272956,11.9,54705.87346747853,0.0477677385065107,88.93311359184055,0.9328648278864393,154.95951366646972,655.4363941664852,-0.20198702560549672,1.6262804283167327,-1.8282674539222294,0.7010169993452683,-0.903004024950765,3,3
18057,2338,12,97,56119462.0,77053385.0,0.04148845166809239,323117.0,0.8972848844226704,25.274776938384548,0.02564102564102564,11.832690265126873,4.8,104055.94939109856,0.0275342982441325,72.35769086739478,0.37138250231340353,173.681551883683,238.46899110848392,-0.3418602392854299,1.3495978691401636,-1.6914581084255935,-0.04901706049729143,-0.2928431787881385,3,3
18059,439,6,16,7247531.0,8797652.0,0.03644646924829157,75164.0,0.5462854558033101,24.529165557979884,0.0,13.776812832286733,5.7,78510.71356989653,0.0247193813918682,58.40561971156404,0.7982544835293491,96.42290192113246,117.04608589218243,-0.7225140120587222,0.9694459477679761,-1.6919599598266983,0.5432515526396314,-1.2657655646983537,3,3
18061,294,6,12,3728925.0,15417345.0,0.04081632653061224,39940.0,0.0,28.70819228843265,0.0,16.780142722658987,8.6,61170.35184072077,0.0518238313969197,73.61041562343514,1.5022533800701052,93.36316975463195,386.01264396594894,-0.8307798249853046,1.311232456720219,-2.1420122817055236,1.2652919945123622,-2.096071819497667,3,3
18063,710,7,27,6484816.0,7995677.0,0.038028169014084505,163799.0,0.7924651554649296,25.963169494319253,0.0,14.415184230917157,5.6,86842.77857925171,0.0360497729498708,43.34580797196564,0.4273530363433232,39.59008296753949,48.813954908149626,-0.3561523184928319,0.4497462656429221,-0.805898584135754,0.03840872756853516,-0.39456104606136705,3,3
18065,389,1,18,4889950.0,66745277.0,0.04627249357326478,48255.0,0.5284219251890996,23.989445653300177,0.07692307692307693,15.593213534037924,12.7,52818.14826945518,0.0553440563433901,80.61340793700136,0.2072324111491037,101.33561288985598,1383.1784685524817,-0.35535243088089263,1.6174586522812107,-1.9728110831621033,-0.3276460963478229,-0.027706334533069754,3,3
18067,674,3,20,13101309.0,54164605.0,0.02967359050445104,82331.0,0.6636139485734414,25.670222637888525,0.2,15.396440795192577,12.7,55511.41594389501,0.0513253505270699,81.864668229464,0.3643827962735786,159.1297202754734,657.8883409651286,-0.08508966270200735,1.5872228100799302,-1.6723124727819374,-0.0602007724603344,-0.02488889024167295,3,3
18069,354,3,30,10586316.0,39449127.0,0.0847457627118644,36359.0,0.6360185923705273,25.968131686790066,0.0,15.095057494183012,8.9,56845.860651537565,0.0278271785751647,97.36241370774773,0.8251052009131165,291.16081300365795,1084.9893286394015,-0.324481142994954,1.9104369103329588,-2.2349180533279127,0.5756434550928524,-0.9001245980878064,3,3
18071,373,6,8,72530090.0,105638185.0,0.021447721179624665,44025.0,0.8365701306076093,29.894837024417942,0.3,18.07045429049404,10.1,54321.120942558555,0.0434059076411038,84.72458830210108,1.362862010221465,1647.4750709823963,2399.5044860874505,0.2549782128174467,2.368257731514903,-2.1132795186974564,1.1400223977094293,-0.8850441848919826,3,3
18073,246,4,10,1256022.0,1418400.0,0.04065040650406504,33447.0,0.3137800101653362,28.96802702783508,0.0,15.236394727030826,8.7,67720.68408316003,0.0392738051130048,73.5491972374204,1.1959219062995186,37.55260561485335,42.407390797380934,-0.46533520396133565,0.7021812768247647,-1.1675164807861003,0.9798860303075887,-1.4452212342689243,3,3
18075,220,5,18,25395427.0,36514568.0,0.08181818181818182,20840.0,0.3972648752399232,22.07774472168906,0.0,15.919375178454892,13.4,50513.872817179625,0.0376301040832666,105.56621880998081,2.399232245681382,1218.590547024952,1752.1385796545105,-0.5956070393927577,2.3636198285704038,-2.9592268679631615,1.934842240976456,-2.530449280369214,3,3
18077,274,4,16,137871778.0,34302490.0,0.058394160583941604,32201.0,0.5422502406757554,27.029604670662405,0.2857142857142857,17.760624937859074,12.1,55877.08983121565,0.0421642537861098,85.09052513897085,1.2421974472842459,4281.5992671035065,1065.2616378373343,-0.15319791580831119,2.432174098285701,-2.585372014094012,1.0254637220601728,-1.178661637868484,3,3
18079,187,1,9,6301515.0,16695741.0,0.0481283422459893,27710.0,0.4122338505954529,23.156658246120536,0.3333333333333333,17.209223952652472,13.4,57438.35834142811,0.030578685886222,67.48466257668711,0.36088054853843377,227.40941898231685,602.5168170335619,-0.49998928622475974,1.543834759022614,-2.0438240452473737,-0.06581800868147225,-0.4341712775432875,3,3
18081,742,6,30,8081414.0,13833224.0,0.04043126684636118,153716.0,0.6344102110385386,27.153310650810585,0.0,13.638028065029015,7.2,76780.91709422326,0.033469517955513,48.27083712821047,0.39033021936558326,52.5736683234016,89.9920893075542,-0.34253585138478476,0.6829939674628767,-1.0255298188476614,-0.019027557736716806,-0.32350829364806793,3,3
18083,344,9,22,44192357.0,14437940.0,0.06395348837209303,37065.0,0.531067044381492,26.358359638472955,0.5,18.281009083987588,15.7,50219.21385870096,0.0409516791241183,92.8099285039795,2.4281667341157425,1192.2934574396331,389.5302846351005,0.004496825122432445,2.0071102485502825,-2.00261342342785,1.9533667704619626,-1.9488699453395302,3,3
18085,614,6,56,18027243.0,51506735.0,0.09120521172638436,79035.0,0.34512557727589044,25.07046624913013,0.0,14.97133970992598,9.4,65043.31527338631,0.0366614096809414,77.68710065161005,0.7591573353577529,228.09189599544504,651.6952615929652,-0.6755055245012419,1.6365730030463117,-2.3120785275475537,0.4952105034432409,-1.1707160279444828,3,3
18087,204,15,18,23530874.0,49521771.0,0.08823529411764706,39193.0,0.1343352129206746,21.674799071262722,0.0,14.682004645446892,8.4,68362.99821567106,0.0203677839851024,52.050110989207255,3.827214043324063,600.3846094965937,1263.5361161431888,-1.2148147219588445,1.7557676234466975,-2.970582345405542,2.701346330958937,-3.916161052917782,3,3
18089,2988,13,88,59460369.0,172578196.0,0.029451137884872823,485707.0,0.9001373255892956,29.63205245137501,0.47863247863247865,16.448597666930887,14.3,59491.43173197906,0.0694514385825338,61.51856983737109,0.26765107358963325,122.42024306835191,355.31338028893964,0.560315803377398,1.2571292651456396,-0.6968134617682417,-0.22091604735601608,0.7812318507334141,3,3
18091,830,9,36,17012504.0,42613581.0,0.043373493975903614,110154.0,0.5655899921927483,30.553024856110532,0.03571428571428571,15.32378169316593,14.3,56873.4186836255,0.061310532329879,75.34905677506038,0.8170379650307751,154.44290720264357,386.85459447682337,0.2653260402685043,1.4359217032970217,-1.1705956630285175,0.5659617352110656,-0.3006356949425613,3,3
18093,346,2,30,44903071.0,772575989.0,0.08670520231213873,45548.0,0.3521779221919733,25.32547642047949,0.5,17.428081412553787,12.1,56822.542316693936,0.0438002926115581,75.96381838939142,0.43909721612364977,985.8406735751296,16961.798300693772,-0.48468646491870887,2.5588948231814275,-3.0435812881001363,0.0563174568850485,-0.5410039218037573,3,3
18095,926,7,21,7161499.0,5537255.0,0.02267818574514039,129455.0,0.7198717701131667,28.474900930825378,0.2972972972972973,16.45521882945425,13.0,52489.571733022145,0.0564147137445266,71.53064771542235,0.5407284384535167,55.32037387509173,42.77358927812754,0.20054793507996113,0.7730689572386943,-0.5725210221587331,0.20545563618626825,-0.004907701106307116,3,3
18097,8682,49,270,532938453.0,3277655539.0,0.031098825155494125,951869.0,0.9311291784898973,31.624784082683647,0.45982142857142855,17.04105841892004,15.6,51211.30301386652,0.062953258218612,91.21002995160048,0.5147767182248818,559.8863425534396,3443.3893098735225,0.8197059193251085,2.235681525846507,-1.4159756065213984,0.16832968122819597,0.6513762380969126,3,3
18099,368,6,13,20994082.0,35465593.0,0.035326086956521736,46461.0,0.5435957039237209,31.382017175695744,0.08333333333333333,15.589353423667157,10.6,55813.49437255119,0.0491478041302191,79.20621596607909,1.2914056950991153,451.8646176362971,763.3411463377887,0.07717429085710097,1.8288851111077777,-1.7517108202506768,1.0729092754771024,-0.9957349846200014,3,3
18101,103,2,14,2646953.0,5559448.0,0.13592233009708737,10212.0,0.36388562475519,22.47614571092832,0.0,17.41625615236976,13.2,55885.56922570424,0.0254763877381938,100.86173129651391,1.9584802193497846,259.2002546024285,544.403446925186,-0.6146646829852084,1.7753933955861303,-2.3900580785713386,1.6313310608157805,-2.245995743800989,3,3
18103,272,2,9,4613480.0,11144958.0,0.03308823529411765,35815.0,0.37447996649448556,29.667192517101775,0.0,15.704255221890268,15.2,53692.58582609149,0.0494157135753356,75.94583275164038,0.5584252408208851,128.81418400111684,311.1812927544325,0.047725446829128305,1.3594867726920494,-1.311761325862921,0.23041539987023343,-0.18268995304110514,3,3
18105,1042,7,34,53331648.0,85526716.0,0.03262955854126679,146461.0,0.7022415523586484,34.28466281126033,0.0,14.63182856644431,17.7,52825.5677396327,0.054334680013381,71.14521954650043,0.47794293361372653,364.1354899939233,583.9555649626864,0.8951069192895652,1.671775186345572,-0.7766682670560069,0.11452918272336103,0.7805777365662042,3,3
18107,352,3,12,2639097.0,5410728.0,0.03409090909090909,38287.0,0.545328701648079,23.951813931621697,0.0,15.547901983597567,10.9,58849.117599468016,0.0380826647709962,91.93721106380755,0.7835557761119962,68.9293232689947,141.32023924569697,-0.449394684707564,1.179909877653446,-1.62930456236101,0.5253140050051129,-0.9747086897126769,3,3
18109,542,7,21,3666505.0,6170203.0,0.03874538745387454,69922.0,0.5244415205514716,23.742507365349965,0.07692307692307693,15.539522965790454,9.8,68190.23055296595,0.0512325343632852,77.51494522467893,1.0011155287320157,52.43707273819399,88.24408626755528,-0.5544250048927947,0.9386284933916326,-1.4930534982844272,0.7768577402227067,-1.3312827451155014,3,3
18111,150,3,3,3787052.0,4345450.0,0.02,13992.0,0.21598056032018295,19.011921097770152,0.0,16.251067743067466,10.2,58673.17016382969,0.0786432537895842,107.2041166380789,2.144082332761578,270.65837621497997,310.56675242996,-1.2126147975768682,1.7140909988513962,-2.9267057964282643,1.764311786577768,-2.9769265841546364,3,3
18113,379,3,12,30939835.0,51760084.0,0.0316622691292876,47506.0,0.27537574201153536,26.038774049593737,0.0,15.280069925588348,10.6,60192.041701599184,0.0394560669456066,79.77939628678483,0.6314991790510673,651.2826800825159,1089.5483517871426,-0.6068177382427751,1.9807240414433853,-2.5875417796861604,0.3305633733174172,-0.9373811115601922,3,3
18115,65,1,5,1985727.0,9309905.0,0.07692307692307693,5874.0,0.0,19.753013278855978,0.0,15.152515858018386,9.2,63731.12897627631,0.016767270288397,110.65713312904323,1.7024174327545112,338.0536261491318,1584.934456928839,-1.4531683100308406,2.0851107009763283,-3.5382790110071687,1.4334784944528034,-2.886646804483644,3,3
18117,177,5,7,3769979.0,15758323.0,0.03954802259887006,19545.0,0.1516500383729854,25.70550012790995,0.16666666666666666,17.938179814939883,13.7,50788.39321374787,0.0367337906616508,90.56024558710668,2.5581990278843696,192.88713225888975,806.258531593758,-0.5767326799145637,1.7235185123989119,-2.3002511923134756,2.034731113415782,-2.6114637933303455,3,3
18119,167,4,11,4551893.0,16099867.0,0.0658682634730539,20835.0,0.0,31.531178305735544,0.2,17.489351483417323,12.5,52511.830143554704,0.0542098066028521,80.15358771298297,1.919846412287017,218.47338612910968,772.7317974562035,-0.3855852146758423,1.675989118839123,-2.061574333514965,1.6026031458932783,-1.9881883605691206,3,3
18121,160,3,1,84924.0,121463.0,0.00625,16946.0,0.5746488846925528,22.25191785672135,0.25,17.622524861206188,15.2,55771.097400108214,0.0600340618790803,94.41756166646995,1.770329281246312,5.011448129352059,7.167650182934025,-0.2808454057255128,0.11281452972069139,-0.3936599354462042,1.487721851097483,-1.7685672568229958,3,3
18123,192,3,4,361100.0,3248559.0,0.020833333333333332,19102.0,0.7195058109098523,20.641555858025338,0.4,17.692867009580148,14.3,55484.917836118155,0.0304574406485234,100.51303528426344,1.5705161763166162,18.903779708931,170.06381530729766,-0.2970682240423652,0.9829451917732167,-1.2800134158155818,1.3241152718224465,-1.6211834958648117,3,3
18125,114,1,7,1288064.0,2811484.0,0.06140350877192982,12378.0,0.0,23.436758765551783,0.0,17.646784552027793,10.8,53201.84087006408,0.036986534855974,92.09888511875909,0.8078849571820973,104.06075294878009,227.13556309581514,-1.084690457674493,1.359915803133674,-2.444606260808167,0.554924760648005,-1.639615218322498,3,3
18127,996,8,29,19267073.0,32799725.0,0.029116465863453816,168636.0,0.7456415000355796,27.62400910837544,0.0,14.145775257228584,9.3,75415.73458155953,0.0436607089485324,59.06212196683982,0.4743945539505206,114.252431272089,194.50013638843427,-0.059418695332940495,1.1073482598716469,-1.1667669552045874,0.10927568740065416,-0.16869438273359466,3,3
18129,207,3,13,2398433.0,2391493.0,0.06280193236714976,25560.0,0.7757433489827856,30.706838810641628,0.0,15.183234002425666,9.3,68042.90107372662,0.0412092160197927,80.98591549295774,1.1737089201877935,93.835406885759,93.56388888888888,0.2000563902666734,1.1016414377715151,-0.9015850475048417,0.9576657261269581,-0.7576093358602847,3,3
18131,145,2,3,217499.0,2046948.0,0.020689655172413793,12559.0,0.27900310534278205,24.96617565092762,0.0,15.886687242375986,11.3,52551.047343064456,0.0638955685331501,115.4550521538339,1.5924834779839159,17.318178198901187,162.98654351461104,-0.6391821144685258,1.0330886719681327,-1.6722707864366586,1.3427130600935397,-1.9818951745620654,3,3
18133,331,4,20,3854314.0,8097069.0,0.06042296072507553,37384.0,0.42478065482559385,19.86131767601113,0.0,14.944013445350953,10.8,64705.19941815361,0.0311860043297642,88.54055210785363,1.0699764605178685,103.1006312861117,216.59183072972394,-0.8871755300494043,1.3272947222965008,-2.214470252345905,0.8507991050515648,-1.737974635100969,3,3
18135,227,1,9,1082015.0,2843466.0,0.039647577092511016,24926.0,0.3655219449570729,24.10451335954425,0.125,15.353922593516808,14.6,50914.52420676572,0.0498788537054056,91.06956591510873,0.4011875150445318,43.40909090909091,114.07630586536148,-0.40782601307354377,1.0336102989957707,-1.4414363120693146,-0.0020268295315670247,-0.40579918354197675,3,3
18137,280,4,30,44693054.0,118519952.0,0.10714285714285714,28391.0,0.16258673523299638,27.62335951533937,0.16666666666666666,17.52364657891585,10.3,59707.656291438216,0.0521243382652368,98.62280300095101,1.4088971857278716,1574.1979500545947,4174.56067063506,-0.6307901959513825,2.5453106514863943,-3.1761008474377768,1.182192904343931,-1.8129831002953134,3,3
18139,189,2,7,1429930.0,3375743.0,0.037037037037037035,16641.0,0.5890271017366745,23.552040141818395,0.0,16.54854719788474,10.8,57602.64660964463,0.0461596670450246,113.57490535424553,1.2018508503094765,85.9281293191515,202.85697974881316,-0.4375164307036618,1.4123387071512479,-1.8498551378549097,0.985778927819521,-1.423295358523183,3,3
18141,2074,18,91,50906594.0,81155686.0,0.04387656702025072,262578.0,0.8408434826984743,27.16598344111083,0.15492957746478872,14.698999561387474,14.2,55931.14597108044,0.0453578128591661,78.9860536678625,0.6855105911386331,193.87227414330218,309.0726793562294,0.3084795301078439,1.4705283372650382,-1.1620488071571944,0.4017439052097154,-0.09326437510187152,3,3
18143,167,2,5,469490.0,804013.0,0.029940119760479042,23759.0,0.382507681299718,27.612529988635885,0.0,17.097517528725955,14.5,51618.313949319054,0.0502295942273451,70.28915358390505,0.8417862704659287,19.760511806052442,33.840355233806136,-0.1373768094201798,0.4979778718537144,-0.6353546812738942,0.5955278735012955,-0.7329046829214754,3,3
18145,320,5,6,747417.0,935254.0,0.01875,44438.0,0.5514649624195508,23.80394707232549,0.0,15.215810298078223,11.2,64023.66808613281,0.0355794680435631,72.01044151401953,1.1251631486565552,16.81932130158873,21.046266708672757,-0.43535350883948826,0.39167606254250414,-0.8270295713819924,0.9083029689875578,-1.3436564778270461,3,3
18147,209,1,17,2428440.0,7822059.0,0.08133971291866028,20447.0,0.0,24.88306353010222,0.2,17.01026954487211,8.7,60738.96264611352,0.0294921875,102.21548393407345,0.4890693011199687,118.76754536117768,382.55289284491613,-1.1061442878626215,1.5437522491463243,-2.649896537008946,0.1309207378888584,-1.23706502575148,3,3
18149,152,2,8,920407.0,6952570.0,0.05263157894736842,22952.0,0.15815615196932728,22.98337399790868,0.0,15.189270595765075,13.1,54257.5254838941,0.0496101364522417,66.2251655629139,0.871383757406762,40.101385500174274,302.91782851167653,-0.8065077251282023,1.0223961052184856,-1.8289038303466878,0.6303698882104579,-1.4368776133386603,3,3
18151,312,4,16,26617580.0,28041151.0,0.05128205128205128,34453.0,0.4325602995385017,21.769729776797377,0.0,14.133407371578674,10.2,61771.3289250999,0.0322509631260319,90.55815168490408,1.1610019446782573,772.5765535657272,813.8957710504166,-0.7748538282782933,2.034208479795255,-2.8090623080735484,0.9448522382324717,-1.7197060665107649,3,3
18153,191,1,7,1039907.0,8895271.0,0.03664921465968586,20730.0,0.5683550410033767,24.44634346357935,0.0,16.595260960395564,15.6,53255.89700992887,0.0487210718635809,92.13699951760734,0.482392667631452,50.16435118186204,429.1013506994694,-0.10184689184901045,1.3179679003949902,-1.4198147922440008,0.12109936610247285,-0.22294625795148332,3,3
18155,101,1,7,1081810.0,13694933.0,0.06930693069306931,10685.0,0.0,22.031445952269536,0.6666666666666666,18.28127242957417,12.8,52342.24225378281,0.0608894430590191,94.52503509592889,0.9358914365933552,101.24567150210575,1281.6970519419747,-1.0663096321007142,1.6908041534922642,-2.7571137855929786,0.7044365501183798,-1.770746182219094,3,3
18157,1191,18,57,25490586.0,36254586.0,0.04785894206549118,191553.0,0.8966917772104849,30.63260507535773,0.10810810810810811,14.6333516046525,17.1,56313.778647378254,0.0408577252666785,62.176003508167454,0.9396877104508935,133.07327997995333,189.26660506491675,0.8006981753065295,1.164235505838862,-0.3635373305323325,0.7087181405679526,0.09198003473857697,3,3
18159,141,1,4,241757.0,1132216.0,0.028368794326241134,15162.0,0.6090225563909775,26.936624455876537,0.0,15.846379648397308,9.0,61600.681111016944,0.032258064516129,92.99564701226751,0.6595435958316844,15.944928109748055,74.67458118981665,-0.2764023088796058,0.7517357730231029,-1.0281380819027088,0.3678117592569937,-0.6442140681365995,3,3
18161,79,3,2,161283.0,297505.0,0.02531645569620253,7113.0,0.0,25.984155771123294,0.0,16.871422658371994,11.2,53393.687170368525,0.0145137880986937,111.06424855897652,4.217629692113032,22.674398987768875,41.82553071840292,-0.8728957283444622,0.8180838000616816,-1.6909795284061437,2.871322065528674,-3.7442177938731365,3,3
18163,1682,6,67,80643592.0,180364317.0,0.03983353151010702,181291.0,0.9282093429899995,28.433560960003526,0.3673469387755102,15.798796124291885,13.8,52686.71765488196,0.0461900749670533,92.77901274746127,0.33095961741068225,444.82953924905263,994.8884224809836,0.4721235268371849,1.9620064534964723,-1.4898829266592875,-0.11440586994500283,0.5865293967821877,3,3
18165,154,3,8,981894.0,2633647.0,0.05194805194805195,15539.0,0.3028508913057468,26.294954630285083,0.0,15.93028244803398,12.5,53253.77716130672,0.0665839536807278,99.10547654289208,1.9306261664199755,63.18900830169252,169.48626037711566,-0.44248138114341745,1.235954116768715,-1.6784354979121323,1.6106569759094735,-2.053138357052891,3,3
18167,989,9,53,89863252.0,114671313.0,0.05358948432760364,107459.0,0.5970370094640747,32.610325798676705,0.39285714285714285,16.552255289282424,20.2,47940.376589891195,0.069876429855771,92.03510175974093,0.8375287318884411,836.2561721214603,1067.1168817874725,0.8100639091765559,2.1113469794964135,-1.3012830703198577,0.5904699078618839,0.219594001314672,3,3
18169,364,5,5,1361014.0,1698041.0,0.013736263736263736,31389.0,0.5173468412501194,24.834107489884993,0.0,15.279495993150467,11.8,57510.433194581165,0.0456049302627311,115.96419127719902,1.5929147153461403,43.35958456784224,54.09668992322151,-0.36001375124095114,1.0292154896682775,-1.3892292409092286,1.3430765717404627,-1.7030903229814138,3,3
18171,74,1,1,64119.0,504695.0,0.013513513513513514,8237.0,0.0,36.146655335680464,0.0,15.890559459026344,9.6,64181.596808482886,0.0398647016187484,89.8385334466432,1.2140342357654486,7.7842661163044795,61.271700861964305,-0.22256437720033487,0.5495787446633119,-0.7721431218636468,0.9978385966985007,-1.2204029738988356,3,3
18173,377,5,18,4952057.0,5867044.0,0.04774535809018567,62280.0,0.6359666024405909,25.082790622992935,0.0,13.65239206746949,8.3,77885.35822636269,0.0331879327700332,60.53307642903019,0.8028259473346178,79.51279704560051,94.20430314707771,-0.42621626997972434,0.9063251406061714,-1.3325414105858957,0.5488004508442861,-0.9750167208240104,3,3
18175,211,6,6,1465296.0,2418936.0,0.02843601895734597,27848.0,0.508295030163746,31.185155127836826,0.0,16.772768922902902,13.0,50858.348218278785,0.0554912402562321,75.76845733984487,2.154553289284688,52.61763860959494,86.86210858948579,0.1705528495063137,0.9239221198498901,-0.7533692703435765,1.7715782707474899,-1.601025421241176,3,3
18177,646,6,27,19113210.0,100312702.0,0.04179566563467492,66342.0,0.6271441922160924,25.495539778722378,0.11764705882352941,16.55873340334931,17.3,49303.43925393276,0.0518658478979688,97.37421241445843,0.9044044496698923,288.10120285791805,1512.0542341201651,0.14261558439489685,1.970111994530554,-1.8274964101356572,0.6685971931267349,-0.5259816087318381,3,3
18179,220,2,5,1178386.0,3263515.0,0.022727272727272728,28011.0,0.5756667023669273,22.45411445503552,0.0,14.000977744528937,8.6,62786.736415109095,0.0283845832753582,78.54057334618543,0.7140052122380494,42.0686873014173,116.50833601085287,-0.6667512921696487,0.9491072727643045,-1.6158585649339532,0.43838260501109483,-1.1051338971807434,3,3
18181,241,5,8,1839724.0,2976506.0,0.03319502074688797,24149.0,0.20605408091432356,23.93828315872293,0.0,14.920542533686696,10.8,57846.42920119172,0.0395812053115423,99.79709304733116,2.0704791088657917,76.1822021615802,123.25586980827363,-0.8243604336583958,1.2218543717068195,-2.0462148053652154,1.712540290021833,-2.536900723680229,3,3
18183,255,7,10,1928876.0,3441312.0,0.0392156862745098,33730.0,0.22140527720130448,23.42669137266528,0.0,14.740882360094872,8.5,65440.786890039184,0.0360824742268041,75.60035576638008,2.0753038837829827,57.18576934479692,102.02525941298548,-0.9854094938979037,0.9706982283245379,-1.9561077222224417,1.7159717898855966,-2.7013812837835003,3,3
19001,32,2,0,,,0.0,7085.0,0.2217360621030346,22.850642201834862,0.0,13.772431291178547,9.8,56560.741011858576,0.0420765027322404,45.16584333098095,2.8228652081863093,,,-0.9482770231906108,0.7076342722900232,-1.6559112954806339,2.1915324503339044,-3.1398094735245152,3,1
19003,22,0,1,13250356.0,18607976.0,0.045454545454545456,3670.0,0.0,19.120599455040875,0.0,13.638100302179836,11.6,52206.571941965296,0.0390355912743972,59.94550408719346,0.0,3610.451226158038,5070.293188010899,-1.3535606386007435,2.4928472370184354,-3.846407875619179,-0.7392454361446669,-0.6143152024560766,3,3
19005,38,1,1,134553.0,284692.0,0.02631578947368421,13813.0,0.4369072612756099,23.130449576485915,0.0,14.74104187938898,11.1,55345.00782705634,0.0294667241627138,27.51031636863824,0.7239556939115326,9.741041048287844,20.610439441106205,-0.6152155417048819,-0.2494277226229864,-0.3657878190818955,0.45103370951740446,-1.0662492512222863,3,3
19007,56,0,1,64914.0,41976.0,0.017857142857142856,12452.0,0.6763572116929008,25.136813363315127,0.6,17.311392765901058,16.1,42573.97980292194,0.0650204299165038,44.97269514937359,0.0,5.213138451654353,3.371024734982332,0.09651250504210825,-0.40380312505971444,0.5003156301018227,-0.7392454361446669,0.8357579411867752,3,3
19009,27,0,0,,,0.0,5571.0,0.0,20.467205169628432,0.0,13.438199667384671,10.2,55174.360012973375,0.0175794455713319,48.46526655896607,0.0,,,-1.3397259444563392,0.8231134524987376,-2.1628393969550768,-0.7392454361446669,-0.6004805083116723,3,1
19011,73,0,2,73215.0,222553.0,0.0273972602739726,25636.0,0.5581994070837885,22.73341004836948,0.0,14.016033878101108,8.0,71787.61366475216,0.029902032460886,28.47558121391793,0.0,2.855944765173974,8.681268528631612,-0.7016759412131869,-0.6096047577129219,-0.092071183500265,-0.7392454361446669,0.037569494931479985,3,3
19013,287,2,11,3495250.0,4406603.0,0.03832752613240418,132393.0,0.8257385209187796,29.28404825028514,0.2894736842105263,14.125209270369277,14.2,56747.287690607656,0.0438117614539423,21.67788327177419,0.15106538865347865,26.400564984553565,33.28425974182925,0.44794856597644456,-0.0817460162755755,0.52969458225202,-0.43176964302485765,0.8797182090013023,3,3
19015,82,1,3,2745728.0,329383.0,0.036585365853658534,26370.0,0.4715206674251043,24.165377322715205,0.0,13.74503117861206,8.2,67835.15590875605,0.0277220877981334,31.09594235874099,0.37921880925293894,104.12317026924535,12.49082290481608,-0.6781202896116234,0.23788689949022138,-0.9160071891018448,-0.03656420272007363,-0.6415560868915497,3,3
19017,72,0,3,420146.0,1120692.0,0.041666666666666664,24864.0,0.24549549549549549,25.64794481981982,0.0,11.69159237729247,7.8,74613.37187807629,0.0229449766094898,28.957528957528957,0.0,16.897763835263834,45.072876447876446,-0.8384722508680497,0.03361908304732176,-0.8720913339153714,-0.7392454361446669,-0.0992268147233828,3,3
19019,70,0,6,828204.0,1551143.0,0.08571428571428572,21118.0,0.40022729425134956,22.15081447106734,0.0,13.913670488635288,8.8,68722.31255712525,0.0222180905456911,33.147078321810774,0.0,39.21791836348139,73.4512264418979,-0.8671215446187693,0.37703542684245245,-1.2441569714612217,-0.7392454361446669,-0.12787610847410247,3,3
19021,77,1,0,,,0.0,20058.0,0.6622793897696679,22.87739056735467,0.0,14.083258859956127,12.2,60548.176270120144,0.0507525697503671,38.38867284873866,0.4985541928407618,,,-0.32247983173545564,0.44204606106735694,-0.7645258928028126,0.1447976242177322,-0.4672774559531878,3,1
19023,38,1,1,122783.0,114341.0,0.02631578947368421,14628.0,0.18539786710418377,22.440073831009027,0.0,13.720428671930545,7.9,60537.5770270094,0.0287255563047875,25.977577249111295,0.6836204539239814,8.393697019414821,7.816584632212196,-1.1335836053274224,-0.47766398364623175,-0.6559196216811907,0.3992916846158664,-1.5328752899432887,3,3
19025,42,1,1,31569.0,12204.0,0.023809523809523808,9744.0,0.5480295566502463,23.5752052545156,0.0,13.648284383415437,11.6,55458.419728341294,0.0230978260869565,43.10344827586207,1.026272577996716,3.2398399014778323,1.2524630541871922,-0.4315526398770407,-0.6361291684348259,0.20457652855778524,0.8041617182642948,-1.2357143581413355,3,3
19027,68,1,0,,,0.0,20281.0,0.4950446230462009,25.157842315467676,0.0,12.774173130762783,9.3,62760.23830733224,0.0203705410636925,33.52891869237217,0.4930723337113555,,,-0.5126059342043486,0.2217605869624907,-0.7343665211668393,0.13678813092516234,-0.6493940651295109,3,1
19029,61,1,0,,,0.0,13091.0,0.8157512795050035,24.179054312122833,0.0,14.836447682377207,14.8,53194.42139988656,0.024203431372549,46.59689863264839,0.7638835841417768,,,0.09802806438802165,0.758702677204207,-0.6606746128161853,0.5010743583004107,-0.40304629391238905,3,1
19031,63,1,9,1278889.0,691925.0,0.14285714285714285,18457.0,0.521157284499106,18.972985859023673,0.0,15.181673750501165,7.9,71857.56866928305,0.0308822050095563,34.133391125318305,0.5417998591320367,69.29018800455111,37.488486752993445,-1.0246232017521997,0.3943025717000302,-1.4189257734522298,0.20697491341918262,-1.2315981151713822,3,3
19033,116,1,2,130690.0,2098618.0,0.017241379310344827,42834.0,0.7937386188541813,25.951529159079236,0.0,14.544843045034318,10.7,57196.69559850317,0.0397004069616417,27.081290563570995,0.23345940141009477,3.051080917028529,48.99421020684503,-0.04507879135463188,-0.31889001348481893,0.27381122213018705,-0.28067439532070404,0.23559560396607215,3,3
19035,57,1,4,10381002.0,24611191.0,0.07017543859649122,11343.0,0.8169796350171912,22.253883452349466,0.0,13.599605603720354,9.9,59938.719791252406,0.0322473404255319,50.25125628140704,0.8816009873931059,915.1901613329807,2169.725028652032,-0.3406652169582894,1.9314761580094693,-2.2721413749677586,0.6422697386615809,-0.9829349556198703,3,3
19037,53,1,2,25929.0,284905.0,0.03773584905660377,12026.0,0.778563113254615,21.569773823382675,0.0,13.647099568185597,8.8,63631.496091035326,0.0167420814479638,44.07117911192416,0.8315316813570597,2.15607849659072,23.69075336770331,-0.4996389792543305,-0.2425967488839289,-0.2570422303704016,0.5833254826791161,-1.0829644619334466,3,3
19039,43,0,1,3462351.0,3256978.0,0.023255813953488372,9360.0,0.5490384615384616,21.342371794871795,0.0,14.522630845833335,10.5,57688.50047884165,0.030258457659172,45.940170940170944,0.0,369.9092948717949,347.96773504273506,-0.6617321533763216,1.3391013677350208,-2.0008335211113426,-0.7392454361446669,0.07751328276834524,3,3
19041,67,1,2,344763.0,864459.0,0.029850746268656716,16211.0,0.6911356486336439,25.30421935722657,0.0,14.259142231077664,10.5,53548.43611978538,0.0420455887563481,41.329961137499225,0.6168650916044661,21.267225957683056,53.325458022330515,-0.21614042087305962,0.3059508186116452,-0.5220912394847048,0.31087145981903125,-0.5270118806920909,3,3
19043,70,1,6,930864.0,1238734.0,0.08571428571428572,17625.0,0.0,23.34377304964539,0.0,15.100974042042555,10.5,56337.096982221905,0.0242671534414259,39.71631205673759,0.5673758865248227,52.81497872340425,70.28278014184397,-1.1097999626947184,0.5320490751962781,-1.6418490378909965,0.24293176634203395,-1.3527317290367522,3,3
19045,133,1,6,568093.0,6907349.0,0.045112781954887216,46909.0,0.8397109296723443,30.81339401820546,0.5,17.922852903899038,13.3,54785.367790809105,0.0454604214245701,28.35276812551962,0.21317870771067385,12.110533159947984,147.24997335266153,0.5208258135282877,0.17109190749798864,0.3497339060302991,-0.3169076275422188,0.8377334410705065,3,3
19047,46,1,2,122642.0,451230.0,0.043478260869565216,17034.0,0.8881061406598567,22.680509569097104,0.0,15.406139963073855,11.2,59096.07996394834,0.066571224051539,27.004813901608546,0.5870611717740989,7.199835622871904,26.48996125396266,-0.1529907743342852,-0.2747171684576976,0.12172639412341241,0.27020957912140436,-0.42320035345568957,3,3
19049,220,3,4,308249.0,864285.0,0.01818181818181818,87099.0,0.6263332529650169,24.810652246294445,0.06666666666666667,11.227823534736334,6.0,93781.04311954416,0.0272993507956337,25.258613761352024,0.34443564220025485,3.5390647424195456,9.923018633968242,-0.5967374518645919,-0.6150865149835031,0.018349063118911157,-0.09238869560742355,-0.5043487562571684,3,3
19051,24,0,0,,,0.0,8920.0,0.0,24.748374439461884,0.0,16.643896467488787,11.6,67203.44101935576,0.0302330948534502,26.90582959641256,0.0,,,-0.939467942123512,-0.1344966703780285,-0.8049712717454836,-0.7392454361446669,-0.20022250597884517,3,1
19053,28,1,0,,,0.0,7979.0,0.0,26.346772778543677,0.0,14.958080167564859,18.3,47126.35471898612,0.0475448168355417,35.09211680661737,1.2532898859506203,,,-0.4138811201230183,0.2958307558763454,-0.7097118759993637,1.0362490958098827,-1.450130215932901,3,1
19055,39,1,2,69808.0,1117368.0,0.05128205128205128,17183.0,0.5222021765698656,20.44161671419426,0.0,12.908826621893732,8.7,67570.17483098747,0.0197988353626257,22.69685153931211,0.5819705522900541,4.06262003142641,65.02752720712331,-0.8667144875446028,-0.31181868387513667,-0.5548958036694661,0.26318810204135346,-1.1299025895859562,3,3
19057,128,1,3,3302630.0,4915345.0,0.0234375,39386.0,0.9378713248362363,30.824584877875388,0.36363636363636365,16.994711723734323,14.3,54339.13965584682,0.0520159283225485,32.49885746204235,0.2538973239222059,83.85289189051947,124.79929416543949,0.6889781390036432,0.6310379449141893,0.057940194089453945,-0.24475801941053696,0.9337361584141802,3,3
19059,64,0,3,973755.0,2025429.0,0.046875,17127.0,0.43335084953582065,28.076662579552753,0.0,12.753154175278802,7.9,63562.601010815495,0.0194950463406839,37.36789863957494,0.0,56.85496584340515,118.25941495883693,-0.44998296579739067,0.6112327092889124,-1.061215675086303,-0.7392454361446669,0.2892624703472762,3,3
19061,227,2,9,828316.0,2886918.0,0.039647577092511016,96982.0,0.7460662803406818,28.68440329133241,0.07692307692307693,12.95723135281805,9.6,66808.08925132504,0.038730050029485,23.406405312325997,0.20622383535088987,8.540925120125385,29.767565115176012,0.037333494995153114,-0.29654406524600146,0.33387756024115456,-0.32947273733493126,0.36680623233008436,3,3
19063,54,0,1,114244.0,534303.0,0.018518518518518517,9438.0,0.8264462809917356,25.859525323161687,0.25,15.38985920131384,9.8,54652.877251924816,0.0357434640522875,57.2155117609663,0.0,12.104683195592287,56.61188811188811,-0.07118580160664921,0.37625126974976647,-0.4474370713564157,-0.7392454361446669,0.6680596345380176,3,3
19065,69,0,4,539619.0,1002169.0,0.057971014492753624,19803.0,0.3154067565520376,26.231843660051506,0.0,14.142786495934958,13.9,54191.81017660749,0.0306748466257668,34.84320557491289,0.0,27.249356158157855,50.606928243195476,-0.34826177340570214,0.25673113430109956,-0.6049929077068017,-0.7392454361446669,0.39098366273896473,3,3
19067,53,3,2,219907.0,1324603.0,0.03773584905660377,15786.0,0.8074876472824021,26.882655517547196,0.4,15.694961774103637,11.5,53426.544824011835,0.0223964165733482,33.574052958317495,1.9004180919802356,13.930508045103256,83.90998352970988,0.08705554551940536,0.18728717538351636,-0.100231629864111,1.5880123760624625,-1.5009568305430572,3,3
19069,31,0,0,,,0.0,10162.0,1.0,20.73964770714426,0.0,14.440855516630586,11.3,59799.86970650168,0.0346101497180633,30.505805943711866,0.0,,,-0.16838222036162087,0.06848319319150764,-0.2368654135531285,-0.7392454361446669,0.570863215783046,3,1
19071,31,0,0,,,0.0,6946.0,1.0,21.06907572703714,0.0,14.186085955801902,9.8,60150.70465346728,0.0360520094562647,44.630002879355025,0.0,,,-0.23548084387537285,0.6881039302511608,-0.9235847741265336,-0.7392454361446669,0.503764592269294,3,1
19073,55,1,0,,,0.0,8950.0,0.513854748603352,23.465240223463688,0.0,14.63869677932961,10.7,56228.98470249232,0.0454163162321278,61.452513966480446,1.1173184357541899,,,-0.5315029810538637,1.2131194956629834,-1.744622476716847,0.9002205447270513,-1.431723525780915,3,1
19075,47,0,2,947072.0,1545730.0,0.0425531914893617,12299.0,0.0,21.61077323359623,0.0,13.845924397186764,6.7,72115.13027687413,0.0221698113207547,38.21448898284413,0.0,77.00398406374502,125.67932352223758,-1.468703992326273,0.7013957042711643,-2.170099696597437,-0.7392454361446669,-0.7294585561816062,3,3
19077,46,0,1,24334.0,344248.0,0.021739130434782608,10669.0,0.589089886587309,24.719064579623208,0.0,14.179326197019403,9.9,64826.030789616074,0.0300491713713349,43.115568469397324,0.0,2.2808135720311182,32.26619177055019,-0.4063812817650527,-0.1901976144497404,-0.21618366731531233,-0.7392454361446669,0.33286415437961414,3,3
19079,46,0,0,,,0.0,14997.0,0.6856037874241515,22.22349136493965,0.0,15.380293580582784,8.5,64559.989787536426,0.0270127118644067,30.672801226912046,0.0,,,-0.5706032229873187,0.07732676321005222,-0.6479299861973709,-0.7392454361446669,0.16864221315734818,3,1
19081,33,0,2,181538.0,344758.0,0.06060606060606061,10802.0,0.18894649139048325,28.001110905387886,0.0,13.703274247824478,9.9,65461.985376260665,0.0219951506754416,30.54989816700611,0.0,16.805961858915015,31.91612664321422,-0.5987696702789155,-0.001472201002312173,-0.5972974692766033,-0.7392454361446669,0.1404757658657514,3,3
19083,66,1,1,127430.0,24475.0,0.015151515151515152,17061.0,0.3461110134224254,23.888799015298048,0.0,15.508523637360062,10.4,57443.65796298348,0.0177001388246182,38.684719535783366,0.5861321141785358,7.469081530977082,1.4345583494519665,-0.7004922902774817,-0.5259977067901146,-0.17449458348736713,0.2689298142517676,-0.9694221045292493,3,3
19085,53,2,1,106217.0,263674.0,0.018867924528301886,14089.0,0.7973596422741146,24.75068493150685,0.2,14.815432238412946,9.8,67680.4069593392,0.0153929246556845,37.61799985804529,1.419547164454539,7.539002058343389,18.714883952019306,-0.184313589516537,-0.14858988558769864,-0.03572370392883836,1.1918339973969194,-1.3761475869134565,3,3
19087,65,1,1,23492.0,24187.0,0.015384615384615385,19941.0,0.6599468431874028,25.592242114237003,0.0,16.11720655087508,12.7,56707.010566786834,0.0548867578045296,32.59615866807081,0.5014793641241663,1.1780753222004914,1.212928138007121,-0.09480378528519633,-0.9398951251200257,0.8450913398348294,0.14905958438761077,-0.24386336967280708,3,3
19089,37,0,2,293874.0,208690.0,0.05405405405405406,9226.0,1.0,21.197637112508133,0.0,13.065436425753306,9.9,58359.43256775169,0.0241486068111455,40.1040537611099,0.0,31.852807283763276,22.61977021461088,-0.2199320742204162,0.22078720044760203,-0.4407192746680182,-0.7392454361446669,0.5193133619242507,3,3
19091,35,0,0,,,0.0,9554.0,0.8213313795268997,21.181703998325307,0.0,14.138625051078083,9.6,57845.36927688065,0.0405934473521533,36.63387063010257,0.0,,,-0.43310530662836505,0.36580693176399065,-0.7989122383923557,-0.7392454361446669,0.3061401295163018,3,1
19093,33,0,1,139281.0,547323.0,0.030303030303030304,6901.0,0.0,19.457571366468624,0.0,13.243768985654253,9.4,61928.197723138896,0.0256844482077335,47.81915664396465,0.0,20.182727140994057,79.31067961165049,-1.4627285795941212,0.44736770413363686,-1.910096283727758,-0.7392454361446669,-0.7234831434494543,3,3
19095,57,1,5,414869.0,1676066.0,0.08771929824561403,16189.0,0.2437457532892705,22.541725863240472,0.0,15.67982921551671,7.6,65124.92944533903,0.0292944260800182,35.209092593736486,0.6177033788374823,25.626598307492742,103.53116313546235,-1.081104074159769,0.3810531023603431,-1.4621571765201122,0.312004278945936,-1.3931083531057051,3,3
19097,53,1,2,82379.0,208395.0,0.03773584905660377,19401.0,0.8010411834441523,26.650961290655122,0.3333333333333333,17.24823991474666,9.3,59320.783917896086,0.0367268691353042,27.31817947528478,0.5154373485902789,4.246121333951858,10.741456625947116,-0.07094495719086452,-0.5271598659756432,0.4562149087847787,0.16928262941739905,-0.24022758660826357,3,3
19099,101,0,4,231181.0,461302.0,0.039603960396039604,36971.0,0.6455329853128128,23.448762543615263,0.3333333333333333,15.728210600200155,9.6,62484.65798645292,0.037738870502829,27.3187092586081,0.0,6.253036163479484,12.477401206350924,-0.45691576973600395,-0.42906563611165094,-0.027850133624353013,-0.7392454361446669,0.2823296664086629,3,3
19101,86,3,2,10021516.0,86063937.0,0.023255813953488372,18148.0,0.7756226581441481,26.88853317169936,0.5,17.096366284824775,14.1,50566.869032733346,0.0663228468282619,47.38814194401587,1.6530747189772979,552.2104915142164,4742.337282345162,0.2112554958176304,1.93282451312466,-1.7215690173070295,1.3932049369720516,-1.1819494411544211,3,3
19103,311,3,10,1042824.0,5724064.0,0.03215434083601286,148577.0,0.5053743176938557,32.180078343215975,0.3333333333333333,15.001903537465424,15.5,66289.7862632097,0.0347308274817568,20.931907361166264,0.20191550509163597,7.0187444893893405,38.52590912456167,0.3928224972877503,-0.3481622939155997,0.74098479120335,-0.33729282998178817,0.7301153272695384,3,3
19105,60,0,2,452333.0,899165.0,0.03333333333333333,20559.0,0.5637920132302154,27.400661510773872,0.2,15.194529638260615,10.3,60997.584178015655,0.0318458816591311,29.184298847220198,0.0,22.001702417432753,43.73583345493458,-0.212142990537643,0.08833797169197888,-0.30048096222962184,-0.7392454361446669,0.5271024456070239,3,3
19107,33,1,0,,,0.0,10188.0,0.2565763643502159,28.670111896348644,0.25,15.9663092876914,11.1,56049.85749392076,0.0472827153227388,32.391048292108366,0.9815469179426777,,,-0.4031418958542244,0.1657037718549247,-0.5688456677091491,0.7553807187336941,-1.1585226145879184,3,1
19109,114,1,14,2303933.0,6434975.0,0.12280701754385964,14978.0,0.4023234076645747,22.185752436907464,0.0,14.209142584323676,10.2,59433.13589486997,0.0304555084745762,76.11163039124048,0.6676458806249166,153.82113766858058,429.62845506743224,-0.777029156410876,1.4601135543073738,-2.23714271071825,0.37845600492704,-1.155485161337916,3,3
19111,97,0,4,259429.0,355223.0,0.041237113402061855,34227.0,0.7589037894060244,25.12158821982645,0.36363636363636365,16.24267825640576,14.4,52534.08855408726,0.0694585701465749,28.340199257895815,0.0,7.5796593332749,10.378443918543839,0.08138242799654462,-0.4034313039490904,0.484813731945635,-0.7392454361446669,0.8206278641412115,3,3
19113,516,2,13,3844744.0,11230698.0,0.025193798449612403,223861.0,0.8636966689150857,26.09676138317974,0.26666666666666666,14.122071166098605,9.9,68792.26756165616,0.0368046503720135,23.050017644877848,0.08934115366231725,17.174693224813613,50.168175787653944,-0.007249532403699531,-0.0658352671046193,0.058585734700919774,-0.5522240963268408,0.5449745639231413,3,3
19115,30,1,0,,,0.0,11178.0,0.0,18.848684916800856,0.6666666666666666,17.01322885399893,9.8,60069.090481514555,0.0477723191597492,26.838432635534087,0.8946144211844694,,,-1.483173755101183,-0.13854180335508118,-1.3446319517461018,0.6573330664390686,-2.1405068215402516,3,1
19117,29,0,0,,,0.0,8583.0,0.4952813701502971,21.03576837935454,0.0,12.921488816847258,13.7,58513.121592857475,0.0340535462658525,33.787719911452875,0.0,,,-0.5477273779807234,0.23425233717712673,-0.78197971515785,-0.7392454361446669,0.19151805816394352,3,1
19119,44,0,0,,,0.0,11776.0,0.5046705163043478,21.62127207880435,0.0,12.678135127207883,7.8,68876.00158223102,0.0193673337637185,37.36413043478261,0.0,,,-0.8537278938276497,0.39795693670664073,-1.2516848305342905,-0.7392454361446669,-0.11448245768298282,3,1
19121,53,0,3,1529311.0,1507068.0,0.05660377358490566,16012.0,1.0,20.917686734948788,0.0,12.678410971646265,7.0,70289.94061320416,0.0276306700437485,33.10017486884836,0.0,95.51030477142143,94.12115913065202,-0.4171176666739013,0.6174753311206623,-1.0345929977945636,-0.7392454361446669,0.32212776947076555,3,3
19123,64,2,2,667675.0,558526.0,0.03125,22164.0,0.82877639415268,21.861893160079408,0.42857142857142855,15.880019359231184,11.7,58110.35035464923,0.0387961029923451,28.875654214040786,0.9023641941887746,30.124300667749505,25.199693196173975,-0.24711092088889677,0.0501700976049535,-0.29728101849385025,0.6662545174318183,-0.913365438320715,3,3
19125,178,2,6,249462.0,1947142.0,0.033707865168539325,33172.0,0.6739720245990595,21.812531653201496,0.125,14.04010214852888,8.0,64695.660099353925,0.0220898629503267,53.65971301097311,0.6029181237187989,7.5202580489569515,58.698360062703486,-0.6439002197498033,0.25163250773289675,-0.8955327274827001,0.291937565643901,-0.9358377853937043,3,3
19127,116,0,8,824916.0,1833741.0,0.06896551724137931,39964.0,0.6854168751876689,24.786840656590932,0.4,16.962212973476134,12.0,59818.948344101016,0.0503441692207204,29.026123511160044,0.0,20.641477329596636,45.88482133920528,-0.16907220072182252,0.08056436839880197,-0.24963656912062449,-0.7392454361446669,0.5701732354228444,3,3
19129,47,1,1,83930.0,335439.0,0.02127659574468085,15034.0,0.6124783823333777,29.179632832246906,0.0,13.606772172276175,8.5,76398.28441792542,0.0400622325943212,31.26247173074365,0.6651589729945457,5.582679260343222,22.312026074231742,-0.13806013969532685,-0.2756414227013758,0.13758128300604897,0.3751943808023133,-0.5132545204976402,3,3
19131,47,0,2,2383444.0,849899.0,0.0425531914893617,10608.0,1.0,20.958898944193063,0.0,13.593615857654601,9.2,61795.707184254614,0.0224800580130529,44.30618401206636,0.0,224.6836349924585,80.11868401206637,-0.28012286999999925,0.9358300299527588,-1.215952899952758,-0.7392454361446669,0.4591225661446676,3,3
19133,36,0,0,,,0.0,8730.0,0.5208476517754869,25.44250859106529,0.0,13.827387457159222,12.6,50457.696828692686,0.0301258992805755,41.23711340206186,0.0,,,-0.26273790513488793,0.5588476130779704,-0.8215855182128583,-0.7392454361446669,0.47650753100977894,3,1
19135,32,1,2,718105.0,732664.0,0.0625,7807.0,0.26360958114512617,27.159779684898172,0.3333333333333333,15.36224775701294,10.2,61760.72968198916,0.0393401015228426,40.98885615473293,1.280901754835404,91.98219546560779,93.84706033047266,-0.5614489791817138,0.724663851635592,-1.2861128308173058,1.0628677049662147,-1.6243166841479284,3,3
19137,36,1,3,1287750.0,2646936.0,0.08333333333333333,10053.0,1.0,23.374097284392718,0.25,14.717372455585398,13.0,54793.847185297695,0.0406071358170707,35.810205908683976,0.9947279419078882,128.0960907191883,263.29811996418977,0.12897744984931878,0.9159899024239987,-0.7870124525746799,0.7698703856922264,-0.6408929358429076,3,3
19139,103,0,4,279907.0,1621141.0,0.038834951456310676,42889.0,0.6586770500594558,25.546137704306467,0.3,15.909481173471054,11.7,61955.75575522683,0.0299716484406642,24.015481825176618,0.0,6.52631210799972,37.79852642868801,-0.16046501095189425,-0.2924255400363649,0.13196052908447065,-0.7392454361446669,0.5787804251927726,3,3
19141,50,1,0,,,0.0,13835.0,0.36226960607155767,25.332873147813515,0.0,13.669884769063968,9.1,56921.115277623845,0.0188781746570691,36.14022406938923,0.7228044813877846,,,-0.655875629564703,0.34371855958318087,-0.9995941891478839,0.4495737913410515,-1.1054494209057546,3,1
19143,17,0,0,,,0.0,6052.0,1.0,21.990251156642433,0.0,14.605756352280236,10.5,63303.97947891336,0.0290443472829481,28.089887640449437,0.0,,,-0.12507619155630748,-0.06498052087066701,-0.060095670685640465,-0.7392454361446669,0.6141692445883594,3,1
19145,55,0,1,59646.0,15425.0,0.01818181818181818,15268.0,0.6284385643175269,24.08300366780194,0.0,13.524507720854073,13.8,54975.09424249141,0.0464354001638896,36.023054755043226,0.0,3.9066020434896513,1.0102829447209851,-0.17303756023734254,-0.7223535958674246,0.5493160356300821,-0.7392454361446669,0.5662078759073244,3,3
19147,41,1,0,,,0.0,9003.0,0.5973564367433077,19.51072975674775,0.0,13.2984736322337,10.7,56103.91363378555,0.0144148020654044,45.540375430412084,1.1107408641563923,,,-0.731934343616377,0.7211511065923805,-1.4530854502087576,0.8934205445337118,-1.6253548881500888,3,1
19149,88,3,5,1755228.0,13474456.0,0.056818181818181816,25068.0,0.5295994893888623,19.906881282910483,0.0,12.5135118020584,8.7,71329.72636236806,0.0177101704879482,35.10451571724908,1.1967448539971277,70.01866921972236,537.5161959470241,-0.8980393910443004,0.9047403833332597,-1.80277977437756,0.9807049249734765,-1.878744316017777,3,3
19151,29,2,0,,,0.0,6797.0,0.2958658231572753,21.592261291746354,0.0,14.40315699087833,11.1,55590.91026722558,0.0326150262085032,42.665882006767696,2.9424746211563924,,,-0.8813292225771804,0.6145002943003134,-1.4958295168774938,2.2588647274755633,-3.1401939500527436,3,1
19153,2736,15,52,18963692.0,229567781.0,0.019005847953216373,479612.0,0.8633124275455993,27.229542630292826,0.23469387755102042,14.184096350466627,11.5,71690.10062813332,0.0423083085246304,57.046112274088216,0.3127528085202205,39.53965288608292,478.6531216900328,0.1731112728497468,1.0227086217937313,-0.8495973489439845,-0.14450892326116574,0.3176201961109125,3,3
19155,169,1,5,431496.0,439499.0,0.029585798816568046,93393.0,0.708800445429529,28.76232908247941,0.4,15.981045711273863,11.6,63664.35374467863,0.0375716062218416,18.095574614799826,0.10707440600473268,4.6202177893418135,4.705909436467401,0.12444333724906048,-0.8663289221990427,0.9907722594481032,-0.5169328188270794,0.64137615607614,3,3
19157,61,2,3,257906.0,516277.0,0.04918032786885246,18388.0,0.4978790515553622,23.354432238416358,0.2,16.29243646296498,10.3,57079.04399997392,0.0398,33.173809005873395,1.0876658690450294,14.025777681096367,28.076843593648032,-0.5813357580215327,-0.017997279001628858,-0.5633384790199039,0.8693965322517321,-1.450732290273265,3,3
19159,31,0,2,118891.0,113999.0,0.06451612903225806,4964.0,0.4240531829170024,27.400624496373894,0.0,13.727669010273972,14.1,58583.07659738837,0.0463203463203463,62.44963738920225,0.0,23.95064464141821,22.96514907332796,-0.1322771941611102,0.40415708982580134,-0.5364342839869115,-0.7392454361446669,0.6069682419835567,3,3
19161,34,0,1,6167.0,-352.0,0.029411764705882353,9802.0,0.27004692919812284,21.342297490308102,0.0,13.837170378800247,10.0,61721.51248247941,0.0256012412723041,34.68679861252806,0.0,0.6291573148337074,-0.035911038563558456,-0.9946986453772406,-1.1260536325313522,0.13135498715411154,-0.7392454361446669,-0.25545320923257375,3,3
19163,366,3,14,3442407.0,6248796.0,0.03825136612021858,172446.0,0.8151421314498452,28.857766489219816,0.2553191489361702,14.362769022140265,11.0,64849.34912445971,0.0384659116750807,21.224035350196583,0.1739675028704638,19.96223165512682,36.23624786889809,0.21023844838421857,-0.13738746202404045,0.347625910408259,-0.3887125622078971,0.5989510105921156,3,3
19165,56,1,2,236562.0,1529961.0,0.03571428571428571,11606.0,0.5612614165087024,25.300379114251246,0.0,12.139856517921762,8.8,61475.61004231017,0.0214748144639191,48.2509047044632,0.8616232982939858,20.382733069102187,131.8250043081165,-0.46076411080134494,0.5483732840213024,-1.0091373948226474,0.6189411973425127,-1.0797053081438577,3,3
19167,91,3,9,7334884.0,4951992.0,0.0989010989010989,34827.0,0.37826973325293595,21.8747207626267,0.0,13.13837737508255,6.9,74029.35358267433,0.0269090909090909,26.129152668906308,0.8614006374364718,210.6091251040859,142.18830217934362,-1.0269403031131457,0.741647624149255,-1.7685879272624008,0.6186797813757957,-1.6456200844889413,3,3
19169,177,3,3,603986.0,1357855.0,0.01694915254237288,96941.0,0.7364376270102433,30.256446704696668,0.05,14.032189366594114,14.9,60157.06419933373,0.0449027324027324,18.258528383243416,0.3094665827668376,6.230449448633705,14.007024891428808,0.4652918156995007,-0.6246796985529768,1.0899715142524775,-0.1499868050723856,0.6152786207718863,3,3
19171,50,1,4,541652.0,688349.0,0.08,17032.0,0.21036871770784407,22.828170502583372,0.3333333333333333,16.745199429720525,12.3,59394.978619671296,0.0340299189220052,29.35650540159699,0.5871301080319399,31.80201972757163,40.41504227336778,-0.810026295838969,0.1563421499766044,-0.9663684458155735,0.27030450806994605,-1.080330803908915,3,3
19173,29,1,1,122230.0,311526.0,0.034482758620689655,6167.0,0.0,21.76241284254905,0.0,14.267777289605966,13.0,53453.042931788696,0.0361990950226244,47.02448516296417,1.6215339711366954,19.820009729203825,50.514999189233016,-1.0739267372096002,0.351403836378565,-1.4253305735881652,1.367067019810189,-2.4409937570197893,3,3
19175,42,1,3,831642.0,951036.0,0.07142857142857142,12358.0,0.8416410422398446,23.083443922964882,0.0,14.49600428936721,13.7,52890.22312260823,0.0440398381574852,33.9860818902735,0.8091924259588931,67.29584075093057,76.95711280142417,-0.021495654729186908,0.5173947632159505,-0.5388904179451374,0.5565047625349389,-0.5780004172641258,3,3
19177,30,1,0,,,0.0,7150.0,1.0,25.30875524475524,1.0,17.68618414321678,14.8,51502.78219941196,0.0521901211556384,41.95804195804196,1.3986013986013985,,,0.3809355266799952,0.5871602386412577,-0.20622471196126246,1.172831842511168,-0.7918963158311727,3,1
19179,103,0,1,32378.0,219774.0,0.009708737864077669,35141.0,0.8195270481773427,28.79139182151902,0.5454545454545454,17.124869782334024,13.8,49017.259689942686,0.0586307984135195,29.310492017870864,0.0,0.9213738937423522,6.25406220653937,0.3806068179421811,-0.8034744873894596,1.1840813053316408,-0.7392454361446669,1.1198522540868479,3,3
19181,95,1,4,394122.0,840924.0,0.042105263157894736,50076.0,0.8787642782969886,27.689102564102566,0.0,11.89191822461858,5.8,81665.0483196537,0.029846901221846,18.971163830976916,0.19969646137870437,7.870476875149772,16.792954708842558,-0.12340391986732667,-0.5269631452768216,0.40355922540949496,-0.3413315821350688,0.21792766226774213,3,3
19183,74,2,3,840516.0,2499800.0,0.04054054054054054,22100.0,0.5571945701357466,23.23937104072398,0.0,14.94190712963801,9.5,66304.62520356475,0.0313544076072988,33.484162895927604,0.9049773755656109,38.03239819004525,113.1131221719457,-0.5741988047264336,0.4556159460882972,-1.0298147508147308,0.6692545905698619,-1.2434533952962954,3,3
19185,30,0,1,61766.0,113814.0,0.03333333333333333,6429.0,0.5977601493233784,20.921138590760616,0.0,15.10060692347177,14.7,47450.691558174854,0.0168598524762908,46.66355576294913,0.0,9.607403950847722,17.703219785347642,-0.38415046490747734,0.007347725083874064,-0.3914981899913514,-0.7392454361446669,0.3550949712371895,3,3
19187,113,2,7,1080665.0,1357725.0,0.061946902654867256,36545.0,0.6428239157203448,24.655791489943905,0.25,15.923200172581746,14.0,50310.36734945336,0.0406132021507836,30.920782596798468,0.547270488438911,29.570803119441784,37.152141195786015,-0.10311506070212417,0.15330154335144472,-0.2564166040535689,0.21471585880603847,-0.31783091950816267,3,3
19189,46,0,1,,993.0,0.021739130434782608,10534.0,0.3661477121701158,24.494437060945508,0.0,14.287468786785647,11.4,52858.425393276,0.0338684071264773,43.66812227074236,0.0,,0.09426618568445035,-0.5733112200105611,-0.6173459069003011,0.04403468688973999,-0.7392454361446669,0.16593421613410575,3,2
19191,64,1,5,895789.0,900056.0,0.078125,20262.0,0.44388510512289014,25.269025762511106,0.0,12.092697418320007,7.9,69173.84031364291,0.0197263493662385,31.586220511301946,0.4935346954890929,44.210295133747906,44.4208863883131,-0.6451469247106024,0.2847463783623518,-0.9298933030729541,0.13746481803824803,-0.7826117427488505,3,3
19193,226,3,17,1871816.0,6544772.0,0.0752212389380531,102586.0,0.7017916674789932,25.579729202815194,0.11538461538461539,13.818654051127833,12.9,62772.957399065126,0.0431963453497154,22.030296531690485,0.2924375645799622,18.24631041272688,63.79790614703761,-0.03817306901262287,-0.03308376732589644,-0.00508930168672643,-0.1785948762324469,0.14042180721982403,3,3
19195,26,1,2,205850.0,354003.0,0.07692307692307693,7445.0,0.0,19.98073875083949,0.0,14.550823472934857,9.2,60553.47589167552,0.0456441717791411,34.922766957689724,1.343183344526528,27.649429147078575,47.54909335124245,-1.4364122288066896,0.24969588846587842,-1.686108117272568,1.1217445046854724,-2.558156733492162,3,3
19197,50,2,5,2362559.0,1013467.0,0.1,12739.0,0.6226548394693461,23.654541172776515,0.0,14.680986294999608,11.0,56528.94328252635,0.0322145387080452,39.24954863019075,1.5699819452076302,185.45874872438966,79.55624460318707,-0.38133288755426226,0.8259115168373933,-1.2072444043916555,1.323661008125407,-1.7049938956796693,3,3
20001,53,0,2,3435966.0,1061909.0,0.03773584905660377,12556.0,0.6220133800573431,29.233426250398214,0.2,17.060138032175857,16.0,48049.54879393184,0.0455062571103526,42.21089518955081,0.0,273.6513220770946,84.57382924498248,0.33292692438167587,0.9632571972913967,-0.6303302729097209,-0.7392454361446669,1.0721723605263427,3,3
20003,29,0,2,244253.0,93880.0,0.06896551724137931,7835.0,0.35660497766432675,18.72019144862795,0.0,17.668845362603705,11.6,53221.97943197449,0.0344036697247706,37.01340140395661,0.0,31.174601148691767,11.982131461391193,-0.9963501933142064,0.06072455290971065,-1.057074746223917,-0.7392454361446669,-0.2571047571695395,3,3
20005,45,1,0,,,0.0,16268.0,1.0,24.310751167937052,0.25,16.185183252889107,13.6,53461.522326277285,0.0279441117764471,27.661667076469143,0.6147037128104254,,,0.2344318098275636,-0.08978923462262471,0.3242210444501883,0.3079479698758425,-0.0735161600482789,3,1
20007,24,0,0,,,0.0,4624.0,0.0,24.172253460207614,0.0,16.467556062716262,11.7,53180.6423838426,0.0252062328139321,51.903114186851205,0.0,,,-0.9757698277233969,0.9355161126195445,-1.9112859403429414,-0.7392454361446669,-0.23652439157873006,3,1
20009,93,1,4,239467.0,3051421.0,0.043010752688172046,26453.0,1.0,24.782410312629946,0.125,16.691752199674895,15.0,52702.61651954808,0.0385980157868057,35.15669300268401,0.37802895701810757,9.052546025025517,115.35254980531509,0.3543853713567642,0.18278229796874954,0.17160307338801464,-0.03845046171767084,0.39283583307443504,3,3
20011,51,1,4,782268.0,892796.0,0.0784313725490196,14608.0,0.7452765607886089,26.785843373493975,0.2,16.7710337050931,15.4,46548.695969450615,0.0234541577825159,34.91237677984666,0.6845564074479737,53.55065717415115,61.11692223439211,0.24995439534005623,0.4393586911804994,-0.1894042958404432,0.4005063131162611,-0.15055191777620489,3,3
20013,41,1,0,,,0.0,9626.0,0.3590276334926241,25.22755038437565,0.0,15.7749906060669,12.2,51229.321727154784,0.0337909186906019,42.59297735300228,1.0388531061707875,,,-0.4783754278908523,0.6117049309229339,-1.0900803588137862,0.817688994042698,-1.2960644219335502,3,1
20015,120,0,4,223715.0,324793.0,0.03333333333333333,66698.0,0.7265135386368407,27.461276200185914,0.0,14.918527469624276,9.2,68664.01672001617,0.0375771868309181,17.991543974332064,0.0,3.3541485501814146,4.869606285046029,-0.09822256935120899,-0.921077333168237,0.822854763817028,-0.7392454361446669,0.6410228667934579,3,3
20017,23,2,0,,,0.0,2637.0,1.0,24.8,0.0,17.117069,11.4,48070.74728015333,0.0447119518486672,87.22032612817597,7.584376185058779,,,0.13646843206772574,1.7909808330307009,-1.6545124009629752,3.959492004944283,-3.8230235728765574,3,1
20019,10,0,0,,,0.0,3323.0,1.0,22.4,1.0,18.702979,14.7,42712.82988767268,0.0676691729323308,30.09328919650918,0.0,,,0.16081959236273305,0.04643503757536594,0.11438455478736712,-0.7392454361446669,0.9000650285073999,3,1
20021,38,0,0,,,0.0,20179.0,0.7709995539917737,25.47038505376877,0.6666666666666666,18.18931338995986,15.2,45762.23213063348,0.0434394193188163,18.831458446900243,0.0,,,0.16887619292982728,-0.7058927390107681,0.8747689319405954,-0.7392454361446669,0.9081216290744941,3,1
20023,18,0,0,,,0.0,2665.0,1.0,21.4,0.0,15.551923,12.2,50493.734255269206,0.0185614849187935,67.54221388367729,0.0,,,-0.06499058186226432,1.36876897657874,-1.4337595584410043,-0.7392454361446669,0.6742548542824025,3,1
20025,11,0,0,,,0.0,2026.0,1.0,16.7,0.0,16.126161,12.2,56544.842147192474,0.0149551345962113,54.29417571569595,0.0,,,-0.41081742796585247,1.0094660026833975,-1.42028343064925,-0.7392454361446669,0.3284280081788144,3,1
20027,45,0,4,391796.0,1100278.0,0.08888888888888889,8082.0,1.0,27.223261568918584,0.0,16.188830945310567,11.0,57160.65817192664,0.0268082953970662,55.67928730512249,0.0,48.47760455332838,136.13932195001237,0.2904156554767731,0.819986426448251,-0.5295707709714779,-0.7392454361446669,1.02966109162144,3,3
20029,46,0,2,164234.0,390165.0,0.043478260869565216,8938.0,1.0,25.22027299172074,0.0,16.138369932423362,12.1,48091.94576637482,0.0413929040735873,51.465652271201606,0.0,18.374804206757663,43.65238308346386,0.21001659283376709,0.3579528224631421,-0.147936229629375,-0.7392454361446669,0.9492620289784339,3,3
20031,31,0,0,,,0.0,8254.0,1.0,20.105706324206444,0.0,16.19016866598013,9.8,63153.47022674081,0.04135687732342,37.55754785558517,0.0,,,-0.3063657379633808,0.4063697296806436,-0.7127354676440244,-0.7392454361446669,0.4328796981812861,3,1
20033,17,0,2,4760410.0,1602100.0,0.11764705882352941,1740.0,0.0,18.4,0.0,13.584193,12.1,58106.110657404926,0.030398322851153,97.70114942528735,0.0,2735.867816091954,920.7471264367816,-1.3761364773858435,2.381223535386304,-3.7573600127721476,-0.7392454361446669,-0.6368910412411767,3,3
20035,91,0,1,156479.0,417593.0,0.01098901098901099,35351.0,0.926508443891262,24.487151707165285,0.6363636363636364,17.88486061774773,15.2,53104.32783344524,0.0475370518418301,25.74184605810302,0.0,4.426437724533959,11.812763429605951,0.26515050795440015,-0.5352395466030723,0.8003900545574725,-0.7392454361446669,1.004395944099067,3,3
20037,129,2,2,675741.0,1313613.0,0.015503875968992248,38968.0,0.7556969821391911,33.20316413467461,0.36363636363636365,17.31393190800144,17.3,43461.13645129114,0.0512649458613434,33.10408540340792,0.5132416341613631,17.340920755491684,33.71004413878054,0.8491358390206761,0.0584601537502599,0.7906756852704162,0.16611374244974747,0.6830220965709286,3,3
20039,18,0,1,120743.0,488453.0,0.05555555555555555,2860.0,0.4,21.659999999999997,0.0,15.082416400000003,13.9,51008.85747045133,0.0163120567375886,62.93706293706294,0.0,42.21783216783217,170.78776223776225,-0.5929330324121275,0.8990590366075425,-1.49199206901967,-0.7392454361446669,0.1463124037325394,3,3
20041,69,0,0,,,0.0,18828.0,0.5048863394943701,30.51603462927555,0.16666666666666666,16.665439186849373,10.5,52986.676234916,0.0415150866680933,36.647546207775655,0.0,,,-0.03460724979977129,0.36641471728661595,-0.40102196708638727,-0.7392454361446669,0.7046381863448956,3,1
20043,20,0,0,,,0.0,7684.0,0.30830296720458095,22.133823529411764,0.0,14.871318053748046,12.3,52681.41803332659,0.0256215119228817,26.028110359187924,0.0,,,-0.7549247821980721,-0.18795855683132368,-0.5669662253667485,-0.7392454361446669,-0.015679346053405263,3,1
20045,255,3,13,2071658.0,3626452.0,0.050980392156862744,120290.0,0.8671294371934491,30.201071577022194,0.0,12.59174586654751,13.3,62996.60142870181,0.0418850374450267,21.198769640036577,0.24939728988278329,17.222196358799568,30.14757668966664,0.5055013487445116,-0.2026542591597105,0.708155607904222,-0.2526155912829064,0.7581169400274179,3,3
20047,15,0,0,,,0.0,2869.0,0.0,19.199058905542,0.0,15.444035072847683,12.0,53952.267282304696,0.0234482758620689,52.283025444405716,0.0,,,-1.3234307790359672,0.9474865118036003,-2.2709172908395674,-0.7392454361446669,-0.5841853428913003,3,1
20049,15,0,0,,,0.0,2523.0,1.0,27.800000000000004,0.0,17.601286,17.1,41072.06705412964,0.0565853658536585,59.45303210463734,0.0,,,0.7042933589165887,1.1586846800516133,-0.45439132113502456,-0.7392454361446669,1.4435387950612557,3,1
20051,94,1,7,2002034.0,1706499.0,0.07446808510638298,28775.0,0.8941789748045178,28.146147697654214,0.16666666666666666,15.162489231138142,15.6,56051.97734254291,0.0282802701398938,32.66724587315378,0.3475238922675934,69.57546481320591,59.30491746307559,0.5236815250713556,0.4553321881620093,0.06834933690934625,-0.0873741892857421,0.6110557143570977,3,3
20053,40,0,2,113284.0,609001.0,0.05,6231.0,1.0,22.487674530572942,0.0,15.449972134007382,12.3,58191.96452660195,0.0348544735896514,64.19515326592843,0.0,18.18070935644359,97.73728133525918,0.0211299056707992,0.6250918849582807,-0.6039619792874815,-0.7392454361446669,0.7603753418154661,3,3
20055,62,0,1,25131.0,230982.0,0.016129032258064516,36750.0,0.8468027210884354,23.450702040816328,0.16666666666666666,15.757559642340139,11.9,64441.2782646961,0.0396698478204797,16.87074829931973,0.0,0.6838367346938775,6.285224489795918,-0.0984814403632442,-1.1267456080686484,1.0282641677054043,-0.7392454361446669,0.6407639957814226,3,3
20057,69,0,0,,,0.0,34179.0,0.8370051786184499,24.602132888615813,0.2857142857142857,16.61057087091489,11.6,54809.74604996381,0.0580465959979593,20.187834635302377,0.0,,,-0.04265018418984042,-0.5952194547299049,0.5525692705400644,-0.7392454361446669,0.6965952519548264,3,1
20059,70,1,1,176014.0,257675.0,0.014285714285714285,25558.0,1.0,24.0068549964786,0.2,16.44849360728539,11.1,59972.637369206794,0.0373506729169817,27.388684560607246,0.3912669222943892,6.8868456060724625,10.081970420220674,0.05984108062068468,-0.4455459305996639,0.5053870112203486,-0.017555612259307646,0.07739669287999233,3,3
20061,87,1,7,1906378.0,2819529.0,0.08045977011494253,34025.0,0.9444232182218957,27.536811168258634,0.25,14.645588593328434,11.0,56316.95842031149,0.045190548174079,25.56943423952976,0.29390154298310067,56.02874357090375,82.86639235855988,0.25322388907883303,0.3373402300598083,-0.08411634098097526,-0.17612068473581222,0.42934457381464525,3,3
20063,25,0,1,45621.0,136130.0,0.04,2644.0,1.0,24.25378214826021,0.0,14.784167557488654,9.4,51212.3629381776,0.0160427807486631,94.55370650529501,0.0,17.254538577912253,51.48638426626324,-0.025506371156905794,0.709166794126121,-0.7346731652830268,-0.7392454361446669,0.7137390649877611,3,3
20065,14,0,1,120887.0,79378.0,0.07142857142857142,2519.0,0.3175863437872172,26.425446605795955,0.0,13.041325529575227,12.7,49153.98992607128,0.017585931254996,55.577610162763,0.0,47.99007542675665,31.511710996427155,-0.4047234693706085,0.5478580803743748,-0.9525815497449832,-0.7392454361446669,0.3345219667740584,3,3
20067,17,0,0,,,0.0,7467.0,0.7802330253113701,26.49244676576939,0.0,14.939277102852552,11.2,56613.737227412304,0.0667752442996742,22.76684076603723,0.0,,,0.01052368909266832,-0.40306648983514093,0.41359017892780925,-0.7392454361446669,0.7497691252373352,3,1
20069,13,0,0,,,0.0,6039.0,0.49445272396092066,17.833283656234478,0.0,14.244901094717667,8.7,68820.88551805516,0.0259099321406539,21.526742838218247,0.0,,,-1.0887252832821364,-0.4927126193077781,-0.5960126639743583,-0.7392454361446669,-0.3494798471374695,3,1
20071,10,0,3,328708.0,444933.0,0.3,1185.0,0.0,19.4,0.0,14.025120999999999,11.1,57354.62432085324,0.0,84.38818565400844,0.0,277.39071729957806,375.47088607594935,-1.3634482950449864,1.6228572913293375,-2.986305586374324,-0.7392454361446669,-0.6242028589003196,3,3
20073,29,0,0,,,0.0,6081.0,1.0,23.26076303239599,0.0,16.437824344022367,14.3,44497.74242752182,0.0234375,47.68952474921888,0.0,,,0.19979789217027397,0.7966706678965397,-0.5968727757262657,-0.7392454361446669,0.9390433283149409,3,1
20075,10,0,0,,,0.0,2591.0,0.0,15.5,0.0,16.602896,11.5,49757.086859072566,0.007258064516129,38.595137012736394,0.0,,,-1.626054198058469,0.4507918711549793,-2.0768460692134485,-0.7392454361446669,-0.8868087619138022,3,1
20077,22,0,1,64747.0,57789.0,0.045454545454545456,5594.0,0.2604576331784054,21.915319985698964,0.0,15.488828313192705,14.1,52853.12577172063,0.057631160572337,39.327851269217014,0.0,11.574365391490883,10.330532713621738,-0.7132761851127195,-0.14150171094404865,-0.5717744741686709,-0.7392454361446669,0.02596925103194736,3,3
20079,84,1,1,6469.0,206940.0,0.011904761904761904,34503.0,0.4743355650233313,28.05542126771585,0.0,15.600532345622117,8.2,61456.53140471083,0.0331422734237557,24.345709068776628,0.2898298698663884,0.18749094281656667,5.997739327015042,-0.38883791690246056,-1.0173806246040982,0.6285427077016377,-0.18300895151951893,-0.20582896538294163,3,3
20081,10,0,0,,,0.0,4018.0,1.0,18.2,0.0,15.91954,10.8,58363.672264995985,0.0318342597271349,24.888003982080637,0.0,,,-0.3856959546864484,-0.26005554015983307,-0.12564041452661534,-0.7392454361446669,0.35354948145821846,3,1
20083,10,0,0,,,0.0,1876.0,1.0,22.8,0.0,15.320448,10.4,64879.027005169795,0.0351219512195122,53.304904051172706,0.0,,,-0.0715839256575372,0.9792655879514859,-1.050849513609023,-0.7392454361446669,0.6676615104871296,3,1
20085,46,2,1,316339.0,5172445.0,0.021739130434782608,13266.0,0.6016885270616614,26.099924619327602,0.0,15.622756832278002,10.5,61384.45655155778,0.0519176800748363,34.67510930197497,1.5076134479119554,23.845846524951003,389.9023820292477,-0.25458124344359034,0.6037319050413843,-0.8583131484849746,1.2699685741136955,-1.5245498175572858,3,3
20087,43,0,0,,,0.0,18890.0,0.0,20.768623610375858,0.0,14.33166796400212,8.3,68750.93051352426,0.0362060173380928,22.763366860772894,0.0,,,-1.4332423169184283,-0.4033110246561154,-1.029931292262313,-0.7392454361446669,-0.6939968807737614,3,1
20089,21,0,0,,,0.0,2885.0,0.3493934142114385,36.9686308492201,0.0,15.585139779896014,12.1,43113.48127725877,0.0216519647153167,72.79029462738302,0.0,,,0.368999646983498,1.4921890454776765,-1.1231893984941785,-0.7392454361446669,1.108245083128165,3,1
20091,1125,12,42,10955826.0,10764025.0,0.037333333333333336,591506.0,0.9261647388192173,25.890136701910038,0.007692307692307693,12.549400294323304,5.3,94425.47710067737,0.0286222602193329,19.019249170760737,0.2028719911547812,18.521918628044347,18.19765987158203,-0.23482106557018123,-0.33531200846178216,0.10049094289160093,-0.33555428462884473,0.1007332190586635,3,3
20093,5,0,0,,,0.0,3907.0,0.0,20.9,0.0,15.306736,10.2,55750.9588381978,0.021816037735849,12.79754287176862,0.0,,,-1.307880822924991,-1.3127751493053677,0.004894326380376679,-0.7392454361446669,-0.5686353867803241,3,1
20095,37,1,0,,,0.0,7340.0,1.0,19.522465940054495,0.0,14.663523399046321,11.9,64092.56316635265,0.0471622701838529,50.40871934604905,1.3623978201634879,,,-0.22140747529492089,0.8875809787616341,-1.108988454056555,1.139593005459156,-1.361000480754077,3,1
20097,18,0,2,254166.0,1486778.0,0.1111111111111111,2505.0,1.0,25.7,0.0,15.290313,12.1,56466.40774817297,0.0304,71.8562874251497,0.0,101.46347305389222,593.5241516966067,0.2453149924643896,1.396558025847085,-1.1512430333826955,-0.7392454361446669,0.9845604286090565,3,3
20099,72,0,1,101760.0,239111.0,0.013888888888888888,20119.0,0.6880560664048909,27.67157413390327,0.125,17.063843897857744,15.5,50497.973952513516,0.0331166192604632,35.787066951637755,0.0,5.057905462498136,11.884835230379243,0.25917071741335224,-0.331778718376637,0.5909494357899893,-0.7392454361446669,0.9984161535580192,3,3
20101,24,0,0,,,0.0,1564.0,0.0,22.4,0.0,13.866181,10.2,55248.55471474858,0.0259301014656144,153.4526854219949,0.0,,,-1.197510552891931,2.7278729341109167,-3.925383487002848,-0.7392454361446669,-0.4582651167472641,3,1
20103,159,3,5,701884.0,1421168.0,0.031446540880503145,80745.0,0.7070778376370054,23.856230107127377,0.0,13.31762852857762,8.3,77388.25372446883,0.0413607637488234,19.691621772245963,0.37154003343860303,8.692600161000682,17.600693541395753,-0.43935975237054165,-0.4791179379101349,0.03975818553959326,-0.048766023984589305,-0.39059372838595235,3,3
20105,19,0,0,,,0.0,3044.0,1.0,25.6,0.0,17.021252,11.8,47777.14824598574,0.0335570469798657,62.41787122207621,0.0,,,0.21968937515783102,1.2387800166183,-1.019090641460469,-0.7392454361446669,0.9589348113024979,3,1
20107,35,1,0,,,0.0,9671.0,0.49188294902285185,23.819480922345157,0.0,16.40646258111881,11.0,51700.988045582846,0.0410164957646009,36.190673146520524,1.0340192327577293,,,-0.5109946646093816,0.34598934641768686,-0.8569840110270684,0.8125012476182026,-1.3234959122275842,3,1
20109,15,0,0,,,0.0,2805.0,1.0,23.8,0.0,15.360684,10.2,54840.48385498497,0.0165631469979296,53.475935828877,0.0,,,-0.010182145171733844,0.9845259690662027,-0.9947081142379366,-0.7392454361446669,0.729063290972933,3,1
20111,81,0,0,,,0.0,33251.0,0.9211753029984061,29.343114492797213,0.25,16.95737860148567,13.7,49114.772726561525,0.0544006111202051,24.360169618958828,0.0,,,0.525332316549059,-0.29451647663625313,0.8198487931853121,-0.7392454361446669,1.2645777526937259,3,1
20113,72,0,1,48197.0,83200.0,0.013888888888888888,28567.0,1.0,22.651419470017856,0.0,14.658300423215596,8.3,62629.86761707009,0.0193719008264462,25.20390660552386,0.0,1.6871565092589351,2.9124514299716457,-0.21038970293187764,-0.9251091141506297,0.714719411218752,-0.7392454361446669,0.5288557332127892,3,3
20115,51,0,0,,,0.0,11964.0,0.44199264460046805,21.022032764961548,0.0,15.761026474339685,10.9,55246.43486612643,0.035377358490566,42.62788365095285,0.0,,,-0.7770174664975601,0.6130439164874406,-1.3900613829850008,-0.7392454361446669,-0.03777203035289323,3,1
20117,72,1,1,241093.0,793533.0,0.013888888888888888,9749.0,0.3636270386706329,20.37625397476664,0.0,15.178245667042773,9.2,55004.77212320149,0.0324895355790312,73.85372858754744,1.0257462303826033,24.7300235921633,81.39634834341983,-1.0130234747526323,0.7339123375655842,-1.7469358123182164,0.8035939314942003,-1.8166174062468325,3,3
20119,14,0,1,113549.0,173368.0,0.07142857142857142,4180.0,0.6251196172248804,17.97488038277512,0.0,14.973123668660289,9.6,62870.470435683965,0.0126760563380281,33.49282296650718,0.0,27.164832535885168,41.4755980861244,-0.8818195493598336,0.1982679827100684,-1.0800875320699022,-0.7392454361446669,-0.14257411321516678,3,3
20121,80,0,4,848637.0,691979.0,0.05,33417.0,0.4739803094233474,24.378256575994254,0.0,13.657971485710867,7.0,76309.25077579518,0.0278296382730455,23.939910823832182,0.0,25.395367627255588,20.70739443995571,-0.732859963493906,-0.12245772469138098,-0.6104022388025251,-0.7392454361446669,0.006385472650760837,3,3
20123,37,0,0,,,0.0,6145.0,1.0,21.092318958502847,0.0,15.653677427176566,10.5,48971.6829445665,0.0357016613644397,60.21155410903174,0.0,,,-0.1911462043430043,1.1795440927932137,-1.370690297136218,-0.7392454361446669,0.5480992318016625,3,1
20125,72,0,1,133420.0,395519.0,0.013888888888888888,32521.0,0.5819931736416469,25.924633313858738,0.5384615384615384,17.83500189978783,17.3,47863.00211518277,0.0503210588389464,22.139540604532456,0.0,4.102579871467667,12.161956889394546,0.12523038507042303,-0.6246357929342833,0.7498661780047063,-0.7392454361446669,0.8644758212150899,3,3
20127,20,0,0,,,0.0,5566.0,0.5301832554796981,19.58530362917715,0.0,15.352837797341,11.7,58993.26730577413,0.0240488155061019,35.932446999640675,0.0,,,-0.7383921526500785,0.3343335828456275,-1.072725735495706,-0.7392454361446669,0.0008532834945883527,3,1
20129,12,0,0,,,0.0,2754.0,1.0,19.8,0.0,16.056611,12.0,50611.385853798456,0.0254237288135593,43.572984749455344,0.0,,,-0.19489726943376465,0.6488960065903242,-0.8437932760240888,-0.7392454361446669,0.5443481667109022,3,1
20131,40,0,1,249812.0,50559.0,0.025,10121.0,0.5700029641339789,22.035846260250963,0.0,14.31828938780753,8.4,67004.17524887377,0.0125023325247247,39.52178638474459,0.0,24.68254125086454,4.995454994565755,-0.7158472236432081,-0.0982955103227325,-0.6175517133204755,-0.7392454361446669,0.023398212501458793,3,3
20133,44,0,2,199010.0,211569.0,0.045454545454545456,16108.0,0.769865905140303,24.007145517755152,0.6,17.604865876583066,14.9,49064.95628394104,0.0470712680153378,27.315619567916563,0.0,12.354730568661534,13.134405264464862,0.041713931385695825,-0.2839413801723974,0.32565531155809324,-0.7392454361446669,0.7809593675303627,3,3
20135,17,0,0,,,0.0,2876.0,0.4168984700973574,16.97009735744089,0.0,14.303983036856748,10.2,59877.24418121011,0.0134943181818181,59.109874826147426,0.0,,,-1.144994020424847,1.1491616944716412,-2.294155714896488,-0.7392454361446669,-0.4057485842801801,3,1
20137,26,0,0,,,0.0,5446.0,1.0,22.8,0.0,14.699553,13.9,51976.568366462176,0.0121899957965531,47.74146162320969,0.0,,,0.141538066226603,0.7984541600304694,-0.6569160938038664,-0.7392454361446669,0.8807835023712699,3,1
20139,43,1,1,63961.0,433439.0,0.023255813953488372,15881.0,0.5645740192683081,28.353353063409102,0.0,15.445797955859204,10.8,57331.3059860096,0.0500256541816316,27.076380580567974,0.6296832693155343,4.027517158869089,27.292928656885586,-0.11074983396772409,-0.3771339273285579,0.2663840933608338,0.32812947031774936,-0.43887930428547345,3,3
20141,23,0,0,,,0.0,3530.0,1.0,23.2,0.0,16.339622,12.1,54359.27821775723,0.0162921348314606,65.15580736543909,0.0,,,0.061364542409289534,1.3094872142508385,-1.248122671841549,-0.7392454361446669,0.8006099785539564,3,1
20143,24,0,1,88731.0,74758.0,0.041666666666666664,5822.0,0.6477155616626589,23.85340089316386,0.0,15.565320240982482,10.2,58066.89345789518,0.0236824549699799,41.22294744074201,0.0,15.240638955685332,12.840604603229131,-0.3882406057265236,-0.021385979922196024,-0.36685462580432754,-0.7392454361446669,0.3510048304181433,3,3
20145,27,1,0,,,0.0,6629.0,1.0,19.77556192487555,0.0,15.234507325539298,12.8,52908.241835896486,0.0242665700833031,40.730125207421935,1.508523155830442,,,-0.1479818292558676,0.5386460160664946,-0.6866278453223622,1.2707612883998927,-1.4187431176557603,3,1
20147,36,1,0,,,0.0,5340.0,1.0,25.943857677902624,0.0,15.524925444569288,10.1,53094.788514645574,0.0281794586577678,67.41573033707866,1.8726591760299627,,,0.14147408894185565,1.3656791124709584,-1.2242050235291027,1.5669948042945065,-1.425520715352651,3,1
20149,60,1,2,891745.0,1907789.0,0.03333333333333333,23847.0,0.17151004319201577,24.822141149830166,0.0,13.973417324736864,7.9,70840.04133065173,0.0293379489398528,25.160397534281042,0.41933995890468406,37.39443116534574,80.00121608588083,-0.9733694550192773,0.23386113638589687,-1.2072305914051742,0.02610479578827478,-0.999474250807552,3,3
20151,38,0,3,736777.0,1272463.0,0.07894736842105263,9452.0,1.0,22.886119339822258,0.0,15.858214006136269,9.5,55462.65942558559,0.0348012889366272,40.203131612357176,0.0,77.94932289462548,134.6236775285654,-0.12005004704310092,0.744415926867941,-0.864465973911042,-0.7392454361446669,0.6191953891015659,3,3
20153,18,0,0,,,0.0,2502.0,1.0,25.2,0.0,14.89461,10.9,56395.392819330984,0.0164576802507836,71.94244604316548,0.0,,,0.13545450523595018,1.4728565216905458,-1.3374020164545957,-0.7392454361446669,0.874699941380617,3,1
20155,112,1,4,388390.0,1128060.0,0.03571428571428571,62765.0,0.7758464112164423,28.39484585358082,0.29411764705882354,16.641769865307097,11.8,52928.38039780691,0.0447916666666666,17.844339998406756,0.15932446427148889,6.188002867840357,17.972755516609574,0.182281278524403,-0.5943098401309101,0.7765911186553132,-0.4161442091902262,0.5984254877146292,3,3
20157,26,0,0,,,0.0,4658.0,0.5455130957492486,23.065306998711897,0.0,15.136257094675827,11.9,50850.92874810125,0.0165073848827106,55.817947617003,0.0,,,-0.45353208523775884,1.0549424549773458,-1.5084745402151047,-0.7392454361446669,0.285713350906908,3,1
20159,36,1,1,18826.0,133681.0,0.027777777777777776,9658.0,0.6162766618347484,21.59747359701802,0.0,16.440581687720023,10.6,56188.70757867151,0.0424451665312753,37.27479809484365,1.0354110581901015,1.949264858148685,13.841478566991096,-0.5639650502215977,-0.44396756271870236,-0.11999748750289535,0.8139962270988709,-1.3779612773204686,3,3
20161,149,5,4,1309895.0,1383923.0,0.026845637583892617,75056.0,0.9003011085056492,32.065359198465146,0.07142857142857142,14.98092539928853,18.0,54276.60412149344,0.0584489542348312,19.85184395651247,0.6661692602856534,17.45223566403752,18.438539224046046,0.9648369357597396,-0.32284185805066307,1.2876787938104026,0.3765199778799512,0.5883169578797884,3,3
20163,41,0,1,3733781.0,2112695.0,0.024390243902439025,5053.0,0.5729269740748071,21.270829210370078,0.0,14.931977314070847,11.2,52376.15983173719,0.0306724341329138,81.13991688106074,0.0,738.92360973679,418.10706510983573,-0.5984691711678253,1.8395212915287456,-2.437990462696571,-0.7392454361446669,0.1407762649768416,3,3
20165,16,0,0,,,0.0,3022.0,0.37756452680344144,31.897253474520184,0.0,14.915148392124422,12.4,50856.22836965662,0.041388518024032,52.945069490403704,0.0,,,0.044660778604984706,0.9681439405030589,-0.9234831618980741,-0.7392454361446669,0.7839062147496516,3,1
20167,29,0,2,225152.0,306272.0,0.06896551724137931,6948.0,1.0,28.983347725964308,0.0,16.84300738140472,13.1,47476.12974164064,0.0655737704918032,41.738629821531376,0.0,32.40529648819804,44.080598733448475,0.5477963068969821,0.3670140928161249,0.1807822140808572,-0.7392454361446669,1.287041743041649,3,3
20169,161,1,4,595803.0,350207.0,0.024844720496894408,54701.0,1.0,27.82528838595272,0.3333333333333333,15.727716117072815,11.5,55328.04903807915,0.0328374964917204,29.432734319299463,0.18281201440558675,10.891994661889179,6.402204712893731,0.36515889589283207,-0.3904789549422019,0.755637850835034,-0.37230889322899663,0.7374677891218286,3,3
20171,14,0,2,337948.0,1331094.0,0.14285714285714285,4917.0,1.0,25.5,0.0,13.639887,7.9,69337.06865754836,0.0110671936758893,28.47264592231035,0.0,68.73052674394957,270.71262965222695,-0.025147433800986496,0.659678583978844,-0.6848260177798305,-0.7392454361446669,0.7140980023436804,3,3
20173,866,3,27,84031161.0,73663829.0,0.03117782909930716,513375.0,0.8071059167275384,27.524588263939613,0.3629032258064516,15.288881302889703,13.6,59911.16175916448,0.0510028326457671,16.868760652544438,0.058436815193571946,163.68378086194303,143.48931872412953,0.2617483510837271,0.4545232040155178,-0.1927748529317907,-0.6151231489124819,0.8768714999962091,3,3
20175,54,1,2,18456.0,167824.0,0.037037037037037035,22349.0,1.0,23.988097901472102,0.0,15.248253451742807,14.4,52244.729217163986,0.0495759377459123,24.16215490625979,0.44744731307888497,0.8258087610183901,7.509239787015079,0.25940452254131957,-0.8888524790541473,1.148257001595467,0.06896186568854251,0.19044265685277706,3,3
20177,375,3,15,59472236.0,16593256.0,0.04,177852.0,0.6855925151249354,27.631360906821396,0.27906976744186046,15.077737349582797,12.6,60163.42374520017,0.0410479078772143,21.08494703461305,0.16867957627690439,334.3917189573353,93.29811303780671,0.07695375919674527,0.6517272964931479,-0.5747735372964026,-0.3985790674004341,0.4755328265971793,3,3
20179,21,0,1,173391.0,5495217.0,0.047619047619047616,2506.0,0.48842777334397447,23.607422186751794,0.0,14.425074928970469,11.0,66653.34030190819,0.0253353204172876,83.79888268156425,0.0,69.1903431763767,2192.8240223463686,-0.530344487358939,1.6406683027795637,-2.171012790138503,-0.7392454361446669,0.20890094878572785,3,3
20181,23,0,1,19789.0,344741.0,0.043478260869565216,5938.0,1.0,23.888649376894577,0.0,13.332401786460089,13.7,58035.095728562956,0.0355380059230009,38.733580330077466,0.0,3.332603570225665,58.056753115527115,0.2094626838231509,-0.07921897764650633,0.28868166146965724,-0.7392454361446669,0.9487081199678178,3,3
20183,26,0,0,,,0.0,3627.0,0.5459057071960298,15.357320099255583,0.0,15.304097687344912,11.9,46031.45290564635,0.0267707752370329,71.68458781362007,0.0,,,-1.020261433972627,1.4669322918907173,-2.487193725863344,-0.7392454361446669,-0.28101599782796016,3,1
20185,24,1,0,,,0.0,4181.0,0.557761301124133,19.698014828988278,0.0,16.190367553695292,14.0,52333.76285929423,0.0427147603227337,57.40253527864147,2.391772303276728,,,-0.5601439271761561,1.1009581950547986,-1.6611021222309548,1.930040644182175,-2.490184571358331,3,1
20187,7,0,0,,,0.0,2052.0,0.0,22.8,0.0,15.076451,10.7,55173.300088662305,0.0150375939849624,34.1130604288499,0.0,,,-1.1376324820425232,0.24982459963809991,-1.387457081680623,-0.7392454361446669,-0.39838704589785634,3,1
20189,16,0,0,,,0.0,5603.0,1.0,23.205675530965554,0.0,15.499453005711226,10.5,61269.98472596175,0.0563966691900075,28.556130644297696,0.0,,,-0.03564504729043694,-0.038380903062945664,0.002735855772508726,-0.7392454361446669,0.7036003888542299,3,1
20191,68,0,0,,,0.0,23114.0,0.6895388076490439,24.280345245305877,0.0,15.9573749391278,11.2,58295.83710908723,0.0366754858133381,29.419399498139654,0.0,,,-0.25058434444893135,0.009779977770837191,-0.2603643222197685,-0.7392454361446669,0.4886610916957355,3,1
20193,30,0,2,289722.0,336135.0,0.06666666666666667,7810.0,1.0,22.73249679897567,0.0,14.815700952368758,9.4,63726.88927903201,0.022181146025878,38.41229193341869,0.0,37.09628681177977,43.03905249679897,-0.1374428210221543,0.3468029398431794,-0.48424576086533366,-0.7392454361446669,0.6018026151225125,3,3
20195,18,0,0,,,0.0,2840.0,1.0,29.0,0.0,13.20734,10.7,61439.57261573365,0.0135384615384615,63.38028169014085,0.0,,,0.4028807897834657,1.2639762963411103,-0.8610955065576447,-0.7392454361446669,1.1421262259281326,3,1
20197,17,0,0,,,0.0,6889.0,0.6446508927275366,20.485861518362608,0.0,14.819173233851068,9.0,64844.04950290434,0.0259440761026232,24.677021338365513,0.0,,,-0.7124182264113198,-0.27374500176465544,-0.43867322464666436,-0.7392454361446669,0.02682720973334707,3,1
20199,8,0,0,,,0.0,1574.0,0.0,14.900000000000002,0.0,14.034747,13.4,67060.35123736072,0.0064350064350064,50.82592121982211,0.0,,,-1.5545075104774455,0.9011021905222619,-2.4556097009997075,-0.7392454361446669,-0.8152620743327786,3,1
20201,24,0,0,,,0.0,5493.0,1.0,17.959366466411794,0.0,15.824461984707812,11.3,53619.45104862736,0.0175111773472429,43.69197160021846,0.0,,,-0.3729558145666167,0.6533557582964514,-1.026311572863068,-0.7392454361446669,0.3662896215780502,3,1
20203,11,0,0,,,0.0,2130.0,0.0,27.2,0.0,14.27506,10.5,61452.291707466546,0.0286458333333333,51.64319248826291,0.0,,,-0.8260580894817838,0.9272767650531051,-1.7533348545348888,-0.7392454361446669,-0.08681265333711696,3,1
20205,30,0,0,,,0.0,8688.0,0.5498388581952118,27.344452117863717,0.5,18.19366134714549,14.3,51237.80112164337,0.0492857142857142,34.53038674033149,0.0,,,0.012159471510537348,0.2695898074858768,-0.25743033597533943,-0.7392454361446669,0.7514049076552042,3,1
20207,21,0,1,106091.0,343716.0,0.047619047619047616,3157.0,0.5121951219512195,25.817073170731707,1.0,18.463789829268293,13.9,42018.579463919,0.0939824205544286,66.51884700665188,0.0,33.605004751346215,108.87424770351599,-0.1653998568236524,0.7963351382585464,-0.9617349950821988,-0.7392454361446669,0.5738455793210144,3,3
20209,348,3,10,1480338.0,2248758.0,0.028735632183908046,164861.0,0.8109619618951723,30.48046414858578,0.5571428571428572,17.786052297438445,17.1,49690.31162747488,0.0660094194587471,21.108691564408808,0.18197147900352417,8.9793098428373,13.640327306033567,0.6965453947552726,-0.480401006354685,1.1769464011099575,-0.3738625271807095,1.070407921935982,3,3
21001,18,0,0,,,0.0,19222.0,0.08360212256789096,29.740947872229736,0.0,14.983687459889708,22.1,40299.382231356474,0.0574616122840691,9.364270107168869,0.0,,,0.15790361763550617,-1.7914273720217508,1.949330989657257,-0.7392454361446669,0.8971490537801731,3,1
21003,32,1,2,4856217.0,19171700.0,0.0625,20944.0,0.23825439266615736,30.881856378915206,0.0,16.109442430911,16.4,46674.82696246846,0.0496685142919247,15.278838808250573,0.4774637127578304,231.86673987776928,915.3791061879297,0.062459439144938976,0.8250162880935236,-0.7625568489485846,0.11382041728966179,-0.05136097814472281,3,3
21005,44,0,1,3060.0,19351.0,0.022727272727272728,22409.0,0.3408898210540408,30.771096434468294,0.0,15.721723834575394,9.0,58649.85182898605,0.0717834960070984,19.634968093176848,0.0,0.13655227810254808,0.863536971752421,-0.28500182720037087,-1.3890202288186522,1.1040184016182812,-0.7392454361446669,0.454243608944296,3,3
21007,11,0,0,,,0.0,8032.0,0.0,24.360258964143426,0.6666666666666666,18.8008412874751,14.4,47747.470365275665,0.0613687782805429,13.695219123505977,0.0,,,-0.7975279551594715,-1.2073312665383606,0.40980331137888915,-0.7392454361446669,-0.058282519014804635,3,1
21009,86,3,1,160465.0,86469.0,0.011627906976744186,43884.0,0.38954972199434873,30.228370248837845,0.0,16.510486507633757,18.0,43943.40201282995,0.0674889691135178,19.597119679154133,0.6836204539239814,3.656571871297056,1.9703992343450916,0.27585497821273053,-0.9880749414476452,1.2639299196603757,0.3992916846158664,-0.12343670640313587,3,3
21011,21,0,2,40305.0,45471.0,0.09523809523809523,12355.0,0.0,28.038454067179277,0.0,18.03245854536625,17.8,47588.481718614516,0.0577478344562078,16.997167138810198,0.0,3.2622420072845,3.680372318899231,-0.31985290520588566,-0.9981283045650072,0.6782753993591215,-0.7392454361446669,0.4193925309387812,3,3
21013,59,1,1,104605.0,133882.0,0.01694915254237288,26791.0,0.362883057743272,35.39707737673099,0.5555555555555556,19.715842581650552,28.9,27846.33150054436,0.0998929718159115,22.022320928670077,0.3732596767571199,3.904482848717853,4.997275204359673,1.2909770590234173,-0.7831580241580646,2.0741350831814818,-0.04602752972676222,1.3370045887501796,3,3
21015,211,2,5,237085.0,1905822.0,0.023696682464454975,130820.0,0.8435407430056566,27.970863017887172,0.045454545454545456,13.002074045971565,7.4,83020.69151351774,0.0378638153872403,16.129032258064516,0.15288182235132244,1.812299342608164,14.5682770218621,-0.04343818704175567,-0.8939914250524463,0.8505532380106906,-0.4283235168346668,0.3848853297929111,3,3
21017,54,2,3,529769.0,23233.0,0.05555555555555555,20058.0,0.5104197826303719,26.38281483697278,0.16666666666666666,17.30366693374215,14.2,52611.46302879569,0.0519759011538854,26.92192641340114,0.9971083856815236,26.411855618705754,1.158290956226942,-0.1074299129787361,-0.482297920990671,0.3748680080119349,0.7724769552184138,-0.8799068681971498,3,3
21019,124,0,4,14738898.0,35353748.0,0.03225806451612903,47682.0,0.7366721194580764,27.519214798036998,0.5384615384615384,18.23738454427247,18.1,51202.82361937792,0.0785574363353257,26.005620569606982,0.0,309.108216937209,741.4485130657271,0.4589944557747683,1.1319068000766137,-0.6729123443018454,-0.7392454361446669,1.1982398919194353,3,3
21021,89,4,6,690803.0,1426112.0,0.06741573033707865,29972.0,0.5120779394101161,27.96228813559322,0.0,16.439104694314693,14.7,49161.4093962488,0.0577514610888957,29.694381422661152,1.3345789403443216,23.048278393166957,47.58147604430802,0.041031981699295124,0.12302376936597907,-0.08199178766668394,1.1137042981522198,-1.0726723164529246,3,3
21023,24,0,1,68882.0,10838.0,0.041666666666666664,8305.0,0.0,25.85855508729681,0.0,15.918161967007828,14.3,52103.759283791085,0.0430809399477806,28.898254063816978,0.0,8.294039735099338,1.3049969897652016,-0.6933722564596391,-0.6733617667977669,-0.020010489661872133,-0.7392454361446669,0.0458731796850278,3,3
21025,29,0,0,,,0.0,12977.0,0.24936425984434,36.332218540494715,0.8571428571428571,19.0967827977961,30.3,28982.570362016024,0.1000920386562356,22.34722971410958,0.0,,,1.321943444416583,-0.4328653892565719,1.7548088336731549,-0.7392454361446669,2.0611888805612497,3,1
21027,35,0,0,,,0.0,20176.0,0.17307692307692307,26.672308683584458,0.3333333333333333,18.293733427983742,16.5,50017.82823959684,0.0919364331959976,17.347343378271212,0.0,,,-0.31186362158330017,-0.8360165056021223,0.5241528840188221,-0.7392454361446669,0.4273818145613667,3,1
21029,104,1,2,229850.0,470071.0,0.019230769230769232,80171.0,0.7990171009467264,26.11678162926744,0.05555555555555555,15.205893976487754,8.4,67144.0852579356,0.0410214874458049,12.972271769093563,0.1247333823951304,2.8669967943520724,5.863354579586135,-0.16724753610535414,-1.0894921634272645,0.9222446273219104,-0.48234669748048575,0.3150991613751316,3,3
21031,26,1,0,,,0.0,12764.0,0.13812284550297713,28.28531808210592,0.0,17.172304102083984,15.0,44265.619003396554,0.0568202513203423,20.36979003447195,0.7834534628643058,,,-0.3224173672052708,-0.5809146259775613,0.25849725877229046,0.5251886297883782,-0.847605996993649,3,1
21033,48,2,0,,,0.0,12702.0,0.0,27.938655329869317,0.3333333333333333,18.078960316485592,15.8,47458.111028352374,0.0471166090594869,37.78932451582428,1.574555188159345,,,-0.4489801096254906,0.4163955679226726,-0.8653756775481632,1.3275466443757244,-1.776526754001215,3,1
21035,100,1,0,,,0.0,38837.0,0.5466694131884543,30.432242449210804,0.2222222222222222,17.630416415196848,17.6,44806.18040204445,0.0425465189211791,25.748641759147205,0.25748641759147206,,,0.4368665518838782,-0.20534596341963662,0.6422125153035148,-0.23851124143364688,0.6753777933175251,3,1
21037,258,1,4,210826.0,609128.0,0.015503875968992248,92861.0,0.7900410290649466,28.056652415976565,0.16,14.887330029409547,10.3,66828.22781323545,0.0399370812224219,27.783461302376672,0.10768783450533594,2.2703395397421953,6.559567525656626,0.08145040143840458,-0.7058481190785532,0.7872985205169577,-0.5157221624031918,0.5971725638415963,3,3
21039,15,0,0,,,0.0,4784.0,0.0,26.842642140468225,0.0,16.867258732023412,12.9,47812.1257482512,0.0366735537190082,31.354515050167226,0.0,,,-0.7062117506835836,0.11295100776450544,-0.819162758448089,-0.7392454361446669,0.03303368546108332,3,1
21041,25,0,1,51962.0,384740.0,0.04,10671.0,0.0,29.24644363227439,0.3333333333333333,18.628573333520755,16.2,46132.145715198414,0.0791158851476967,23.42798238215725,0.0,4.86945928216662,36.05472776684472,-0.3283960118313342,-0.3697825989532622,0.041386587121928,-0.7392454361446669,0.41084942431333266,3,3
21043,49,2,2,27974.0,58709.0,0.04081632653061224,27159.0,0.15041054530726464,27.35533340697375,0.42857142857142855,18.499376405795502,19.2,36817.53086947735,0.0577878591488442,18.041901395485844,0.7364041385912589,1.0300084686475939,2.161677528627711,-0.12177566534421665,-1.2055584987611052,1.0837828334168886,0.46675831526158135,-0.588533980605798,3,3
21045,32,0,0,,,0.0,15885.0,0.307963487566887,26.187403210576015,0.0,16.43661182360718,21.1,36905.50458729651,0.0802860393304079,20.144790683034312,0.0,,,0.07881981681440763,-0.5986214173546954,0.6774412341691031,-0.7392454361446669,0.8180652529590745,3,1
21047,135,0,3,46446.0,757987.0,0.022222222222222223,71414.0,0.7292547679726664,25.619197916374944,0.21052631578947367,15.182457908519337,17.8,46550.81581807276,0.0739168042777384,18.903856386702888,0.0,0.6503766768420758,10.613983252583527,0.29288051822474775,-0.9840155662546867,1.2768960844794344,-0.7392454361446669,1.0321259543694146,3,3
21049,80,0,3,739930.0,954551.0,0.0375,35971.0,0.5489700036140224,24.372060826777126,0.3,16.689360338161293,10.8,58246.020666466735,0.0557095023669322,22.24013788885491,0.0,20.570181535125517,26.53668232743043,-0.4206137197270266,-0.16245219086203738,-0.2581615288649892,-0.7392454361446669,0.31863171641764026,3,3
21051,29,0,0,,,0.0,20368.0,0.728299293008641,29.852292812254518,0.8333333333333334,18.956529208562454,37.2,28448.36850923457,0.0921226104152933,14.238020424194817,0.0,,,1.784621120789045,-1.146653830875717,2.9312749516647623,-0.7392454361446669,2.523866556933712,3,1
21053,10,0,1,13015.0,1806.0,0.1,10193.0,0.0,23.31058569606593,0.0,15.887189932306486,23.6,34112.6040276157,0.0621775025799793,9.810654370646523,0.0,1.2768566663396448,0.17718041793387618,-0.3145567245220539,-1.680193746142067,1.365637021620013,-0.7392454361446669,0.42468871162261296,3,3
21055,26,0,0,,,0.0,9000.0,0.44555555555555554,24.155955555555558,0.0,17.117249547888886,17.9,47955.215530246234,0.0214002642007926,28.88888888888889,0.0,,,-0.11631555771231471,-0.0196520864748077,-0.09666347123750701,-0.7392454361446669,0.6229298784323521,3,1
21057,18,0,0,,,0.0,6697.0,0.0,20.801269225026132,0.0,15.392596251455878,23.1,37461.96485061053,0.0457395794909627,26.87770643571749,0.0,,,-0.5296386810340239,-0.13618341981955975,-0.39345526121446417,-0.7392454361446669,0.20960675511064297,3,1
21059,243,0,9,788483.0,1864567.0,0.037037037037037035,100474.0,0.7776837788880705,26.314962079742024,0.13043478260869565,15.215617075094055,16.2,54769.46892614299,0.0498770635756937,24.1853613870255,0.0,7.84763222326174,18.557706471325915,0.299160133267917,-0.3805174523856307,0.6796775856535477,-0.7392454361446669,1.0384055694125838,3,3
21061,15,0,1,2789578.0,640333.0,0.06666666666666667,12138.0,0.0,22.895435821387377,0.0,16.25325521749876,16.0,46001.77502493627,0.0886650868878357,12.35788433020267,0.0,229.821881693854,52.754407645411106,-0.8078827094140194,0.18293350840452552,-0.9908162178185449,-0.7392454361446669,-0.06863727326935254,3,3
21063,9,0,0,,,0.0,7510.0,0.0,30.74178428761651,0.0,16.817008005059918,25.8,34241.914793566764,0.0155350978135788,11.984021304926765,0.0,,,0.3661946005223704,-1.4144372810157804,1.7806318815381508,-0.7392454361446669,1.1054400366670372,3,1
21065,30,1,1,104675.0,152664.0,0.03333333333333333,14224.0,0.0,27.14116985376828,0.5,18.776924644122612,22.7,33586.88156932284,0.1099852616064848,21.09111361079865,0.703037120359955,7.359041057367829,10.732845894263217,-0.08750445052180528,-0.561761442654446,0.4742569921326408,0.4243523271347667,-0.511856777656572,3,3
21067,1126,9,47,12472959.0,18676451.0,0.041740674955595025,320601.0,0.9015598828450316,28.52627596295707,0.13414634146341464,15.223734365600855,15.7,60724.12370575848,0.0508254529786606,35.12153736264079,0.28072276755219105,38.90492855605566,58.25450014192096,0.5657438688639101,0.3639836269510041,0.20176024191290604,-0.1984949635301889,0.7642388323940991,3,3
21069,39,0,1,15.0,13673.0,0.02564102564102564,14513.0,0.32426100737270036,25.308874801901744,0.0,17.62152749452215,18.1,47285.34336564726,0.0742324728883458,26.872459174533176,0.0,0.00103355612209743,0.9421208571625439,-0.15082679067075985,-1.2420001000696645,1.0911733093989047,-0.7392454361446669,0.588418645473907,3,3
21071,78,1,3,133507.0,294778.0,0.038461538461538464,36456.0,0.08832565284178187,33.27440476190476,0.7,19.037532117758396,26.5,34691.322701462275,0.1127939084595431,21.39565503620803,0.27430326969497476,3.6621406627166997,8.085856923414527,0.6909426016629846,-0.7322509349826914,1.423193536645676,-0.20947719776224158,0.9004197994252262,3,3
21073,217,3,15,2682416.0,4969090.0,0.06912442396313365,50529.0,0.6245324467137683,25.08505412733282,0.09090909090909091,15.93487233681648,11.8,59646.180681395905,0.0393938207307044,42.94563517979774,0.5937184587068812,53.086663104355914,98.34134853252587,-0.22532596882003617,0.6377425000711839,-0.8630684688912201,0.2793580474446598,-0.504684016264696,3,3
21075,24,1,1,115197.0,12868.0,0.041666666666666664,6130.0,0.0,32.8500163132137,1.0,20.131491517781402,25.9,31918.560703691874,0.1017025089605734,39.151712887438826,1.6313213703099512,18.792332789559545,2.099184339314845,0.52740789226216,-0.2848552513028597,0.8122631435650197,1.3752113697000445,-0.8478034774378845,3,3
21077,23,1,0,,,0.0,8737.0,0.0,21.6153256266453,0.0,17.852088982144902,13.1,55293.071535813695,0.0555012224938875,26.32482545496166,1.1445576284765937,,,-1.0786602412666206,-0.16969382083010365,-0.908966420436517,0.9281577777478581,-2.006818019014479,3,1
21079,25,0,0,,,0.0,17445.0,0.0,25.949687589567215,0.0,15.95852664413872,17.6,55784.876416152176,0.0653215636822194,14.330753797649756,0.0,,,-0.48572311818882014,-1.1365041633396853,0.6507810451508651,-0.7392454361446669,0.25352231795584673,3,1
21081,48,0,4,384617.0,635589.0,0.08333333333333333,24951.0,0.08296260670914993,27.35970502184281,0.0,15.628145771552244,13.0,51633.15288967409,0.0364042933810375,19.237705903571,0.0,15.41489319065368,25.47348803655164,-0.5721192762483766,-0.30792540984271743,-0.2641938664056591,-0.7392454361446669,0.16712615989629032,3,3
21083,95,0,4,85177.0,429280.0,0.042105263157894736,37248.0,0.45027920962199314,30.73318567439863,0.2222222222222222,18.0923899416076,17.6,46682.24643264598,0.0605116529866395,25.504725085910653,0.0,2.286753651202749,11.52491408934708,0.3544925535923136,-0.656392635610869,1.0108851892031825,-0.7392454361446669,1.0937379897369803,3,3
21085,66,0,3,656874.0,9546523.0,0.045454545454545456,26247.0,0.33923877014515946,32.20153160361185,0.14285714285714285,17.569880808130456,17.8,40925.797499201384,0.0485635506537401,25.145730940678938,0.0,25.02663161504172,363.71863451061074,0.3543091684751131,0.4278539277280958,-0.07354475925298265,-0.7392454361446669,1.09355460461978,3,3
21087,16,0,1,90622.0,5433.0,0.0625,10979.0,0.24200746880408053,27.42816285636215,0.0,15.881238327989797,17.6,38050.222843256764,0.0424294637088089,14.573276254668004,0.0,8.254121504690774,0.4948538118225704,-0.1145240336781665,-1.1189343116573716,1.004410277979205,-0.7392454361446669,0.6247214024665003,3,3
21089,95,1,1,73487.0,97895.0,0.010526315789473684,35555.0,0.5249613275207425,28.97909154830544,0.3333333333333333,17.845222691913936,15.9,54750.390288543655,0.0628190027483313,26.719167486991985,0.28125439459991564,2.0668541695964,2.753339895935874,0.20288862293947274,-0.872009836522898,1.0748984594623707,-0.19758794558189197,0.4004765685213647,3,3
21091,22,0,0,,,0.0,8720.0,0.27259174311926604,22.01258027522936,0.0,15.753895225688073,11.9,60645.689306738976,0.0585699797160243,25.22935779816514,0.0,,,-0.8269249389548937,-0.23814157336468875,-0.5887833655902049,-0.7392454361446669,-0.08767950281022685,3,1
21093,241,3,6,5892491.0,15250767.0,0.024896265560165973,108527.0,0.650575432841597,24.228317377242522,0.0,13.861074919983045,14.2,57624.90502017719,0.0573396300669027,22.206455536410296,0.2764289070922443,54.295161572696195,140.52509513761552,-0.11398518808754088,0.352741169737097,-0.4667263578246379,-0.2058346229316602,0.09184943484411931,3,3
21095,68,0,2,105358.0,43093.0,0.029411764705882353,26699.0,0.1514288924678827,33.60932993745084,0.5454545454545454,19.18271800546837,29.7,28064.675908625668,0.1121287128712871,25.46911869358403,0.0,3.9461403048803327,1.6140304880332597,0.9788647111562803,-0.8586153235115997,1.83748003466788,-0.7392454361446669,1.7181101473009472,3,3
21097,33,0,1,72589.0,58250.0,0.030303030303030304,18722.0,0.5329024676850764,26.048942420681552,0.0,16.5973942079906,13.9,51340.613779817584,0.0510965935604293,17.626321974148063,0.0,3.8772032902467686,3.1113128939215895,-0.12588556615010157,-0.9730957771520501,0.8472102110019485,-0.7392454361446669,0.6133598699945653,3,3
21099,29,0,1,60927.0,109474.0,0.034482758620689655,18729.0,0.3763681990496022,27.926990229056546,0.0,17.083100225852956,17.7,40696.853848009334,0.0579672472056147,15.484008756473918,0.0,3.253083453467884,5.8451599124352605,0.07395848446816325,-0.9765566843185144,1.0505151687866776,-0.7392454361446669,0.8132039206128301,3,3
21101,100,1,4,344484.0,879372.0,0.04,45829.0,0.5996857884745467,26.747624866351,0.0,16.157089217329638,13.2,51857.85684362185,0.0478464419475655,21.820244823146915,0.21820244823146914,7.516725217656942,19.18811233062035,-0.04468655073372609,-0.4380909095675147,0.3934043588337886,-0.30787614947292075,0.2631895987391947,3,3
21103,43,1,0,,,0.0,15911.0,0.0,26.081981019420528,0.0,16.040075244296396,14.6,57157.478398993415,0.0411625460284061,27.025328389164727,0.6284960090503425,,,-0.6586649368480291,-0.1273483696066648,-0.5313165672413642,0.32653669309862404,-0.9852016299466531,3,1
21105,15,0,0,,,0.0,4510.0,0.0,20.3,0.0,18.470328,18.7,45501.490750109195,0.069848661233993,33.25942350332594,0.0,,,-0.8344469506481601,0.20865275559623087,-1.043099706244391,-0.7392454361446669,-0.09520151450349323,3,1
21107,130,0,3,640145.0,2287646.0,0.023076923076923078,45331.0,0.37982837351922527,24.578266528424255,0.25,17.472272406895943,16.0,49996.62975337536,0.0547697863376467,28.677946659019216,0.0,14.121572433875272,50.46537689439898,-0.2722056812475277,0.011437136112987467,-0.28364281736051516,-0.7392454361446669,0.46703975489713917,3,3
21109,14,0,0,,,0.0,13369.0,0.3820779415064702,28.79562420525095,0.3333333333333333,18.433123872092153,23.9,34063.84750930628,0.0954623287671233,10.47198743361508,0.0,,,0.5215942804239492,-1.6215575859752145,2.1431518663991636,-0.7392454361446669,1.260839716568616,3,1
21111,2163,16,77,17457333.0,26272310.0,0.03559870550161812,767419.0,0.9297176640140523,28.184630299744992,0.3089005235602094,16.19139586335626,16.2,59976.87706645109,0.0544086717759494,28.185385037378538,0.20849105899124207,22.748111527079732,34.234635837788744,0.601583455331542,0.032098016399909265,0.5694854389316327,-0.32536868690785653,0.9269521422393985,3,3
21113,105,1,9,3966226.0,2894140.0,0.08571428571428572,53032.0,0.7414768441695581,28.588810529491628,0.0,16.078193934266103,10.3,61735.29149852337,0.0602163785469526,19.79936642027455,0.18856539447880524,74.78929702820939,54.573465077688944,0.06794776096107812,0.18742704909268645,-0.11947928813160834,-0.3617039756115462,0.42965173657262434,3,3
21115,49,0,1,160878.0,132086.0,0.02040816326530612,22634.0,0.10537244852876204,31.065883184589552,0.16666666666666666,18.251578929265705,25.0,39275.495346858675,0.0869682283252557,21.648846867544403,0.0,7.107802421136344,5.83573385172749,0.4555853058659252,-0.6555998107962232,1.1111851166621485,-0.7392454361446669,1.1948307420105921,3,3
21117,454,2,17,2119821.0,3204738.0,0.037444933920704845,165668.0,0.8684658473573653,25.47854805997537,0.14634146341463414,14.779591925833596,10.6,68194.47025021024,0.0421939508167294,27.404206002366177,0.1207233744597629,12.795597218533452,19.34433928097158,-0.004942084405943496,-0.20690797441057004,0.20196589000462656,-0.49015263477540216,0.48521055036945865,3,3
21119,19,0,0,,,0.0,15260.0,0.0,36.25045871559633,1.0,19.4242235344692,26.1,33067.518656896435,0.1122901794327609,12.450851900393184,0.0,,,0.7897914559202889,-1.3553465064800634,2.1451379624003524,-0.7392454361446669,1.5290368920649557,3,1
21121,46,2,0,,,0.0,31365.0,0.4740634465168181,30.68540092459748,0.0,17.706559705786706,35.0,31989.575632533848,0.0716240445409078,14.66602901323131,0.637653435357883,,,1.4362869350680205,-1.100313693799093,2.5366006288671135,0.33879195448602006,1.0974949805820005,3,1
21123,18,0,0,,,0.0,14204.0,0.427696423542664,28.467903407490844,0.0,14.61305037137426,16.1,50497.973952513516,0.0441484585453457,12.672486623486341,0.0,,,0.07198780028443648,-1.328006615818878,1.3999944161033144,-0.7392454361446669,0.8112332364291034,3,1
21125,96,3,2,160401.0,119302.0,0.020833333333333332,60357.0,0.43948506386997366,31.3039432045993,0.0,16.419589994565666,21.8,44014.41694167193,0.0653753026634382,15.905363089616781,0.4970425965505244,2.6575376509766886,1.976605861789022,0.6405311190486017,-1.1517432778778676,1.7922743969264694,0.14259197442131993,0.4979391446272818,3,3
21127,26,0,0,,,0.0,15671.0,0.09035798608895412,36.62645013081488,0.6,19.105437251100764,20.6,34763.39755461533,0.0835289514866979,16.59115563780231,0.0,,,0.580527608804111,-0.9064251935611612,1.4869528023652723,-0.7392454361446669,1.319773044948778,3,1
21129,18,0,0,,,0.0,6881.0,0.0,37.72076733032989,1.0,19.398671631884902,31.1,26789.586962403268,0.1038495971351835,26.158988519110594,0.0,,,1.2024370168862553,-0.17987756672845037,1.3823145836147057,-0.7392454361446669,1.9416824530309222,3,1
21131,19,1,1,14509.0,24376.0,0.05263157894736842,10283.0,0.2539142273655548,34.64220558202859,0.3333333333333333,19.051284296800546,26.7,33522.2261863473,0.0944763054633262,18.477098123115823,0.9724788485850433,1.4109695614120392,2.3705144413109016,0.9833143983319216,-1.1426085336132277,2.125922931945149,0.7453562778312259,0.23795812050069565,3,3
21133,48,1,0,,,0.0,22295.0,0.0,31.079834043507514,0.2857142857142857,18.291568257501684,23.8,31676.897960766928,0.1262857851034824,21.52949091724602,0.4485310607759587,,,0.2692843670548713,-0.4925085551261227,0.761792922180994,0.0705976157823413,0.19868675127253,3,1
21135,15,0,0,,,0.0,13417.0,0.0,29.79919505105463,0.25,17.936582701572632,22.1,33013.462517031636,0.0518940223341361,11.179846463441903,0.0,,,0.07153832338893336,-1.5213953242379226,1.5929336476268559,-0.7392454361446669,0.8107837595336003,3,1
21137,35,0,0,,,0.0,24476.0,0.39622487334531786,27.042760254943623,0.0,16.619413045268836,19.1,45490.89150699845,0.0553411764705882,14.299722176826279,0.0,,,0.1156763932828125,-1.1398937232384232,1.2555701165212356,-0.7392454361446669,0.8549218294274794,3,1
21139,22,0,1,150446.0,123699.0,0.045454545454545456,9235.0,0.3278830536004331,27.811965349214944,0.5,19.034736096372498,14.3,53885.492050707006,0.0563106796116504,23.82241472658365,0.0,16.290850027070928,13.394585814834867,-0.19411108553509873,-0.29628296319404795,0.10217187765894922,-0.7392454361446669,0.5451343506095682,3,3
21141,59,0,1,169850.0,909748.0,0.01694915254237288,26902.0,0.31953014645751243,26.63480782097985,0.16666666666666666,17.518525373949892,14.8,50891.20587192208,0.0504466184602296,21.93145491041558,0.0,6.313656977176418,33.817113969221616,-0.25933774169838686,-0.3675580329229198,0.10822029122453292,-0.7392454361446669,0.47990769444628,3,3
21143,22,0,1,302800.0,-461602.0,0.045454545454545456,8271.0,0.0,32.26731955023576,0.0,17.11835913492927,15.9,55675.70421211153,0.0177534994878798,26.598960222464033,0.0,36.60984161528231,-55.80969653004473,-0.12438701726784578,-1.3166175919213714,1.1922305746535256,-0.7392454361446669,0.6148584188768211,3,3
21145,201,2,7,1741526.0,4444877.0,0.03482587064676617,65268.0,0.7914291842863271,25.955558619844336,0.4117647058823529,17.113749457620887,15.7,48841.31225430436,0.0386479845939305,30.796102224673653,0.3064288778574493,26.68269289697861,68.10193356621929,0.25717352828733875,0.23993738466334322,0.01723614362399553,-0.15506266296080135,0.4122361912481401,3,3
21147,19,0,2,188082.0,225455.0,0.10526315789473684,17465.0,0.0,33.369533352419126,0.0,16.21684576684798,35.9,29789.172762743576,0.0947348556331383,10.878900658459777,0.0,10.76908101918122,12.908960778700258,1.1745540263432417,-0.7995445989887585,1.974098625332,-0.7392454361446669,1.9137994624879084,3,3
21149,24,2,0,,,0.0,9283.0,0.0,26.439771625552083,0.0,17.10440551254982,14.7,54968.73469662496,0.0783489866534849,25.85371108477863,2.1544759237315523,,,-0.6262494398705561,-0.19878775676220317,-0.427461683108353,1.771524670208485,-2.397774110079041,3,1
21151,223,4,5,1058306.0,344183.0,0.02242152466367713,90802.0,0.5409572476377172,27.186130261447985,0.21052631578947367,17.381219599777534,13.8,53059.81101238012,0.0577496191968917,24.558930420034798,0.44051893130107267,11.655095702737825,3.7904781832999275,-0.03956635184257964,-0.5552129880166978,0.5156466361741182,0.058475509829265006,-0.09804186167184464,3,3
21153,29,0,0,,,0.0,12491.0,0.0,36.775902649907934,0.5,18.929663828756706,29.2,29833.689583808697,0.1561561561561561,23.21671603554559,0.0,,,1.0172189080100924,-0.3716971876214547,1.3889160956315472,-0.7392454361446669,1.7564643441547592,3,1
21155,32,0,1,58473.0,201582.0,0.03125,19244.0,0.25353356890459366,33.749246518395346,0.16666666666666666,16.14135779022033,14.6,42510.38434425748,0.0886495443247721,16.628559551028893,0.0,3.0385055082103514,10.475057160673456,0.18040438361614222,-0.8541615623410266,1.0345659459571688,-0.7392454361446669,0.9196498197608091,3,3
21157,82,1,5,964723.0,2888754.0,0.06097560975609756,31192.0,0.37086432418568865,25.559948063606054,0.16666666666666666,17.020793830084635,13.8,58415.60855623863,0.0400627316794981,26.288791997948195,0.3205950243652218,30.928539369068993,92.6120159015132,-0.34365563557589063,0.24326897012365012,-0.5869246056995407,-0.13149177330806444,-0.2121638622678262,3,3
21159,17,2,1,6999.0,1622.0,0.058823529411764705,11648.0,0.0,26.97721497252747,0.3333333333333333,18.9962166953125,48.1,43470.675770090806,0.086701979369947,14.59478021978022,1.7170329670329672,0.6008756868131868,0.13925137362637363,1.4470884609030499,-1.560641058774561,3.0077295196776106,1.4452666148604532,0.0018218460425967198,3,3
21161,55,0,1,107716.0,1411892.0,0.01818181818181818,17112.0,0.43384759233286585,24.81001636278635,0.2,16.805540559548852,17.0,48096.18546361911,0.0502683597329493,32.14118747078074,0.0,6.294763908368396,82.50888265544647,-0.13568757735655582,0.0006623090126590311,-0.13634988636921486,-0.7392454361446669,0.6035578587881111,3,3
21163,53,1,0,,,0.0,28182.0,0.23820168902136116,23.25855865446029,0.0,14.509192897807113,11.7,59994.89577973935,0.0625683486955163,18.806330281740117,0.3548364204101909,,,-0.7847137162971376,-0.7080137546336381,-0.07669996166349946,-0.07554624100858241,-0.7091674752885552,3,1
21165,13,0,0,,,0.0,6443.0,0.0,22.95868384293031,0.0,16.913225180350764,25.1,41681.523532997366,0.0327084164339848,20.17693620984014,0.0,,,-0.24911172970408804,-0.5960801538443335,0.34696842414024553,-0.7392454361446669,0.49013370644057885,3,1
21167,58,2,3,73941.0,150033.0,0.05172413793103448,21592.0,0.21753427195257502,25.726213412374953,0.0,16.744323810485366,13.4,58394.41007001713,0.0771210676835081,26.86180066691367,0.9262689885142645,3.4244627639866616,6.9485457576880325,-0.5220368531435765,-0.6471384724598325,0.12510161931625596,0.6935462405305356,-1.215583093674112,3,3
21169,18,0,0,,,0.0,10036.0,0.0,31.043045037863692,0.0,14.583879603029096,24.2,39626.33029382428,0.0427559247495724,17.935432443204462,0.0,,,0.29093422446924017,-0.7832372406629279,1.074171465132168,-0.7392454361446669,1.030179660613907,3,1
21171,24,1,0,,,0.0,10627.0,0.0,32.41233650136444,0.0,16.43535013456291,23.7,36969.10004596097,0.0617125774076446,22.583984191211066,0.9409993413004611,,,0.36124093801567664,-0.41598693982850193,0.7772278778441786,0.7101955030916207,-0.3489545650759441,3,1
21173,48,0,1,97796.0,185876.0,0.020833333333333332,27884.0,0.2214531631042892,23.81366733610673,0.0,16.554634706498348,14.6,48243.51494285844,0.0550421530479896,17.214173002438674,0.0,3.507244297805193,6.66604504375269,-0.5854426235302277,-0.8867822560471708,0.30133963251694307,-0.7392454361446669,0.15380281261443918,3,3
21175,29,1,0,,,0.0,13288.0,0.19671884406983745,28.585633654425045,0.2,17.26704527934979,24.7,38299.30505635923,0.0625950329447541,21.824202287778448,0.7525586995785671,,,0.3538688720816625,-0.47076739088806324,0.8246362629697257,0.4869971721976747,-0.13312830011601218,3,1
21177,71,1,2,690154.0,1759302.0,0.028169014084507043,30951.0,0.3437691835481891,27.72131110464928,0.2222222222222222,17.634470471067175,20.2,46202.100719729315,0.0654095923636648,22.93948499240735,0.32309133792123035,22.29827792316888,56.84152369874964,0.17570693250270886,0.009946685752945883,0.16576024674976297,-0.12736440339624788,0.30307133589895674,3,3
21179,73,0,2,339457.0,649397.0,0.0273972602739726,45650.0,0.15572836801752465,24.84704490690033,0.0,15.325787603044908,12.9,63730.069051965234,0.0452380952380952,15.991237677984666,0.0,7.436078860898138,14.225564074479736,-0.6841893690404572,-0.6573932765551666,-0.02679609248529069,-0.7392454361446669,0.05505606710420963,3,3
21181,17,0,0,,,0.0,7153.0,0.0,25.829092688382495,0.5,18.898770900601146,17.2,40435.05254317398,0.0587253920587253,23.766251922270374,0.0,,,-0.5189533118002053,-0.3341600083830905,-0.1847933034171148,-0.7392454361446669,0.22029212434446155,3,1
21183,60,1,0,,,0.0,24071.0,0.20418761164887209,25.80030326949441,0.8571428571428571,20.286652865107392,16.0,48294.39130979001,0.0801330798479087,24.9262598147148,0.41543766357858003,,,-0.3727381135396468,-0.2575852904570154,-0.11515282308263142,0.020087720125791318,-0.3928258336654381,3,1
21185,137,3,2,701527.0,784554.0,0.014598540145985401,65967.0,0.45766822805342067,23.12514135855807,0.0,12.174656805872631,5.8,105068.17710817452,0.0337981852505937,20.76795973744448,0.4547728409659375,10.634514226810374,11.893128382373005,-0.9158222573609685,-0.4785418146484826,-0.43728044271248584,0.07999486408290751,-0.995817121443876,3,3
21187,31,0,0,,,0.0,10796.0,0.2618562430529826,27.926361615413114,0.0,16.813628612449055,15.4,51725.36630473756,0.0360824742268041,28.7143386439422,0.0,,,-0.190306527610327,-0.029450243078284647,-0.16085628453204234,-0.7392454361446669,0.5489389085343399,3,1
21189,18,0,0,,,0.0,4442.0,0.0,31.082868077442594,0.0,18.387560516208914,33.1,32098.747836574505,0.1205574912891986,40.5222872579919,0.0,,,0.8358031902530086,0.5302934220293881,0.3055097682236205,-0.7392454361446669,1.5750486263976755,3,1
21191,29,0,2,663398.0,1472730.0,0.06896551724137931,14572.0,0.0,27.106203678287123,0.0,15.606717421767774,13.2,57633.384414665794,0.034334126040428,19.901180345868788,0.0,45.525528410650566,101.06574251990118,-0.6685512459796287,0.1947795937399769,-0.8633308397196056,-0.7392454361446669,0.0706941901650382,3,3
21193,55,0,1,5810355.0,617453.0,0.01818181818181818,26624.0,0.0,29.678496844951926,0.5,18.359607384878306,29.7,35655.853824539896,0.1187300955414012,20.658052884615383,0.0,218.23749248798077,23.19159405048077,0.525436510032549,0.2917550772477607,0.2336814327847883,-0.7392454361446669,1.2646819461772159,3,3
21195,100,0,7,847900.0,1702472.0,0.07,59497.0,0.05139754945627511,35.68357564246937,0.21052631578947367,18.12418570497672,23.4,36944.721786806265,0.0871545011611493,16.807570129586367,0.0,14.25113871287628,28.61441753365716,0.6394028968472468,-0.37473015206680654,1.0141330489140534,-0.7392454361446669,1.3786483329919137,3,3
21197,16,0,1,39342.0,35531.0,0.0625,12304.0,0.0,28.099374187256178,0.5,18.206707986589727,22.1,39714.30401164344,0.0615969581749049,13.003901170351106,0.0,3.1974967490247073,2.887760078023407,-0.05353480177457647,-1.1761060383067508,1.1225712365321743,-0.7392454361446669,0.6857106343700904,3,3
21199,136,1,6,569324.0,370220.0,0.04411764705882353,64350.0,0.4715928515928516,28.710828282828285,0.07142857142857142,15.844017564786324,17.0,42394.852594350385,0.0712412430393389,21.134421134421135,0.1554001554001554,8.847303807303808,5.753224553224554,0.1922626603685346,-0.6272836540336811,0.8195463144022157,-0.42355472311587616,0.6158173834844107,3,3
21201,5,0,0,,,0.0,2123.0,1.0,27.0,0.0,18.736671,19.6,44412.948482635875,0.0785634118967452,23.551577955723033,0.0,,,0.7976592091019136,-0.34872367120258585,1.1463828803044995,-0.7392454361446669,1.5369046452465804,3,1
21203,26,0,0,,,0.0,16820.0,0.0,27.927954815695596,0.0,17.14809233436385,21.8,37860.496391574474,0.0861065512610058,15.457788347205707,0.0,,,-0.08441546929762396,-1.017834110401928,0.933418641104304,-0.7392454361446669,0.6548299668470429,3,1
21205,71,1,1,2700.0,86257.0,0.014084507042253521,24507.0,0.0,31.14578283755662,0.25,16.979453104786387,24.0,40520.906412371,0.0501356280984005,28.971314318358022,0.4080466805402538,0.11017260374586853,3.519688252336067,0.28631529072947753,-1.0206070168273966,1.306922307556874,0.00864572195588931,0.2776695687735882,3,3
21207,24,0,1,254068.0,282567.0,0.041666666666666664,17778.0,0.09388007649904376,28.248981887726405,0.0,16.135689699122512,22.3,40690.49430214288,0.0590282611722121,13.499831252109349,0.0,14.291146360670492,15.894195072561592,0.07144744294020718,-0.5935930458892754,0.6650404888294826,-0.7392454361446669,0.8106928790848741,3,3
21209,88,2,2,192960.0,124557.0,0.022727272727272728,54667.0,0.7455137468673971,23.867371540417437,0.14285714285714285,14.670806942616206,10.0,75060.65993734963,0.0331806998359759,16.097462820348657,0.36585142773519674,3.529734574789178,2.278467814220645,-0.29334689030822164,-1.0796460966887793,0.7862992063805576,-0.0578495321243887,-0.23549735818383294,3,3
21211,97,0,2,386502.0,73379.0,0.020618556701030927,47325.0,0.18351822503961965,27.309821447437926,0.2222222222222222,16.541555031737982,11.6,71074.28460339915,0.0382024318107131,20.496566296883252,0.0,8.166973058637083,1.5505335446381405,-0.5520044338858272,-0.8414880701004841,0.2894836362146569,-0.7392454361446669,0.18724100225883966,3,3
21213,43,0,2,80041.0,899424.0,0.046511627906976744,18183.0,0.3638013529120607,27.081020733652313,0.0,16.933764542044766,13.7,51536.69977736633,0.0458087367178276,23.648462849914758,0.0,4.4019688720233185,49.465104768190066,-0.2454825283145647,-0.3255951934408794,0.08011266512631468,-0.7392454361446669,0.4937629078301021,3,3
21215,23,1,1,71493.0,29355.0,0.043478260869565216,18680.0,0.0,23.063506423982872,0.0,13.812364210010706,7.0,84969.8923215834,0.047446683623557,12.312633832976445,0.5353319057815845,3.8272483940042825,1.5714668094218416,-1.3435440233492761,-1.2503500180083715,-0.0931940053409046,0.19778724135639678,-1.541331264705673,3,3
21217,57,1,2,423879.0,846805.0,0.03508771929824561,25571.0,0.1673380000782136,29.541629189316023,0.0,15.229223006257087,19.4,47189.95017765058,0.0498854670399592,22.290876383403074,0.3910680067263697,16.576551562316688,33.115834343592354,0.06962548412103182,-0.16692287641776163,0.23654836053879347,-0.01786810751446433,0.08749359163549615,3,3
21219,23,1,1,19495.0,1057495.0,0.043478260869565216,12316.0,0.21809028905488795,21.715224098733355,0.5,19.329271558947713,16.3,46641.96930882516,0.0727667126799447,18.674894446248782,0.8119519324455992,1.5829002923026956,85.8635108801559,-0.6399764773054962,-0.5145473925236984,-0.12542908478179782,0.5598357248953035,-1.1998122022007998,3,3
21221,29,0,0,,,0.0,14449.0,0.3220292061734376,18.309931483147622,0.0,16.93552066378296,13.6,53564.334984451496,0.091998083373263,20.070593120631187,0.0,,,-0.9422442676907131,-0.6045018840247339,-0.3377423836659792,-0.7392454361446669,-0.20299883154604625,3,1
21223,13,0,0,,,0.0,8558.0,0.0,30.839787333489134,0.5,18.204862572096285,13.2,56235.34424835877,0.0875598086124401,15.19046506193036,0.0,,,-0.3938334885025185,-1.0452295953564485,0.65139610685393,-0.7392454361446669,0.3454119476421484,3,1
21225,44,0,3,4823366.0,1487490.0,0.06818181818181818,14638.0,0.39622899303183495,24.479785489821012,0.0,17.670585218950677,14.5,49469.84737077142,0.0729246292615808,30.058751195518514,0.0,329.5099057248258,101.61839049050417,-0.35300647361764953,0.8543918344225224,-1.207398308040172,-0.7392454361446669,0.38623896252701734,3,3
21227,286,5,7,675267.0,6824528.0,0.024475524475524476,128652.0,0.6527142990392687,26.325044305568507,0.08333333333333333,15.195904085261013,14.2,55402.243739854355,0.0458781997311708,22.23051332276218,0.3886453378105276,5.2487874265460315,53.04641979914809,0.04261156392873736,-0.3133114055689823,0.3559229694977197,-0.021677697403718565,0.06428926133245592,3,3
21229,21,1,0,,,0.0,12023.0,0.25775596772852033,20.27872411211844,0.0,15.717606682358813,13.1,56963.512250066815,0.0501644736842105,17.466522498544457,0.831739166597355,,,-0.8975186612898635,-0.8251851524344955,-0.07233350885536793,0.5835730550860914,-1.4810917163759547,3,1
21231,29,1,1,38412.0,5210.0,0.034482758620689655,20546.0,0.40518835783120805,30.118704370680426,0.0,16.148438612868684,25.0,37006.197396848576,0.0507013254407412,14.114669522048088,0.4867127421395892,1.8695609851065902,0.253577338654726,0.7109869524147617,-1.4299124023416179,2.1408993547563795,0.12745926171834304,0.5835276906964186,3,3
21233,33,1,1,15600.0,33573.0,0.030303030303030304,13068.0,0.5413988368533823,23.699908172635446,0.0,18.416528195974898,15.4,44642.952058139,0.048582995951417,25.252525252525256,0.7652280379553107,1.1937557392102847,2.5691000918273645,-0.19817718212360225,-0.9865290994619298,0.7883519173383275,0.5027395512900408,-0.700916733413643,3,3
21235,85,1,2,162477.0,263794.0,0.023529411764705882,36131.0,0.20146134898010018,26.229445628407742,0.0,16.586912841659515,26.9,41342.34775345359,0.0643441425650014,23.525504414491714,0.2767706401704907,4.496886330298082,7.301043425313443,0.3196049025527704,-0.6616966942307887,0.9813015967835591,-0.20524958190463014,0.5248544844574006,3,3
21237,20,0,0,,,0.0,7207.0,0.0,39.0879422783405,1.0,19.530770227417786,28.6,26098.516311582815,0.1976481230212573,27.75079783543777,0.0,,,1.1508040014795415,-0.08459508793394185,1.2353990894134834,-0.7392454361446669,1.8900494376242083,3,1
21239,68,1,2,235511.0,352531.0,0.029411764705882353,20768.0,0.8797669491525424,27.389700500770413,0.0,14.762475524797765,10.6,67644.36953276268,0.0383322125084061,32.74268104776579,0.4815100154083205,11.340090523882896,16.974720724191062,0.14793482349091727,-0.15889957588560885,0.3068343993765261,0.11979766955575617,0.0281371539351611,3,3
22001,78,1,0,,,0.0,62457.0,0.501849272299342,31.05085258657957,0.16666666666666666,18.544093902845155,,45996.47540338089,0.0813526007352673,12.488592151400164,0.16011015578718157,,,0.3537756717965206,-1.3506593560793494,1.70443502787587,-0.41466355375491304,0.7684392255514336,2,1
22003,47,0,3,207996.0,191827.0,0.06382978723404255,25618.0,0.5205714731829183,23.207736747599345,0.2,17.59812112374112,,49229.24455215756,0.0988691773005498,18.346475134670936,0.0,8.119134983214927,7.487977203528769,-0.48141996392011255,-0.6767908227857024,0.1953708588655898,-0.7392454361446669,0.2578254722245543,2,3
22005,125,0,3,361657.0,619085.0,0.024,123114.0,0.8152444076222038,30.30808031580486,0.14285714285714285,16.951445667868803,,85352.52499788122,0.0566879385338286,10.15319135110548,0.0,2.9375781795734035,5.028550774079308,0.7815248082155865,-1.2353431562241746,2.016867964439761,-0.7392454361446669,1.5207702443602533,2,3
22007,25,0,0,,,0.0,22478.0,0.0,35.304831390693124,0.3333333333333333,20.014477780496485,,46381.22792830088,0.0689377951964626,11.12198594180977,0.0,,,0.00704355060877393,-1.5293612562175105,1.5364048068262846,-0.7392454361446669,0.7462889867534408,2,1
22009,65,0,1,30348.0,38873.0,0.015384615384615385,40669.0,0.3648970960682584,33.75306252919914,0.0,18.4345446296442,,40875.981056580895,0.0635059810859898,15.982689517814553,0.0,0.7462194792102093,0.9558385994246231,0.42927012698319594,-1.3927272095638576,1.8219973365470536,-0.7392454361446669,1.1685155631278628,2,3
22011,52,0,2,877305.0,1625816.0,0.038461538461538464,37043.0,1.0,25.326571821936668,0.14285714285714285,18.863367662284375,,56397.51266795314,0.0853316326530612,14.037739923872257,0.0,23.68342196906298,43.8899657155198,0.5322145810791699,-0.28379424054159225,0.8160088216207622,-0.7392454361446669,1.2714600172238368,2,3
22013,31,1,2,169110.0,1916841.0,0.06451612903225806,13564.0,0.6705986434680036,35.32438808611029,0.4,20.06234276938956,,32086.028744841613,0.0437012720558063,22.854615157770567,0.7372456502506636,12.46756119138897,141.3182689472132,1.0999134430064896,0.053805514305779366,1.0461079287007102,0.4678172231300937,0.632096219876396,2,3
22015,133,0,1,84659.0,98492.0,0.007518796992481203,126499.0,0.6000363639238255,30.660741191629974,0.09090909090909091,16.884520154665257,,57519.97251338083,0.0491307634164777,10.51391710606408,0.0,0.669246397204721,0.778599040308619,0.4704177463858257,-1.6372531512462392,2.107670897632065,-0.7392454361446669,1.2096631825304924,2,3
22017,631,2,21,3164178.0,7113400.0,0.03328050713153724,245831.0,0.8267915763268262,37.69034417953797,0.171875,18.152662708669784,,44301.656429973074,0.0677032454140887,25.668040239026,0.08135670440261805,12.87135471116336,28.936139054879163,1.6150884366794498,-0.1686914123666108,1.7837798490460606,-0.5683020808635665,2.183390517543016,2,3
22019,385,2,14,1384211.0,11771963.0,0.03636363636363636,201619.0,0.9567253086266672,27.909114716370972,0.22727272727272727,18.300879165148128,,54213.00866282898,0.0560026862821225,19.095422554421955,0.09919700028271144,6.865478947916615,58.387170851953435,0.746865367226982,-0.32517463083898274,1.0720399980659647,-0.5325394865325369,1.279404853759519,2,3
22021,15,0,1,192384.0,985615.0,0.06666666666666667,9992.0,0.0,27.075530424339465,0.0,18.063288211769418,,39949.607208701935,0.0757575757575757,15.01200960768615,0.0,19.253803042433947,98.64041232986389,-0.9012266192310014,-0.1439823246780464,-0.757244294552955,-0.7392454361446669,-0.16198118308633458,2,3
22023,21,0,0,,,0.0,6930.0,1.0,43.449047619047626,0.0,17.56674879047619,,56624.33647052304,0.0466384009691096,30.303030303030305,0.0,,,2.5323971284739013,0.057681570714462116,2.4747155577594393,-0.7392454361446669,3.2716425646185683,2,1
22025,20,0,0,,,0.0,9766.0,0.8013516280974811,37.649784968257215,0.0,17.68907327585501,,42533.70267910112,0.0544540631108628,20.479213598197827,0.0,,,1.5692344852805955,-0.5723705810949786,2.141605066375574,-0.7392454361446669,2.3084799214252625,2,1
22027,30,0,0,,,0.0,15985.0,0.40162652486706285,41.25365655301846,0.0,18.887474466624962,,28380.533353325813,0.0616190820383086,18.76759461995621,0.0,,,1.3168521843541678,-0.7112886274885433,2.028140811842711,-0.7392454361446669,2.056097620498835,2,1
22029,30,1,0,,,0.0,19778.0,0.6980483365355445,32.15087470927293,0.0,17.431563920517746,,34447.54010991518,0.0502395818208218,15.16836889473152,0.5056122964910507,,,0.7942981331441942,-1.047514229175882,1.8418123623200762,0.15506711463232928,0.6392310185118649,2,1
22031,50,0,0,,,0.0,27289.0,0.7211330572758254,26.494210121294298,0.14285714285714285,19.20454714529664,,48762.87785528487,0.1064550789321431,18.32240096742277,0.0,,,0.20751723855493964,-0.7493947334114599,0.9569119719663995,-0.7392454361446669,0.9467626746996065,2,1
22033,1043,15,22,3712579.0,4763886.0,0.02109300095877277,443763.0,0.8601978984277644,31.802041404984195,0.2391304347826087,17.27167264709316,,58240.72104491137,0.063678797604873,23.50353679779522,0.3380182665071221,8.366130119004964,10.73520325038365,1.0195293915498462,-0.47853278196322097,1.4980621735130673,-0.10284576729864704,1.1223751588484934,2,3
22035,17,0,0,,,0.0,7096.0,1.0,17.39639233370913,0.0,17.798203117108233,,23685.068655266605,0.0748808713410483,23.95715896279594,0.0,,,-0.3430414704471375,-0.3213143722293987,-0.021727098217738827,-0.7392454361446669,0.39620396569752936,2,1
22037,34,1,0,,,0.0,19371.0,0.0,24.154153115481908,0.0,17.553509735635743,,54907.25908658265,0.0559024248584289,17.552010737700687,0.5162356099323732,,,-1.2236598216780643,-0.8174586955271744,-0.4062011261508899,0.17043355387294243,-1.3940933755510068,2,1
22039,49,0,1,47002.0,-14100.0,0.02040816326530612,33589.0,0.19562952156956145,28.72745541695198,0.25,19.48012419592724,,33880.480603490425,0.128562945368171,14.588109202417456,0.0,1.3993271606776028,-0.4197802852124207,-0.4007168355705197,-1.5603774633136218,1.159660627743102,-0.7392454361446669,0.3385286005741472,2,3
22041,44,0,2,255519.0,75624.0,0.045454545454545456,20238.0,0.7732977566953256,35.465238659946635,0.0,18.599457601294596,,37396.24954332392,0.0932621747831888,21.741278782488386,0.0,12.625704120960568,3.736732878742959,1.2824966203461499,-0.6059552340425628,1.8884518543887125,-0.7392454361446669,2.0217420564908166,2,3
22043,28,1,0,,,0.0,22340.0,0.4884512085944494,28.613576544315126,0.0,18.101558575917636,,45052.08284221368,0.047866937531742,12.53357206803939,0.4476275738585497,,,0.06298125147143113,-1.3450901746247368,1.408071426096168,0.06923402644536568,-0.006252774973934547,2,1
22045,110,0,1,9028.0,-4983.0,0.00909090909090909,71887.0,0.5243228956556818,29.403595921376603,0.26666666666666666,18.683606090809185,,49669.113141253394,0.0930994081773665,15.301793091935954,0.0,0.12558598912181618,-0.06931712270646988,0.20852027816754604,-1.6514391415348266,1.8599594197023728,-0.7392454361446669,0.9477657143122129,2,3
22047,62,0,2,97615.0,201905.0,0.03225806451612903,32822.0,0.2609225519468649,35.78672232039486,0.2857142857142857,20.28292445122174,,53166.86336779863,0.0797612197928653,18.88976905733959,0.0,2.974072268600329,6.151514228261532,0.484613790335952,-0.8787963119428804,1.3634101022788325,-0.7392454361446669,1.2238592264806187,2,3
22049,29,0,0,,,0.0,15879.0,0.5441148686945022,28.255223880597015,0.0,18.75222542647522,,41484.377611137556,0.0466472303206997,18.263114805718246,0.0,,,0.11396528010672792,-0.7545354281546921,0.86850070826142,-0.7392454361446669,0.8532107162513948,2,1
22051,726,2,17,1964536.0,1518349.0,0.023415977961432508,434850.0,0.8339427388754743,32.0693153961136,0.1984126984126984,18.101686024753363,,57269.830375967285,0.0532204319691335,16.69541221110728,0.045992871104978725,4.517732551454524,3.4916614924686673,1.0063251536144884,-0.9576050685122729,1.9639302221267614,-0.6409703043077252,1.6472954579222137,2,3
22053,62,1,1,9377.0,9114.0,0.016129032258064516,31441.0,0.46945071721637355,29.87703635380554,0.0,18.760626835183356,,44628.11311778396,0.0811093668236525,19.719474571419482,0.31805604147450783,0.29824115009064595,0.2898762761998664,0.17152584216988118,-1.4257832094872702,1.5973090516571513,-0.1356977029716032,0.30722354514148437,2,3
22055,380,4,14,5541094.0,4317173.0,0.03684210526315789,241973.0,0.884594562203221,29.439426299628472,0.13953488372093023,16.962862524806486,,60414.625806924785,0.0502759874928211,15.704231463841007,0.16530769961937902,22.899637562868584,17.841548437222336,0.7984474694025212,-0.3945856370172245,1.1930331064197457,-0.40489383770851706,1.2033413071110384,2,3
22057,142,0,5,168664.0,330301.0,0.035211267605633804,98108.0,0.6229869123822726,29.25779956782321,0.0,17.141228672452804,,58832.15881049083,0.0621465253851654,14.47384515024259,0.0,1.7191666326905044,3.3667081175847025,0.3529031762387911,-1.1956756617792996,1.5485788380180907,-0.7392454361446669,1.092148612383458,2,3
22059,19,0,0,,,0.0,14936.0,0.6735404392072845,36.29864756293519,0.0,18.38554602624531,,44627.053193472886,0.056390977443609,12.72094268880557,0.0,,,1.2122274795161818,-1.3220883475812883,2.53431582709747,-0.7392454361446669,1.9514729156608488,2,1
22061,118,2,0,,,0.0,47246.0,0.6684587054988782,34.451672099225334,0.0,18.2645413662109,,37592.33554087267,0.0460988028072106,24.975659315074292,0.4233162595775304,,,1.000110989903685,-0.25440086035393783,1.254511850257623,0.03221898985915436,0.9678920000445307,2,1
22063,128,1,4,386846.0,229760.0,0.03125,138928.0,0.4765849936657837,26.937869256017503,0.0,17.509691370220544,,67187.54215468964,0.0425615111592372,9.213405505009788,0.07197973050788897,2.784507082805482,1.6538062881492572,-0.1412671072653957,-1.4465728824187403,1.3053057751533446,-0.5873364121434312,0.44606930487803553,2,3
22065,17,0,0,,,0.0,11306.0,0.5591721209977003,32.53038209800106,0.0,18.466004866707944,,32168.70284110541,0.0874097834803528,15.03626393065629,0.0,,,0.6103058798946407,-1.0612387019853535,1.6715445818799943,-0.7392454361446669,1.3495513160393076,2,1
22067,61,1,1,47853.0,62614.0,0.01639344262295082,25610.0,0.6783678250683327,35.6169972666927,0.0,17.969488606833266,,34902.24763936606,0.0579517579721995,23.818820773135492,0.39047247169074584,1.8685279187817259,2.444904334244436,1.1448451709701044,-0.964585797529551,2.1094309684996553,-0.018803956984874227,1.1636491279549785,2,3
22069,93,0,3,323382.0,132183.0,0.03225806451612903,38769.0,0.8973406587737626,36.84267069050014,0.1111111111111111,18.852783256467795,,30278.857794459913,0.1379090522736931,23.988238025226337,0.0,8.34125203126209,3.409502437514509,1.6362767495938866,-0.6510747791123589,2.2873515287062456,-0.7392454361446669,2.3755221857385536,2,3
22071,1302,4,32,8151942.0,14878510.0,0.02457757296466974,390845.0,0.6726217770548076,37.456556947127375,0.4406779661016949,19.88367825783879,,44097.09103793573,0.0791073100377014,33.31243843467359,0.10234236078240734,20.857224731031483,38.06754595811639,1.3385320706029615,0.12311114954352842,1.2154209210594331,-0.5262945456747082,1.8648266162776697,2,3
22073,328,2,15,5537884.0,61269016.0,0.04573170731707317,155494.0,0.7151208406755245,34.902873422768714,0.275,17.658961061365716,,43585.14759568684,0.0618260562135407,21.094061507196418,0.1286223262633928,35.614776132841136,394.0281682894517,1.1258049623689383,0.4250849708190858,0.7007199915498525,-0.4748029626769038,1.6006079250458423,2,3
22075,46,1,3,263455.0,168959.0,0.06521739130434782,23338.0,0.9386408432599195,26.834754477675894,0.0,17.602424248778817,,60631.910290695014,0.0389803610394762,19.710343645556605,0.4284857314251435,11.288670837261119,7.239652069586083,0.5988740206231702,-0.5777503688205541,1.1766243894437243,0.0401423855091507,0.5587316351140195,2,3
22077,39,0,1,484898.0,627583.0,0.02564102564102564,22016.0,0.5328397529069767,33.16432594476744,0.3333333333333333,20.09477914380451,,43965.66042336252,0.0765421910460078,17.71438953488372,0.0,22.024800145348838,28.505768531976745,0.6374455152405476,-0.2557530994431652,0.8931986146837128,-0.7392454361446669,1.3766909513852146,2,3
22079,415,2,6,1163037.0,508973.0,0.014457831325301205,130970.0,0.7707184851492708,29.76823089257082,0.24242424242424243,17.937875279270063,,50101.56226017171,0.0639048569756634,31.686645796747346,0.15270672673131253,8.880178666870275,3.886180041230816,0.649521215969495,-0.4696181037094951,1.11913931967899,-0.4286554705525328,1.0781766865220277,2,3
22081,20,1,2,653294.0,1088412.0,0.1,8565.0,0.5213076474022184,20.564331582019847,0.0,18.83032187974314,,35842.400503288976,0.0670908039329092,23.35084646818447,1.1675423234092235,76.27483946293053,127.07670753064798,-0.771975937452824,0.43565212386240676,-1.2076280613152308,0.9514568215772696,-1.7234327590300937,2,3
22083,37,0,0,,,0.0,20350.0,0.5742506142506143,32.597808353808354,0.0,18.759092595429976,,36068.16438154781,0.0546588407923697,18.181818181818183,0.0,,,0.6422725147117907,-0.7616104290557308,1.4038829437675215,-0.7392454361446669,1.3815179508564577,2,1
22085,45,0,0,,,0.0,23991.0,0.6966362385894711,30.862490100454337,0.14285714285714285,18.587362987912137,,42753.10701149351,0.0961559888579387,18.75703388770789,0.0,,,0.6498020350379332,-0.7121825887412264,1.3619846237791595,-0.7392454361446669,1.3890474711826002,2,1
22087,57,0,3,444285.0,892881.0,0.05263157894736842,46266.0,0.8190679980979553,35.7654865343881,0.4117647058823529,20.14392722910993,,47337.279656889914,0.0927423236115121,12.32006224873557,0.0,9.602840098560497,19.29885877318117,1.3900791776291157,-0.6883651708406555,2.0784443484697714,-0.7392454361446669,2.1293246137737825,2,3
22089,78,1,3,155974.0,273093.0,0.038461538461538464,52773.0,0.7498152464328349,30.77028215185796,0.07692307692307693,17.2489731220321,,73154.91602603803,0.0554590043641138,14.780285373202206,0.18949083811797698,2.9555643984613345,5.174862145415269,0.7261193048742909,-1.036330241664442,1.7624495465387329,-0.36000294575240754,1.0861222506266985,2,3
22091,15,0,0,,,0.0,10297.0,0.34388656890356417,37.72597844032243,0.5,20.353748421190637,,46515.83831580731,0.1696798083206273,14.56734971350879,0.0,,,0.8335888478461724,-1.110884326593045,1.9444731744392174,-0.7392454361446669,1.5728342839908391,2,1
22093,40,1,3,500585.0,721361.0,0.075,21308.0,0.7932701332832739,29.474235029097052,0.14285714285714285,17.842791341749578,,54695.274224367786,0.0608073051779599,18.772292096865026,0.4693073024216257,23.49281959827295,33.85399849821663,0.6537524877429739,-0.18016858852084627,0.8339210762638202,0.10172174129558421,0.5520307464473897,2,3
22095,58,1,0,,,0.0,43242.0,0.7148143009111512,27.299061098006568,0.09090909090909091,18.60968198108321,,60870.39326068674,0.066614188723802,13.412885620461589,0.2312566486286481,,,0.2860715637759233,-1.2397842447007168,1.52585580847664,-0.2845808522567522,0.5706524160326756,2,1
22097,141,0,7,3262950.0,5233950.0,0.04964539007092199,83172.0,0.5754701101332179,30.00563530996008,0.15789473684210525,18.825590167760787,,38584.42469603823,0.0589579387270376,16.952820660799308,0.0,39.23135189727312,62.92923099119896,0.3581571545207931,-0.009869036671338483,0.3680261911921316,-0.7392454361446669,1.0974025906654599,2,3
22099,55,0,1,45932.0,48195.0,0.01818181818181818,53732.0,0.24750614159160278,28.090309312886177,0.09090909090909091,18.911852321540238,,51571.67727963179,0.0782325391977194,10.2359860046155,0.0,0.8548351075709074,0.896951537258989,-0.3866628373380897,-1.6153054221276282,1.2286425847895384,-0.7392454361446669,0.35258259880657716,2,3
22101,103,0,3,275040.0,736422.0,0.02912621359223301,50968.0,0.7431329461622979,28.581003767069536,0.125,18.670276119192433,,42911.03573384357,0.0867008157844811,20.208758436666145,0.0,5.39632710720452,14.448712917909276,0.47361946915688513,-0.5928391807214054,1.0664586498782906,-0.7392454361446669,1.212864905301552,2,3
22103,430,3,12,3693344.0,4076896.0,0.027906976744186046,255155.0,0.7195704571730909,34.24506633222943,0.046511627906976744,16.760229624961298,,73034.08465457555,0.0549669989494197,16.85250142070506,0.11757559130724461,14.47490349003547,15.978115263271345,1.060439802738855,-0.47401084974207214,1.5344506524809272,-0.4962997458304868,1.5567395485693418,2,3
22105,207,1,5,1587959.0,571125.0,0.024154589371980676,132057.0,0.6261084228779996,35.896735500579304,0.0,17.500949064828067,,50698.29964730655,0.0722167788361148,15.675049410481838,0.07572487637913931,12.024799897014168,4.324837002203594,1.0907213842602725,-0.7671729737872027,1.8578943580474752,-0.5797142411087013,1.6704356253689738,2,3
22107,16,0,0,,,0.0,4561.0,1.0,30.765972374479276,0.0,19.863009480377112,,29147.918554543616,0.1633165829145728,35.08002631001973,0.0,,,1.1325626888812734,0.2952702670082471,0.8372924218730263,-0.7392454361446669,1.8718081250259404,2,1
22109,139,0,5,1091009.0,5286726.0,0.03597122302158273,112054.0,0.6552465775429703,32.70750263265925,0.23809523809523808,17.878191561809484,,51668.13039193955,0.0630936364184019,12.40473343209524,0.0,9.736457422314242,47.180163135631034,0.7861173492049294,-0.520546891065491,1.3066642402704205,-0.7392454361446669,1.5253627853495964,2,3
22111,39,0,1,96532.0,337978.0,0.02564102564102564,22353.0,0.6469825079407686,24.74437435690959,0.0,18.678813927258087,,46742.662118377215,0.0450869613382076,17.447322507046035,0.0,4.318525477564533,15.120028631503601,-0.10621656516956923,-0.7038766530078507,0.5976600878382815,-0.7392454361446669,0.6330288709750976,2,3
22113,83,1,4,341776.0,1325442.0,0.04819277108433735,59865.0,0.348651131713021,27.970131128372174,0.08333333333333333,18.22420743568028,,55057.7683387552,0.0741656836257087,13.86452852250898,0.16704251231938527,5.709112169047023,22.140516161363067,-0.23541721573144436,-0.7048910349184946,0.4694738191870502,-0.4016426430617359,0.16622542733029155,2,3
22115,67,0,0,,,0.0,49646.0,0.7901744349997986,23.32385287837893,0.0,16.62623477559119,,52085.74057050283,0.0857718346108655,13.49554848326149,0.0,,,-0.030101924531166002,-1.2302171624507836,1.2001152379196176,-0.7392454361446669,0.7091435116135009,2,1
22117,58,0,0,,,0.0,46435.0,0.4437170237967051,33.89829869710348,0.45454545454545453,20.49486831424572,,39821.356367061955,0.0984014947062487,12.49057822763002,0.0,,,0.5734984635926959,-1.3504130587098608,1.9239115223025567,-0.7392454361446669,1.3127438997373626,2,1
22119,74,0,0,,,0.0,39242.0,0.7548799755364151,44.465789205443144,0.18181818181818182,19.17077325429387,,30685.868729912443,0.0518745118458734,18.857346720350645,0.0,,,2.2459337680049694,-0.7037103730754037,2.9496441410803733,-0.7392454361446669,2.9851792041496363,2,1
22121,34,0,0,,,0.0,26101.0,0.491666985939236,34.63413279184705,0.2,18.389041331634804,,69303.15107959397,0.0448409974834134,13.026320830619516,0.0,,,0.7327020492528342,-1.2852646178038234,2.0179666670566574,-0.7392454361446669,1.471947485397501,2,1
22123,20,1,1,109922.0,175947.0,0.05,11041.0,0.0,26.079775382664614,0.0,18.14838687256589,,40807.085976361064,0.102026221692491,18.114301240829633,0.9057150620414818,9.955801104972375,15.935784802101258,-1.0111283720674358,-0.5135002481784705,-0.49762812388896527,0.6701007495915049,-1.6812291216589408,2,3
22125,20,1,0,,,0.0,15428.0,0.2631578947368421,22.84573502722323,0.0,16.225426662431943,,63210.706139538815,0.0823207776427703,12.963443090484832,0.6481721545242416,,,-0.9400507442547854,-1.292780688726539,0.35272994447175354,0.35278473096046903,-1.2928354752152544,2,1
22127,18,0,0,,,0.0,14313.0,0.8317613358485293,29.65293788863271,0.0,19.364072624257666,,40651.27710263314,0.0485525833638695,12.575979878432193,0.0,,,0.7360809197957306,-1.3398563843751756,2.0759373041709064,-0.7392454361446669,1.4753263559403975,2,1
23001,815,12,26,63489178.0,69023885.0,0.03190184049079755,107602.0,0.3539339417482946,27.10198973996766,0.2857142857142857,15.182399188509509,13.0,56715.48996127543,0.0390216415150821,75.74208657831639,1.115220906674597,590.0371554432073,641.4739967658594,-0.29726341677152707,1.8312687116258806,-2.1285321283974077,0.8980543819799072,-1.1953177987514343,3,3
23003,740,12,35,4866744.0,9709949.0,0.0472972972972973,67809.0,0.22808181804775177,30.038689554483916,0.2916666666666667,15.932950160583403,12.1,43587.267444308985,0.0496483509425479,109.13005648217788,1.7696765916028847,71.77135778436491,143.195578757982,-0.272446804618106,1.2858997621629389,-1.558346566781045,1.487206882722897,-1.759653687341003,3,3
23005,3107,47,96,86026224.0,255787427.0,0.03089797232056646,292307.0,0.5303738877276288,28.440301805977963,0.09090909090909091,13.422345951444884,6.9,77450.78925882223,0.0306076349672464,106.29235700821397,1.6078985450228698,294.3009370285351,875.0643227839224,-0.37891467594968975,1.9211490161198432,-2.300063692069533,1.3556697928689385,-1.7345844688186283,3,3
23007,311,15,9,927107.0,2322265.0,0.028938906752411574,29982.0,0.25338536455206456,26.896944833566806,0.1111111111111111,15.9366512288373,13.6,54503.42792406334,0.0579889358932639,103.72890400907211,5.003001801080648,30.922119938629844,77.45530651724368,-0.38484190597384366,0.9601726906462198,-1.3450145966200635,3.1777673638072836,-3.5626092697811274,3,3
23009,754,19,43,15534651.0,115664646.0,0.05702917771883289,54601.0,0.09098734455412905,27.1193897547664,0.058823529411764705,14.106092413215876,10.1,60604.35225860708,0.0406114613786059,138.09270892474498,3.479789747440523,284.51220673614034,2118.3613120638815,-0.7576871572468514,2.223419935238142,-2.981107092484993,2.538102715686338,-3.2957898729331894,3,3
23011,1329,96,65,63182390.0,83850405.0,0.04890895410082769,121753.0,0.24505350997511355,27.703682866130606,0.06451612903225806,14.016427156587516,11.5,58682.709482629354,0.0397747385358004,109.15542122165368,7.88481597989372,518.9390815832054,688.6927221505836,-0.4623895359622991,2.0174516320431732,-2.479841168005472,4.03467359714257,-4.497063133104869,3,3
23013,571,16,17,5263956.0,14907982.0,0.0297723292469352,39759.0,0.3666088181292286,25.70965567544455,0.2,14.816231317563318,8.6,61211.688888852674,0.0312272705232022,143.61528207449885,4.024246082647954,132.39658945144495,374.95867602303883,-0.653892824455949,1.7521413538300639,-2.4060341782860126,2.78877990400057,-3.442672728456519,3,3
23015,447,13,26,15387187.0,54554227.0,0.058165548098434,34201.0,0.16250986813251075,29.113736440454957,0.0,15.497979879126339,9.8,61178.83123520936,0.0380651206371515,130.6979328089822,3.8010584485833747,449.90459343294054,1595.1061957252712,-0.551657340580172,2.242009031053508,-2.7936663716336803,2.6894722130933806,-3.2411295536735527,3,3
23017,493,17,21,3568923.0,8413260.0,0.04259634888438134,57550.0,0.30217202432667245,31.398947002606427,0.7058823529411765,17.756115088427453,14.5,52152.51580210051,0.0549151805132666,85.66463944396178,2.9539530842745436,62.01430060816681,146.19044309296265,0.0541191853724976,1.1239832110445098,-1.0698640256720122,2.2652185846129846,-2.211099399240487,3,3
23019,1351,25,37,11137515.0,43236417.0,0.027387120651369355,151774.0,0.40012123288573803,29.287370037028744,0.13043478260869565,14.750158470337475,12.6,53852.63439706371,0.049850240916786,89.0139286043723,1.6471859475272446,73.38223279349559,284.87367401531225,-0.11073791420176939,1.306176371983382,-1.4169142861851516,1.3883485676215346,-1.499086481823304,3,3
23021,194,9,8,2323531.0,6406426.0,0.041237113402061855,16836.0,0.0,27.647428130197195,0.25,15.983438389819433,15.3,43340.30507982867,0.0627927400468384,115.22927061059633,5.345687811831789,138.00968163459254,380.51948206224756,-0.5008546582452714,1.6422391820581212,-2.1430938403033926,3.2990981699571975,-3.799952828202469,3,3
23023,321,6,13,2390233.0,5259916.0,0.040498442367601244,35452.0,0.35741283989619765,27.75058670878935,0.0,13.370828206532776,8.7,67510.81906956731,0.0239899649819683,90.54496220241454,1.6924292000451313,67.42166873519125,148.3672571364098,-0.5076028996071953,1.175655967516779,-1.6832588671239743,1.4253857820674625,-1.9329886816746578,3,3
23025,390,23,14,4245923.0,21823175.0,0.035897435897435895,50520.0,0.18604513064133016,30.689384402216945,0.5882352941176471,17.649713017082345,13.3,46908.01031090481,0.0664255319148936,77.19714964370546,4.552652414885194,84.04439825811559,431.9710015835313,-0.19707922265152197,1.3351643610101291,-1.532243583661651,3.0073322338238246,-3.2044114564753468,3,3
23027,384,22,10,3480669.0,6397472.0,0.026041666666666668,39539.0,0.322491717038873,28.850352816206787,0.375,16.176728295960952,12.7,55042.92939840016,0.0546519193233571,97.119299931713,5.564126558587724,88.03128556614988,161.80156301373327,-0.22097945840555977,1.2892049404184316,-1.5101843988239914,3.3730646905887034,-3.5940441489942634,3,3
23029,398,20,10,635295.0,2029491.0,0.02512562814070352,31491.0,0.177066463433997,28.0474770569369,0.2857142857142857,16.373413015655267,20.1,43824.69048998963,0.0704673173617273,126.38531643961767,6.351020926613953,20.173859197866058,64.4466990568734,0.012858629603796773,0.9438506004552094,-0.9309919708514126,3.6205083112017213,-3.6076496815979247,3,3
23031,1322,24,54,7430305.0,39367918.0,0.04084720121028744,204316.0,0.3863965621879833,30.601886293780222,0.07317073170731707,14.370284343967185,8.1,71894.66602017067,0.0388837408225817,64.70369427749173,1.1746510307562794,36.366730946181406,192.6815227392862,-0.3029114431225121,0.9041893410287426,-1.2071007841512547,0.9586127489720998,-1.2615241920946119,3,3
24001,218,2,9,2320982.0,738100.0,0.04128440366972477,71445.0,0.6523899503114283,31.551365385961226,0.17391304347826086,16.59516702404647,18.8,48643.106408133455,0.0740049751243781,30.51298201413675,0.279935614808594,32.48627615648401,10.331023864511163,0.7069167026447832,-0.060344200191437714,0.767260902836221,-0.19983862989067952,0.9067553325354627,3,3
24003,1116,4,43,23892878.0,76421775.0,0.03853046594982079,571275.0,0.9316336265371319,28.983383309264365,0.019230769230769232,14.408832665723164,6.3,106838.25070766865,0.0423239720175332,19.535250098463962,0.0700188175572185,41.823776639971996,133.77405802809506,0.0596025776388834,0.21835428545826038,-0.15875170781937697,-0.5913379167791053,0.6509404944179887,3,3
24005,2020,8,65,10276299.0,9051479.0,0.03217821782178218,828018.0,0.8844686951249852,29.687591211785257,0.14485981308411214,16.59525183255316,9.8,81472.14209503816,0.0478811413135235,24.39560492646295,0.09661625713450674,12.41071933218843,10.931500281394849,0.2733986166512838,-0.3753515071518267,0.6487501238031105,-0.5376767713054806,0.8110753879567645,3,3
24009,139,2,5,769030.0,261296.0,0.03597122302158273,91511.0,0.4883128804187475,27.829398651528226,0.0,12.231892001355028,4.9,115863.5062164664,0.0424547529757052,15.189430778813477,0.21855296084623707,8.403689173979085,2.855350722863918,-0.5912564651420869,-0.9167127636940574,0.32545629855197056,-0.30724740268818423,-0.2840090624539026,3,3
24011,78,1,4,368285.0,406742.0,0.05128205128205128,33049.0,0.22802505370813037,29.564138097975736,0.1111111111111111,17.21469332784653,13.3,62151.84175277558,0.0491095201467368,23.601319253230056,0.30258101606705196,11.143604950225424,12.307240763714484,-0.2343555394907982,-0.3948424791457013,0.1604869396549031,-0.1615092242150179,-0.07284631527578031,3,3
24013,332,3,13,3611358.0,4147217.0,0.0391566265060241,167699.0,0.5310645859545973,28.77091276632538,0.0,13.223302686175826,6.4,102567.81565835024,0.0334421600635312,19.797375058885265,0.1788919433031801,21.534761686116195,24.730123614332822,-0.3842853255644508,-0.2272886787475097,-0.1569966468169411,-0.3795641526559929,-0.00472117290845786,3,3
24015,200,4,8,1982333.0,5527943.0,0.04,102552.0,0.42749044387237695,29.457558116857793,0.10526315789473684,16.26867424871285,10.0,81494.40050557072,0.0515845005015417,19.502301271550042,0.39004602543100086,19.330027693267805,53.90380489897808,-0.22685776098013533,-0.11664544805431178,-0.11021231292582355,-0.019474339355489163,-0.20738342162464615,3,3
24017,305,2,4,275556.0,1966068.0,0.013114754098360656,159428.0,0.6677371603482449,30.03917254183707,0.0,12.765571099587277,7.8,105995.61088036456,0.0346179124096313,19.13089294226861,0.12544847830995812,1.7284040444589408,12.332011942695136,-0.057521465759247214,-0.8396781904017718,0.7821567246425246,-0.48095760630426526,0.42343614054501805,3,3
24019,73,2,3,311842.0,1595657.0,0.0410958904109589,32138.0,0.4719024208102558,31.28284585226212,0.1111111111111111,17.809273851017487,15.7,56088.01476911944,0.0801609408851748,22.714543531022468,0.6223162611239033,9.703217375070011,49.6501649138092,0.30268825006552375,-0.19378532703333332,0.4964735770988571,0.3182274119528554,-0.015539161887331676,3,3
24021,610,2,19,28138923.0,72011027.0,0.03114754098360656,251422.0,0.6791649099919657,29.20283348314786,0.03278688524590164,13.94379722322231,6.4,103586.40292129264,0.0418270776043712,24.261997756759552,0.07954753362871984,111.9190961809229,286.4149795960576,-0.19191694744885926,0.691832320043002,-0.8837492674918612,-0.5719616352342414,0.38004468778538214,3,3
24023,105,1,4,415036.0,2605588.0,0.0380952380952381,29235.0,0.19555327518385496,24.25817342226783,0.0,14.98971671564905,10.8,55770.037475797144,0.0380747624661904,35.91585428424833,0.34205575508807934,14.196545236873611,89.12563707884385,-0.8122090437807664,0.23891294322930348,-1.0511219870100699,-0.09626087150119027,-0.7159481722795762,3,3
24025,456,1,23,4545677.0,5164749.0,0.05043859649122807,252222.0,0.7987685451705244,29.378442800390136,0.07017543859649122,14.243799387686245,7.3,94489.07255934179,0.0420950519206602,18.079311083093465,0.039647612024327775,18.02252380839102,20.476996455503485,0.005495369543724833,-0.3469529811329715,0.35244835067669633,-0.6542685793647902,0.6597639489085151,3,3
24027,776,3,24,4384127.0,6197380.0,0.030927835051546393,318855.0,0.9009769330887081,26.749741418513114,0.0,13.54264858806354,5.6,128420.4295297638,0.0378220808641173,24.33708111837669,0.09408665380815731,13.749594643333177,19.436358219253265,-0.18061514115033298,-0.2548546312289285,0.07423949007859551,-0.5427240024203758,0.3621088612700428,3,3
24029,90,1,4,598422.0,1521887.0,0.044444444444444446,19536.0,0.2922297297297297,32.53647113022113,0.0,17.10004945817977,13.0,62109.44478033261,0.0415164314412279,46.06879606879607,0.511875511875512,30.631756756756758,77.90166871416871,0.03569982828393936,0.5132246671471076,-0.4775248388631682,0.16413981371633893,-0.12843998543239957,3,3
24031,2939,18,115,447836170.0,188645587.0,0.03912895542701599,1043530.0,0.8463647427481721,30.610164920989337,0.05116279069767442,15.327193165823696,7.2,115340.96353110675,0.0446516158918742,28.16402020066505,0.17249144729907143,429.1550506454055,180.77639071229385,0.14164583112924992,0.9849442872041133,-0.8432984560748634,-0.39146218972319213,0.533108020852442,3,3
24033,2277,13,79,35933250.0,59078494.0,0.03469477382520861,908670.0,0.8487536729505761,30.842902814002883,0.3532110091743119,17.185946840191708,11.0,90008.77249643068,0.060127578075529,25.058602132787478,0.14306623966896673,39.5448842814223,65.01644601450471,0.3927506739969129,0.20563732480373054,0.18711334919318234,-0.4470105661875001,0.839761240184413,3,3
24035,116,2,2,274821.0,217454.0,0.017241379310344827,49632.0,0.2602554803352676,30.80888136686009,0.0,13.782215239160218,6.5,102848.69560078492,0.0263248123738047,23.372018052869116,0.4029658284977434,5.537173597678917,4.381326563507415,-0.521884717620544,-0.7074791848049258,0.18559446718438177,0.0007451541767684416,-0.5226298717973125,3,3
24037,181,1,6,570157.0,684778.0,0.03314917127071823,112290.0,0.3911122985127794,28.23026716537537,0.0,13.9689524786713,8.4,95228.89972847168,0.0326536332422395,16.118977647163593,0.0890551251224508,5.077540297444118,6.098299047110161,-0.4540346571469524,-0.8689999858442814,0.414965328697329,-0.5527980231803977,0.09876336603344532,3,3
24039,50,0,3,152430.0,673708.0,0.06,25729.0,0.3220101830619146,35.07012709394069,0.0,15.294694413152472,22.9,40068.318731542255,0.0823869502374561,19.433324264448675,0.0,5.924443235259823,26.184772047106378,0.8572488939238911,-0.490315552032393,1.347564445956284,-0.7392454361446669,1.5964943300685581,3,3
24041,146,1,7,15604619.0,12213515.0,0.04794520547945205,37167.0,0.34005973040600534,27.56247477601098,0.0,14.37986775758065,10.1,77954.25330658253,0.0336258106708812,39.28215890440444,0.26905588290687976,419.8514542470471,328.61180617214194,-0.455011669703327,1.2713468316905783,-1.7263585013939053,-0.21849540190315492,-0.2365162678001721,3,3
24043,342,3,9,1344088.0,3045726.0,0.02631578947368421,150109.0,0.7106968935906575,25.94706380030511,0.125,15.389759938304831,11.5,64506.993571982704,0.0546555911248482,22.783444030671046,0.1998547721988688,8.95408003517444,20.2900958636724,-0.08673723941170335,-0.37028999673322055,0.2835527573215172,-0.3410432024702478,0.2543059630585444,3,3
24045,234,1,5,5584347.0,1761009.0,0.021367521367521368,102539.0,0.6985244638625303,31.871753186592414,0.05263157894736842,15.664966888559475,15.4,60369.04906154859,0.0764021203946499,22.820585338261537,0.09752386896692966,54.460712509386674,17.174041096558383,0.5734825009543983,-0.015482855526786613,0.588965356481185,-0.5358686820125682,1.1093511829669667,3,3
24047,123,1,5,523845.0,2568301.0,0.04065040650406504,51765.0,0.6161885443832705,30.696449338356032,0.0,14.313384274915478,10.1,67304.13382890781,0.0490744387554155,23.761228629382785,0.1931807205640877,10.119675456389452,49.6146237805467,0.07499767682540141,-0.16130995725045003,0.23630763407585142,-0.35323381727281933,0.42823149409822076,3,3
24510,1849,9,39,28423629.0,77075799.0,0.021092482422931314,609032.0,0.6296368663715536,32.243430722852004,0.57,18.676471457596648,,53397.926867612834,0.0829015374870624,30.35965269476809,0.14777548634554505,46.670173324225985,126.55459647440529,0.6932440718561884,0.46809166739462,0.22515240446156842,-0.4380250914565697,1.131269163312758,2,3
25001,864,16,64,14371596.0,26765855.0,0.07407407407407407,213496.0,0.8733746768089332,34.1247967175029,0.0,11.18015335991775,8.9,78790.53358802015,0.0409859116598477,40.46914227901225,0.7494285607224491,67.31552815977817,125.36935118222355,0.5330567753521022,0.7025008793795012,-0.16944410402739907,0.48309026389803966,0.0499665114540625,3,3
25003,540,18,18,4030524.0,3458638.0,0.03333333333333333,126425.0,0.6785208621712477,29.228814712280005,0.0,14.05645426582559,12.5,62779.316944931576,0.0476983961674651,42.71307099070595,1.4237690330235317,31.880751433656318,27.357231560213567,0.18073759046605273,0.2894447713058445,-0.10870718083979178,1.1956441823401576,-1.014906591874105,3,3
25005,1068,27,56,16055019.0,25979102.0,0.052434456928838954,561037.0,0.7426907672755986,27.72714740739024,0.25396825396825395,15.35960060903648,12.7,73235.47027367968,0.053545008727454,19.036177649602433,0.48125168215287045,28.616684817578875,46.305505697485195,0.15200350418898823,-0.07329702678841836,0.2253005309774066,0.11941654436316539,0.03258695982582284,3,3
25007,153,4,17,8117414.0,13349582.0,0.1111111111111111,17312.0,0.7562384473197782,35.37483826247689,0.0,11.602191504274492,8.5,76114.2247025575,0.0343988496847693,88.37800369685768,2.310536044362292,468.88944085027725,771.1172597042514,0.4736655521422191,1.8993915603751956,-1.4257260082329766,1.8770583402059149,-1.4033927880636958,3,3
25009,2060,35,82,9426074.0,19495529.0,0.039805825242718446,783676.0,0.8072239037561442,32.777387083437546,0.27607361963190186,15.485589518068691,9.6,84012.78066868329,0.0485391239166517,26.286373450252402,0.44661314114506506,12.02802433658808,24.877026985642026,0.4048101783584917,-0.19713623882093045,0.6019464171794222,0.06770197737603079,0.3371082009824609,3,3
25011,313,16,16,5464687.0,5205575.0,0.051118210862619806,70577.0,0.43011179279368633,30.57483032716041,0.0,13.89449026586565,11.9,64602.38675997939,0.0494085979760333,44.34872550547629,2.2670275018773824,77.42872323844878,73.75738555053346,-0.026111504033124195,0.6851169072530169,-0.7112284112861411,1.8481448927755184,-1.8742563968086425,3,3
25013,1088,12,22,1526569.0,9456443.0,0.02022058823529412,467871.0,0.8260311068649264,30.817480459357384,0.5145631067961165,17.92879283729062,17.6,58750.544638538115,0.0584016747984359,23.25427307954543,0.25648095308322166,3.262798933894172,20.211645945142998,0.7681288317559316,-0.5493904469363624,1.317519278692294,-0.24025944174010333,1.008388273496035,3,3
25015,578,23,25,15475175.0,12327413.0,0.04325259515570934,161032.0,0.7632271846589498,34.089265487604955,0.027777777777777776,14.540616842329477,12.4,75123.19547170303,0.0545479064122446,35.89348700879328,1.4282875453326047,96.09999875801083,76.55256719161409,0.6241296676970549,0.6245895428534912,-0.00045987515643630683,1.1997147389526284,-0.5755850712555735,3,3
25017,4878,56,211,36054569.0,75565118.0,0.04325543255432554,1600842.0,0.8091548072826675,28.19603664821388,0.14150943396226415,14.592646111026573,7.7,108751.41408915776,0.0376898840394547,30.471464391863783,0.34981590937768997,22.522253289206557,47.20335798286152,-0.045887497114677676,0.13056762761441001,-0.1764551247290877,-0.08365998010282673,0.03777248298814905,3,3
25019,57,1,4,13085095.0,27508848.0,0.07017543859649122,11168.0,0.8595093123209169,29.16096883954155,0.0,10.095643227883237,6.5,114171.8670159918,0.0291937679624867,51.03868194842407,0.8954154727793696,1171.6596525787966,2463.1848137535817,0.006642193339568392,2.018771055621583,-2.0121288622820144,0.6582569174125513,-0.6516147240729829,3,3
25021,2147,24,92,16926666.0,44265746.0,0.04285048905449464,700437.0,0.92772226481468,29.150697778672452,0.015384615384615385,14.043549132014729,7.7,109480.6420151769,0.0424543305503744,30.652292782934083,0.3426432355800736,24.165865024263425,63.19732681169042,0.15292125046547922,0.20237385341685743,-0.04945260295137821,-0.0953043782333024,0.24822562869878162,3,3
25023,1349,26,69,11648482.0,25488952.0,0.05114899925871016,515303.0,0.8153300097224352,30.475363815075788,0.06,13.354002026805588,8.0,94851.56667372922,0.0500067442372267,26.17877248919568,0.5045575127643348,22.60511194384663,49.46400855419045,0.1467892772265951,0.05814252724993304,0.08864674997666205,0.15353547532510925,-0.00674619809851415,3,3
25025,3355,9,96,970517927.0,1930171200.0,0.028614008941877794,796605.0,0.4034672545440393,31.91077874228758,0.4019607843137255,17.290816350463533,15.1,73843.86682823634,0.0639235871583974,42.116230754263405,0.11297945656881389,1218.317644252798,2422.9965917863933,0.2381511101469025,1.9195279523454065,-1.681376842198504,-0.5053064206095293,0.7434575307564318,3,3
25027,1943,39,85,18588206.0,54893124.0,0.04374678332475553,824772.0,0.7598342329759012,27.842031252273358,0.11627906976744186,14.364697292876091,10.9,79154.08762671864,0.0500128365079293,23.558025733172318,0.4728579534707774,22.537387302187756,66.55551352373747,0.06944001917432717,0.05545441875797689,0.013985600416350281,0.10699677454513554,-0.03755675537080837,3,3
26001,63,2,1,135430.0,592.0,0.015873015873015872,10353.0,0.1641070221191925,30.671699024437366,0.0,15.900379992852313,15.8,42909.975809532494,0.0761379310344827,60.851926977687626,1.9318072056408773,13.081232492997199,0.05718149328696996,-0.06993836722516374,-0.3208664903312119,0.2509281231060482,1.611537559253385,-1.6814759264785486,3,3
26003,34,0,0,,,0.0,9151.0,0.38684296798164136,34.98554256365424,0.0,14.91194313954759,12.9,48300.750855656464,0.0520865062442887,37.15440935416895,0.0,,,0.31240440825329757,0.3887869448413689,-0.07638253658807131,-0.7392454361446669,1.0516498443979645,3,1
26005,198,3,4,201851.0,139431.0,0.020202020202020204,116143.0,0.35266869290443675,25.898815253609772,0.0,15.549527665300536,9.9,66738.13424679414,0.0275469133866499,17.04794951051721,0.25830226531086675,1.7379523518421256,1.2005114384853155,-0.5759303346496953,-1.236366155188566,0.6604358205388707,-0.23709375464356106,-0.33883658000613426,3,3
26007,115,1,5,1325753.0,5202523.0,0.043478260869565216,28520.0,0.6498246844319776,27.592931276297332,0.0,13.853455439375876,15.9,45961.49790111545,0.0600415615259017,40.32258064516129,0.3506311360448808,46.48502805049088,182.41665497896213,0.23628605573817263,0.6889219892442954,-0.45263593350612275,-0.08234042726270704,0.3186264830008797,3,3
26009,81,2,5,752009.0,1518138.0,0.06172839506172839,23206.0,0.0,30.875760579160563,0.0,14.18161005425321,10.1,59530.6489314888,0.0382775119617224,34.90476600879083,0.8618460742911317,32.40580022407998,65.4200637766095,-0.5799517634217047,0.3422646864626673,-0.922216449884372,0.6192027172001869,-1.1991544806218917,3,3
26011,45,0,1,9851.0,14324.0,0.022222222222222223,15070.0,0.0,29.687425348374255,0.0,17.914273522893165,15.0,44824.19911533271,0.0709454145036967,29.860650298606505,0.0,0.6536828135368281,0.9504976775049768,-0.3690188949916973,-1.0723329615671915,0.7033140665754942,-0.7392454361446669,0.37022654115296955,3,3
26013,25,0,0,,,0.0,8421.0,1.0,27.40110438190239,0.0,15.775532610616317,15.6,48825.41338963824,0.0614543114543114,29.687685548034676,0.0,,,0.5836045510051888,0.024469300219551585,0.5591352507856372,-0.7392454361446669,1.3228499871498558,3,1
26015,129,1,4,928767.0,497049.0,0.031007751937984496,60540.0,0.0,27.23651139742319,0.0,14.597955141261977,8.3,68354.51882118246,0.0482420278004906,21.308225966303272,0.16518004625041297,15.341377601585728,8.21025768087215,-0.9573339691851315,-0.4518659232328585,-0.5054680459522729,-0.40513326272064804,-0.5522007064644834,3,3
26017,195,2,10,5183971.0,11893594.0,0.05128205128205128,104104.0,0.5384423269038654,26.619567932067937,0.0,14.602148892463306,12.8,51744.44494233689,0.0638145458163366,18.73126873126873,0.19211557673096133,49.79607892107892,114.24723353569507,-0.14487307689524645,0.20495896860757667,-0.3498320455028231,-0.3551856833331091,0.21031260643786268,3,3
26019,49,0,2,191149.0,952273.0,0.04081632653061224,17615.0,0.0,32.582407039455006,0.0,14.543004430315072,9.7,61448.05201022224,0.0450054884742041,27.817201248935564,0.0,10.851490207209764,54.06034629577065,-0.47873320871173525,-0.04676301521788958,-0.4319701934938457,-0.7392454361446669,0.2605122274329316,3,3
26021,389,12,14,1701013.0,6095578.0,0.03598971722365039,154133.0,0.6224689067234142,27.444152777147007,0.020833333333333332,14.916478308798245,13.6,53838.85538101974,0.059338061465721,25.237943853684804,0.7785483965146983,11.036007863338805,39.547520647752265,0.05562500059972039,-0.15276007610384032,0.2083850767035607,0.5191694809926578,-0.4635444803929374,3,3
26023,124,1,3,1436173.0,139852.0,0.024193548387096774,43513.0,0.36733849654126355,25.540762530737943,0.08333333333333333,17.68989713147795,14.9,55059.88818737735,0.0420971867007672,28.497230712660585,0.2298163767150047,33.00560751959185,3.214027991634684,-0.28190922496587006,-0.27856290538073575,-0.0033463195851343164,-0.2871388732320897,0.005229648266219633,3,3
26025,257,3,6,2327020.0,1586995.0,0.023346303501945526,134212.0,0.7151074419575001,30.464447292343454,0.02564102564102564,16.31942539091885,14.0,51519.740988389145,0.0629516896901584,19.148809346407177,0.22352695735105654,17.338390009835187,11.824538789378,0.40266507421364395,-0.4210488045732828,0.8237138787869267,-0.2983445279219613,0.7010096021356053,3,3
26027,128,2,1,67728.0,72797.0,0.0078125,51523.0,0.13069891116588708,26.334252663858862,0.0,15.561009366380064,12.3,58409.24901037218,0.0636670327946022,24.843273877685697,0.388176154338839,1.3145197290530444,1.412902975370223,-0.6384353975943436,-1.0564652458103383,0.41802984821599465,-0.022416245540623877,-0.6160191520537198,3,3
26029,76,1,3,1042618.0,1478331.0,0.039473684210526314,26188.0,0.10672827249121736,27.090541469375285,0.0,13.011545155834735,9.1,59101.37958550371,0.0399441557434266,29.020925614785398,0.381854284405071,39.81281502978464,56.45070261188331,-0.8036336744927132,0.26007327043253403,-1.0637069449252472,-0.03239200180150271,-0.7712416726912105,3,3
26031,64,0,3,58558.0,475044.0,0.046875,25418.0,0.26111417105987883,27.954536155480366,0.0,15.103406853017544,14.0,50923.003601254306,0.0750066260270341,25.179007002911323,0.0,2.303800456369502,18.6892753167047,-0.27428687728460355,-0.577621400853635,0.30333452356903146,-0.7392454361446669,0.4649585588600633,3,3
26033,100,0,0,,,0.0,37629.0,0.6153394534585824,24.64087804618778,0.0,14.76520412017327,13.6,49271.64152460053,0.0891861761426978,26.575247814185865,0.0,,,-0.15837104011178457,-0.15443237636637958,-0.003938663745404997,-0.7392454361446669,0.5808743960328823,3,1
26035,73,0,2,376368.0,399375.0,0.0273972602739726,30651.0,0.11999608495644513,33.93135949887443,0.0,17.556950668950442,21.1,41935.90536765521,0.1008833484685874,23.816514958728916,0.0,12.279142605461486,13.029754331016932,0.4448054231967489,-0.36014997428555623,0.8049553974823052,-0.7392454361446669,1.1840508593414159,3,3
26037,188,3,3,623961.0,866506.0,0.015957446808510637,78389.0,0.4844174565308908,24.961196086185563,0.0,11.921305129023205,7.0,74608.07225652091,0.0346958174904942,23.982956792407098,0.3827067573256452,7.959803033588896,11.053923382107184,-0.678650002164054,-0.4726238934432638,-0.20602610872079025,-0.031044161361266417,-0.6476058408027876,3,3
26039,27,0,3,342817.0,468777.0,0.1111111111111111,13892.0,0.1664267204146271,33.74654477397063,0.0,15.38566829441405,14.0,50851.98867241233,0.0649837966911137,19.435646415202992,0.0,24.677296285632018,33.74438525770228,0.049219027077434196,-0.15181173229474101,0.2010307593721752,-0.7392454361446669,0.7884644632221011,3,3
26041,95,0,0,,,0.0,36026.0,0.5984844279131738,26.21330428024205,0.0,14.173222556209403,14.1,50276.44977149898,0.0505850804485616,26.369844001554434,0.0,,,-0.03050181240154462,-0.16693997885222578,0.13643816645068116,-0.7392454361446669,0.7087436237431223,3,1
26043,85,2,2,358519.0,1666987.0,0.023529411764705882,25439.0,0.6675969967372931,25.834808758205902,0.0,13.628364113526475,11.8,54739.79104543291,0.0460481682496607,33.41326309996462,0.7861944258815206,14.093281968630842,65.5287943708479,-0.12346330078003691,0.14153134895689115,-0.26499464973692805,0.528544938825014,-0.6520082396050508,3,3
26045,251,5,11,3396992.0,1081001.0,0.043824701195219126,109456.0,0.6276586025434878,23.305325427569066,0.0,14.554884245029964,10.1,68204.00956900991,0.0477742745684818,22.931588948984068,0.45680456073673437,31.035228767724018,9.876123739219413,-0.4564053817256881,-0.23134804415346513,-0.225057337572223,0.0830450028465712,-0.5394503845722594,3,3
26047,136,1,7,39978121.0,16574548.0,0.051470588235294115,33104.0,0.7731694055099082,28.28318934267762,0.0,13.676922192031176,9.4,59174.514362967835,0.0492904720532869,41.08264862252296,0.30207829869502173,1207.652277670372,500.68112614789754,0.025022057380206297,1.6097469963189919,-1.5847249389387856,-0.16235286396147347,0.18737492134167977,3,3
26049,715,7,13,1594689.0,1355862.0,0.01818181818181818,407875.0,0.8330248237817959,29.785058657676988,0.03816793893129771,14.498270543151703,17.9,51499.602426478734,0.0932950433392241,17.52988047808765,0.17162120747778117,3.909749310450506,3.3242096230462765,0.7180140492752431,-0.9650733036235507,1.6830873528987937,-0.3930849133262255,1.1110989626014687,3,3
26051,49,0,2,139842.0,383715.0,0.04081632653061224,25279.0,0.3744214565449583,27.532817753866844,0.0,16.841980525930616,14.2,47292.76283582478,0.0588606264452385,19.383678151825627,0.0,5.531943510423671,15.179200126587286,-0.17027767344892086,-0.6016498070139994,0.43137213356507853,-0.7392454361446669,0.568967762695746,3,3
26053,39,1,2,228663.0,279652.0,0.05128205128205128,15061.0,0.4789854591328597,30.101938782285377,0.0,14.74509988134918,17.3,41166.400317815256,0.0536647142630995,25.894694907376667,0.6639665360865813,15.182458004116592,18.56795697496846,0.32090434444179405,-0.20899968782905853,0.5299040322708526,0.37362875013309316,-0.0527244056912991,3,3
26055,230,1,9,8473639.0,32009633.0,0.0391304347826087,92181.0,0.4665495058634643,28.22481747865612,0.0,12.730261751575703,7.4,67384.68807654947,0.0440418745399525,24.950911793102698,0.10848222518740304,91.92392141547607,347.24762152721274,-0.433529861087567,0.6991911672981607,-1.1327210283857276,-0.5141553567240306,0.08062549563646354,3,3
26057,118,1,2,121507.0,24349.0,0.01694915254237288,40916.0,0.509678365431616,25.693753055039597,0.2,17.306877387990028,16.3,50715.258436283744,0.0572844628861226,28.839573760875943,0.24440316746505034,2.969669566917587,0.5950972724606511,-0.031061938455920184,-0.9331661045355594,0.9021041660796392,-0.2613690991099617,0.23030716065404153,3,3
26059,112,0,3,261121.0,434206.0,0.026785714285714284,45757.0,0.1549489695565706,26.636101580086105,0.0,16.37462847636427,14.8,52595.564164129566,0.0430647942843064,24.477129182420175,0.0,5.706689686823874,9.489389601591013,-0.43770057570650023,-0.5523424555093578,0.11464187980285756,-0.7392454361446669,0.30154486043816664,3,3
26061,110,0,2,377289.0,441200.0,0.01818181818181818,36070.0,0.5987524258386471,31.9142306626005,0.0,16.50676229148877,17.1,45770.711525122075,0.0535935563816604,30.49625727751594,0.0,10.459911283615194,12.231771555309122,0.5719399646286183,-0.271071445366702,0.8430114099953203,-0.7392454361446669,1.3111854007732853,3,3
26063,147,3,0,,,0.0,31349.0,0.4312099269514179,28.762391144853108,0.0,16.885953489234108,14.3,51182.68505746751,0.0464317604231059,46.891447893074734,0.9569683243484641,,,-0.012139586303112756,0.7690231927128734,-0.7811627790159862,0.7281026137603716,-0.7402422000634843,3,1
26065,862,7,33,9500690.0,11453667.0,0.0382830626450116,290587.0,0.8314446275986194,29.72157667067006,0.012345679012345678,14.606242819135062,16.2,56040.318175121094,0.0665227540199093,29.664093713758703,0.24089171229270406,32.69482117231672,39.41562079514913,0.6081132049345288,0.16339570960075664,0.44471749533377214,-0.26754490379747276,0.8756581087320016,3,3
26067,135,0,6,250850.0,1403999.0,0.044444444444444446,64300.0,0.366796267496112,23.38341835147745,0.0,16.804660320668738,13.3,60461.26247661205,0.0447967828064739,20.995334370139968,0.0,3.901244167962675,21.835132192846036,-0.538662142048992,-0.5589670872125233,0.02030494516353132,-0.7392454361446669,0.20058329409567488,3,3
26069,74,0,2,130796.0,33864.0,0.02702702702702703,25197.0,0.2894392189546375,27.25955074016748,0.0,18.003045670436958,18.8,46295.37405910386,0.0723161540028519,29.36857562408223,0.0,5.190935428820891,1.3439695201809738,-0.002429133343378733,-0.752235767683319,0.7498066343399403,-0.7392454361446669,0.7368163028012882,3,3
26071,47,0,0,,,0.0,11152.0,0.2308106169296987,30.185832137733144,0.0,15.500345233500717,17.9,44091.79141638036,0.0543501611170784,42.144906743185075,0.0,,,0.09451244041046299,0.5944213412330588,-0.4999089008225958,-0.7392454361446669,0.8337578765551299,3,1
26073,136,3,4,15642031.0,15085212.0,0.029411764705882353,70688.0,0.49514769126301494,33.66895795608873,0.0,16.565868598630598,21.0,47819.54521842872,0.0709106887839173,19.23947487550928,0.4244001810774106,221.28269296061566,213.40555681303758,0.8261916182234188,0.6646882525571912,0.16150336566622758,0.033882728753399975,0.7923088894700189,3,3
26075,255,3,4,288942.0,1501527.0,0.01568627450980392,158636.0,0.5176252553014448,27.934060994982225,0.02631578947368421,15.049564759581685,13.7,56873.4186836255,0.0580564658777715,16.074535414407826,0.18911218134597443,1.821415063415618,9.465234877329232,-0.015921929827872338,-0.9692485981631567,0.9533266683352843,-0.3606987832467194,0.34477685341884706,3,3
26077,491,3,16,1441747.0,2364428.0,0.032586558044806514,262745.0,0.7802850672705475,28.920434261356068,0.07017543859649122,14.632295086018763,13.0,59897.38274312052,0.0551400612745965,18.68732040571657,0.11417914708177129,5.487248092256751,8.998945745875279,0.2988374718724372,-0.7124748443941576,1.011312316266595,-0.5029519017084662,0.8017893735809034,3,3
26079,36,0,1,252472.0,555955.0,0.027777777777777776,17585.0,0.0,29.866238271253913,0.0,16.026218243332387,14.0,49708.330340763154,0.0735609018768106,20.47199317600227,0.0,14.35723628092124,31.61529712823429,-0.4167538056171279,-0.2508041414827279,-0.1659496641344,-0.7392454361446669,0.322491630527539,3,3
26081,1279,8,63,15134340.0,18780322.0,0.04925723221266615,648121.0,0.7398849906113211,29.406599076407034,0.1796875,15.881414677754615,10.5,66831.40758616867,0.0442466026608928,19.733969428548065,0.12343374153900274,23.351102649042385,28.97656764709059,0.13857311646862477,-0.18314591865270105,0.3217190351213258,-0.484873544046463,0.6234466605150878,3,3
26083,7,0,0,,,0.0,2111.0,1.0,19.0728564661298,0.0,15.221551786830886,12.0,53305.71345254936,0.0784753363228699,33.15963998105163,0.0,,,-0.24840062155779644,0.2037732652556968,-0.45217388681349324,-0.7392454361446669,0.49084481458687046,3,1
26085,24,0,0,,,0.0,11852.0,0.0,30.313331083361454,0.0,18.022907971987852,21.2,39556.37528929337,0.0891809434405069,20.249746878164025,0.0,,,0.054565747288822096,-0.5903383438928357,0.6449040911816578,-0.7392454361446669,0.793811183433489,3,1
26087,164,1,3,300630.0,270181.0,0.018292682926829267,88038.0,0.19367773007110567,30.031945296349306,0.041666666666666664,16.324225834105725,9.4,66394.71877000606,0.0561371245343518,18.62831958926827,0.11358731456870896,3.4147754378790975,3.068913423748836,-0.47465635049979427,-0.9680549232228278,0.49339857272303356,-0.5041131182910367,0.0294567677912424,3,3
26089,83,0,0,,,0.0,21652.0,0.07103269905782376,30.68637539257343,0.0,14.139805765841492,7.2,69159.00137328787,0.0452650964427643,38.333641234066135,0.0,,,-0.6934516496491064,0.43970718653866425,-1.1331588361877707,-0.7392454361446669,0.04579378649556043,3,1
26091,247,4,3,354162.0,995234.0,0.012145748987854251,98381.0,0.48718756670495317,26.126313007592927,0.13043478260869565,15.53936338753418,10.6,58772.80304907067,0.0474076287647548,25.106473811000093,0.4065825718380582,3.599902420182759,10.116119982516949,-0.37070562247314154,-0.6120802263890472,0.2413746039159057,0.0063720059212924885,-0.37707762839443404,3,3
26093,272,2,8,1157555.0,1905976.0,0.029411764705882353,189754.0,0.4804694499193693,23.15347344456507,0.01639344262295082,14.604026159996627,5.6,89267.88540298973,0.0372591301607932,14.334348683031715,0.10539962266935085,6.100293010951021,10.044457560841932,-0.901192243669705,-0.813073555059375,-0.08811868861033001,-0.5202415736914358,-0.3809506699782692,3,3
26095,27,0,0,,,0.0,6338.0,1.0,32.23856106027138,0.0,13.423575421899654,20.2,48193.69850023795,0.0637629097440502,42.60018933417482,0.0,,,1.2196486735818401,0.6119816662380747,0.6076670073437654,-0.7392454361446669,1.958894109726507,3,1
26097,55,4,3,831867.0,1424048.0,0.05454545454545454,10780.0,0.6537105751391465,27.89248608534323,0.0,15.929002781168832,13.6,50810.651624280435,0.0981839952105368,51.0204081632653,3.7105751391465676,77.16762523191095,132.1009276437848,0.12248929192054321,0.8686806661191143,-0.7461913741985711,2.64788971979541,-2.525400427874867,3,3
26099,1140,3,34,10546886.0,17715208.0,0.02982456140350877,870325.0,0.9363789389021343,27.976743745152675,0.28703703703703703,17.57917857645822,10.6,66621.54257257596,0.0537166580727685,13.098555137448654,0.034469881940654354,12.118330508718008,20.354704277137852,0.2525148661844884,-0.5996874362005277,0.852202302385016,-0.6651802441281088,0.9176951103125972,3,3
26101,72,0,0,,,0.0,24457.0,0.3049842580856197,32.34646113587112,0.0,16.414077047021305,14.1,53054.51139082475,0.0615263261684086,29.43942429570266,0.0,,,0.10252999729746899,0.010880850327199704,0.09164914697026928,-0.7392454361446669,0.8417754334421359,3,1
26103,170,1,1,104306.0,105054.0,0.0058823529411764705,66686.0,0.5147557208409561,30.207769246918392,0.0,13.267434407896712,14.3,57204.11506868069,0.0570581696924787,25.49260714392826,0.1499565126113427,1.5641364004438714,1.5753531475871998,0.18480164870108348,-1.0075880258536511,1.1923896745547347,-0.43387606968132464,0.6186777183824081,3,3
26105,88,0,8,2450670.0,2044020.0,0.09090909090909091,28954.0,0.5973958693099399,29.503629895696623,0.0,15.089533856358363,14.6,54824.584990318865,0.0441231273757173,30.39303723147061,0.0,84.64011880914555,70.59542722939835,0.24086659587542292,0.4915904314783777,-0.2507238356029548,-0.7392454361446669,0.9801120320200898,3,3
26107,78,1,4,5311581.0,9183065.0,0.05128205128205128,43251.0,0.2720399528334605,31.51852673926614,0.0,16.341530148019697,18.4,47715.67263594343,0.0682682682682682,18.034265103697024,0.23120852697047467,122.80828188943609,212.3202931724122,0.2677239829550447,0.498846798030166,-0.23112281507512134,-0.2846662712693426,0.5523902542243873,3,3
26109,60,0,1,7859.0,706685.0,0.016666666666666666,23074.0,0.3084857415272601,24.871938112160873,0.0,15.235237940495795,14.8,49634.135638987944,0.0449566208044868,26.003293750541737,0.0,0.34059980930917916,30.626896073502643,-0.4010256389245363,-0.6731673982278998,0.27214175930336354,-0.7392454361446669,0.33821979722013057,3,3
26111,216,0,10,1006679.0,1356678.0,0.046296296296296294,83355.0,0.5090396496910803,28.414998500389895,0.0,12.523602388974867,12.1,66377.75998102887,0.0521881756504883,25.913262551736548,0.0,12.077007977925739,16.27590426489113,-0.087271168760213,-0.2794614268116305,0.19219025805141748,-0.7392454361446669,0.6519742673844539,3,3
26113,39,0,0,,,0.0,15028.0,0.2678333776949694,27.718126164492947,0.0,16.96592922537929,11.5,50022.067936841144,0.0639620965353864,25.951557093425603,0.0,,,-0.4366262168755802,-0.19270344803381764,-0.24392276884176253,-0.7392454361446669,0.3026192192690867,3,1
26115,319,1,10,1177660.0,1621726.0,0.03134796238244514,149727.0,0.38164793257061186,29.814335423804657,0.02564102564102564,14.937612629953183,11.3,65930.47192175551,0.0478538911771081,21.305442572147975,0.066788221229304,7.865381661290215,10.831219486131426,-0.1711542011435437,-0.5416872111884078,0.37053301004486405,-0.5979463998339347,0.426792198690391,3,3
26117,134,2,4,300704.0,340300.0,0.029850746268656716,63413.0,0.09319855550123791,30.39902228249727,0.0,16.756090172740603,13.8,52411.13733400264,0.0379168570123344,21.131313768470186,0.3153927428129879,4.741992966741836,5.366407518962989,-0.2886731622763116,-0.7588093767390965,0.4701362144627849,-0.1401182824444958,-0.1485548798318158,3,3
26119,25,0,0,,,0.0,9265.0,0.0,33.01390178089584,0.0,16.55545246303292,17.7,44275.158322196214,0.0803140096618357,26.98327037236913,0.0,,,0.04015223349150839,-0.1298607570496435,0.1700129905411519,-0.7392454361446669,0.7793976696361753,3,1
26121,285,2,8,7747431.0,1895910.0,0.028070175438596492,173297.0,0.7419170556905197,28.918486182680596,0.047619047619047616,14.847683343618181,14.0,53901.39091537313,0.065304714261071,16.445754975562185,0.11540880684605043,44.706088391605164,10.940235549374773,0.31798307475608195,-0.3108279160291268,0.6288109907852087,-0.5005411945483115,0.8185242693043935,3,3
26123,106,1,2,547381.0,1389572.0,0.018867924528301886,48366.0,0.09729975602696109,27.939792416160113,0.0,17.01560617344829,14.0,53341.75087912589,0.050032609708376,21.916222139519498,0.2067568126369764,11.317475085804077,28.730347764958854,-0.45299834103297737,-0.28105300366796787,-0.1719453373650095,-0.32850726701018,-0.12449107402279735,3,3
26125,2780,20,99,19416772.0,63353046.0,0.03561151079136691,1253185.0,0.8998583608964359,26.54686075878661,0.10355029585798817,15.266226637948904,8.3,84473.84774400062,0.043737615709934,22.183476501873226,0.15959335612858438,15.493939043317626,50.55362616054293,-0.03234762877619101,-0.10656076556560222,0.07421313678941122,-0.4156373628034221,0.3832897340272311,3,3
26127,77,0,1,,164.0,0.012987012987012988,26416.0,0.2646880678376741,28.789362507571166,0.0,16.252719194654755,14.8,53106.447682067395,0.0586549806168885,29.14900060569352,0.0,,0.006208358570563295,-0.16027137185074355,-0.9696662208257193,0.8093948489749757,-0.7392454361446669,0.5789740642939233,3,2
26129,45,1,4,648152.0,757124.0,0.08888888888888889,20898.0,0.0,38.495865633074935,0.0,18.292870920614412,15.7,42792.32421100325,0.0805807622504537,21.53316106804479,0.4785146904009953,31.015025361278592,36.229495645516316,0.32173212524679623,-0.03516929344525532,0.35690141869205155,0.11537450776792056,0.20635761747887565,3,3
26131,37,0,2,367316.0,647384.0,0.05405405405405406,5877.0,0.5829504849412965,31.335222052067383,0.0,15.803971685894165,13.0,44035.61542789343,0.0691391941391941,62.95729113493279,0.0,62.50059554194317,110.15552152458737,0.26254491653218504,0.9038164830238623,-0.6412715664916773,-0.7392454361446669,1.001790352676852,3,3
26133,63,0,2,67610.0,149590.0,0.031746031746031744,23290.0,0.0,28.442683555173893,0.0,17.16831090910262,16.8,46670.58726522416,0.0691810793915399,27.050236152855305,0.0,2.9029626449119794,6.422928295405754,-0.3510016243902076,-0.6841619854326866,0.333160361042479,-0.7392454361446669,0.38824381175445927,3,3
26135,35,0,1,75854.0,138642.0,0.02857142857142857,8248.0,0.0,19.15356450048497,0.2,18.060191308195925,18.7,44871.895709331046,0.1027918781725888,42.4345295829292,0.0,9.196653734238604,16.809165858389914,-0.9188018810861336,-0.06243091878160848,-0.8563709623045251,-0.7392454361446669,-0.17955644494146672,3,3
26137,81,0,6,3042055.0,9059737.0,0.07407407407407407,24490.0,0.6732543895467538,30.698366680277665,0.0,14.3404789242548,10.4,57587.80766928959,0.0575902566333188,33.07472437729685,0.0,124.21621069824418,369.93617803184975,0.15528377234234517,0.9294426295088302,-0.774158857166485,-0.7392454361446669,0.894529208487012,3,3
26139,533,3,27,34630629.0,39156614.0,0.05065666041275797,286558.0,0.6884854026061041,26.76484341738845,0.0,13.965514488585208,9.0,73467.59369780496,0.0351916985678475,18.600073981532535,0.1046908479260743,120.85033047410995,136.64463738579974,-0.20287914068781263,0.42977004524722834,-0.6326491859350409,-0.5216433614290595,0.3187642207412469,3,3
26141,45,0,3,1038082.0,1837420.0,0.06666666666666667,12714.0,0.6559697970740915,25.44655497876357,0.0,14.916179793456033,13.1,50821.250867391165,0.0723775530438231,35.39405379896177,0.0,81.64873367940852,144.519427402863,-0.08547904722033865,0.6985912822511656,-0.7840703294715042,-0.7392454361446669,0.6537663889243283,3,3
26143,51,0,1,29207.0,317559.0,0.0196078431372549,23851.0,0.1617961511047755,30.043675317596744,0.0,16.814756737998408,15.7,44574.056977919165,0.0941847206385404,21.382751247327157,0.0,1.2245608150601652,13.31428451637248,-0.12474337917537055,-0.8128504549544896,0.688107075779119,-0.7392454361446669,0.6145020569692963,3,3
26145,391,4,12,3668550.0,4002761.0,0.030690537084398978,191821.0,0.6698432392699444,32.07967740758311,0.21428571428571427,16.17245348918523,16.2,50876.36693156704,0.0690903775006466,20.383586781426434,0.2085277420094776,19.124861198721725,20.867167828339962,0.6063956855200873,-0.26743260171784294,0.8738282872379302,-0.3253023478814556,0.9316980334015429,3,3
26147,613,1,8,1755460.0,3017963.0,0.013050570962479609,159247.0,0.5765697312979209,27.9902729721753,0.10204081632653061,16.38433566038921,11.7,60363.74943999322,0.0635631727827767,38.49366079109811,0.0627955314699806,11.023504367429213,18.951459054173704,-0.0696553901773552,-0.057452673219351935,-0.012202716958003262,-0.6061415215901625,0.5364861314128073,3,3
26149,138,1,1,104366.0,92705.0,0.007246376811594203,60836.0,0.4189131435334342,25.9614110066408,0.058823529411764705,17.484030687158917,11.7,55207.217666616685,0.0443282872853166,22.683937142481426,0.1643763561049379,1.7155302781247945,1.5238510092708264,-0.38988900400514104,-1.061046431306053,0.671157427300912,-0.4066412562947567,0.016752252289615688,3,3
26151,151,1,0,,,0.0,41295.0,0.30039956411187796,27.307054122775156,0.25,18.19717348252815,13.3,50528.711757534664,0.0599083197217977,36.56617023852767,0.24216006780481897,,,-0.3219553338200289,0.3627948575288,-0.6847501913488289,-0.2653121577841103,-0.05664317603591856,3,1
26153,26,0,1,0.0,0.0,0.038461538461538464,8048.0,1.0,26.226503479125252,0.0,15.177785583499007,14.5,48226.556153881254,0.0792720542874768,32.30616302186879,0.0,0.0,0.0,0.43019600767549515,-1.2669273110808719,1.697123318756367,-0.7392454361446669,1.169441443820162,3,3
26155,179,2,5,802303.0,570511.0,0.027932960893854747,68340.0,0.5407374890254609,27.23565847234416,0.0,15.026141029426396,12.2,59389.67899811592,0.0461971156723116,26.192566578870355,0.292654375182909,11.73987415861867,8.34812701199883,-0.13358754127218372,-0.3942721810935686,0.2606846398213849,-0.17822827950393177,0.04464073823174805,3,3
26157,139,1,3,1058069.0,837862.0,0.02158273381294964,52939.0,0.3209165265683145,27.310882336273824,0.07692307692307693,17.135759547101383,14.3,52983.496461982766,0.0537092845642571,26.25663499499424,0.18889665464024633,19.98656944785508,15.826932885018607,-0.23853478164326528,-0.17170076602345716,-0.06683401561980812,-0.3610949442185964,0.12256016257533112,3,3
26159,169,3,6,1608491.0,2496443.0,0.03550295857988166,75358.0,0.12828100533453649,28.73918230313968,0.06666666666666667,16.5690192911038,14.7,57749.97608888396,0.0568521031207598,22.42628519865177,0.39809973725417336,21.34466148252342,33.12777674566735,-0.3179612217167514,-0.11003634631640946,-0.20792487540034194,-0.006848336615613573,-0.3111128851011378,3,3
26161,900,6,50,19783834.0,14927482.0,0.05555555555555555,367000.0,0.7537438692098093,28.42696757493188,0.06,14.798671324975476,14.6,76935.6660436401,0.0419877998857818,24.52316076294278,0.16348773841961853,53.90690463215259,40.6743378746594,0.3311762506917495,0.1758176668272622,0.1553585838644873,-0.4083098146962771,0.7394860653880266,3,3
26163,3372,30,104,41908885.0,101596800.0,0.03084223013048636,1757299.0,0.8090848512404548,32.527219955169834,0.5990180032733224,19.229996277113916,20.6,50135.47983812609,0.0920255728264317,19.188538774562552,0.17071653714023624,23.848465742027965,57.81417960176384,1.0582326659400962,-0.06758274617232964,1.125815412112426,-0.3947731172917493,1.4530057832318455,3,3
26165,74,2,2,3077210.0,5677357.0,0.02702702702702703,33256.0,0.6374188116430118,29.296229251864325,0.25,17.238766202790472,13.4,50021.008012530074,0.06205650020083,22.251623767139765,0.6013952369497234,92.53097185470291,170.71677291315854,0.19593314491810873,0.5073018642955708,-0.311368719377462,0.28986018191373847,-0.09392703699562974,3,3
27001,45,2,0,,,0.0,10111.0,0.7080407477005242,29.319879339333397,0.0,13.405829803580259,12.1,52308.32467582844,0.0496969696969697,44.505983582237164,1.9780437147660963,,,0.1950902318393024,0.6835509885973186,-0.48846075675801615,1.6457356163528476,-1.4506453845135452,3,1
27003,455,0,19,5545459.0,10168384.0,0.041758241758241756,350253.0,0.8261942081866537,26.18579284117481,0.21686746987951808,14.204914966861097,6.5,87099.2802625317,0.034541801169355,12.990609645028021,0.0,15.832723773957682,29.03154005818651,-0.2483958978587634,-0.48460690153190655,0.23621100367314316,-0.7392454361446669,0.4908495382859035,3,3
27005,101,0,3,37025.0,42339.0,0.0297029702970297,34011.0,0.5979830054982211,23.74462673840816,0.1,14.182799681632412,11.8,63896.4771688039,0.036634365398251,29.696274734644675,0.0,1.0886183881685336,1.2448619564258623,-0.3527428454381279,-0.9969188195114315,0.6441759740733035,-0.7392454361446669,0.386502590706539,3,3
27007,104,1,3,590701.0,394228.0,0.028846153846153848,46403.0,0.8150550610951878,31.263931211344094,0.1,14.931194262375277,17.1,52105.87913241324,0.0723565420354956,22.412344029480852,0.21550330797577744,12.72980195245997,8.495743809667479,0.7586312558637841,-0.4581028819453346,1.2167341378091188,-0.3127239151729947,1.0713551710367788,3,3
27009,76,1,2,128111.0,119466.0,0.02631578947368421,40129.0,0.6957063470308256,27.092987614941812,0.1111111111111111,13.445874791746617,13.7,61173.53161365399,0.0375892292400831,18.938921976625384,0.24919634179770242,3.1924792544045455,2.977049016920432,0.11528794424197146,-0.9751013509788401,1.0903892952208116,-0.25296712930473175,0.3682550735467032,3,3
27011,37,2,0,,,0.0,4996.0,0.5936749399519615,30.653622898318655,0.0,14.647236940952762,11.8,57129.92036690549,0.0292783505154639,74.05924739791833,4.00320256204964,,,0.1509510307080916,1.5207124214694616,-1.36976139076137,2.779606877443099,-2.628655846735007,3,1
27013,155,1,3,8507929.0,1546750.0,0.01935483870967742,51764.0,0.6292017618422069,30.072061664477243,0.08333333333333333,14.272082178830846,14.3,60870.39326068674,0.0383321955043111,29.943590139865545,0.19318445251526156,164.35996059037168,29.880805192798082,0.2989119515670488,0.4733506512619176,-0.1744386996948688,-0.35322698157098187,0.6521389331380307,3,3
27015,84,0,3,459429.0,3747917.0,0.03571428571428571,25163.0,0.5655923379565234,24.689456742041887,0.0,14.014636107101698,8.1,64782.573892862034,0.0158102766798418,33.38234709692803,0.0,18.258117076660177,148.94555498152047,-0.5436441992099357,0.3472576954400876,-0.8909018946500233,-0.7392454361446669,0.1956012369347312,3,3
27017,73,0,2,2007579.0,4707836.0,0.0273972602739726,23473.0,0.6503216461466366,28.00941933285051,0.0,13.662778110850764,9.1,66879.10418016702,0.0378016699073544,31.09956119797214,0.0,85.52715886337494,200.56388190687173,-0.14659539869969498,0.6996802487831596,-0.8462756474828546,-0.7392454361446669,0.5926500374449719,3,3
27019,198,2,8,1430137.0,1125164.0,0.04040404040404041,101949.0,0.7625479406369852,26.344733150889173,0.0,11.486635348183897,4.6,107578.0778767985,0.0220363436501666,19.421475443604155,0.19617651963236518,14.027964962873593,11.036537876781528,-0.42140851300490106,-0.4698491801974571,0.04844066719255602,-0.3477533715369046,-0.07365514146799645,3,3
27021,80,2,2,436551.0,431432.0,0.025,29268.0,0.2992346590132568,26.943832854995218,0.1,14.937025633695503,14.7,55332.28873532345,0.05,27.333606669400027,0.6833401667350006,14.915641656416565,14.74074074074074,-0.2646955487557341,-0.22430940829101256,-0.040386140464721526,0.39892781208422257,-0.6636233608399567,3,3
27023,51,0,0,,,0.0,11953.0,0.6405086589140802,25.59098134359575,0.0,14.88172551735966,13.5,58580.95674876622,0.0353016688061617,42.66711285869656,0.0,,,-0.06726009211583002,0.6145474484488328,-0.6818075405646629,-0.7392454361446669,0.6719853440288368,3,1
27025,93,5,2,352226.0,240147.0,0.021505376344086023,55315.0,0.511127180692398,28.212690951821386,0.0,13.312934346018258,5.6,88465.5226995065,0.0356647054934884,16.812799421495075,0.9039139473922082,6.367639880683359,4.341444454487933,-0.4956914359411592,-0.856993322936642,0.36130188699548277,0.6680342145867278,-1.163725650527887,3,3
27027,129,2,5,748990.0,757564.0,0.03875968992248062,63446.0,0.7712070106862529,31.53882671878448,0.0,12.612379082148598,13.1,69180.19985950936,0.0276903891392455,20.33225104813542,0.3152286984207042,11.805157141506163,11.94029568451912,0.4877449766098773,-0.4677293210558305,0.9554742976657078,-0.14039085811830737,0.6281358347281847,3,3
27029,25,0,0,,,0.0,8821.0,0.6901711824056229,33.53239995465366,0.3333333333333333,16.364806901258362,13.0,53405.346337790346,0.0665541355196527,28.341457884593584,0.0,,,0.54047479662978,-0.05057567826084962,0.5910504748906297,-0.7392454361446669,1.279720232774447,3,1
27031,20,0,3,857058.0,1007765.0,0.15,5376.0,0.6315104166666666,21.984765625,0.0,11.273002520833334,10.7,60873.57303361996,0.0233592880978865,37.20238095238095,0.0,159.42299107142858,187.45628720238096,-0.5128606268374047,0.9220098280829919,-1.4348704549203966,-0.7392454361446669,0.22638480930726212,3,3
27033,55,1,4,184834.0,303485.0,0.07272727272727272,11299.0,0.21568280378794583,22.58889282237366,0.0,14.820638070094699,11.2,55208.277590927755,0.0396291583348482,48.6768740596513,0.8850340738118418,16.358438799893797,26.85945658907868,-0.8888514386839791,0.21482791962431028,-1.1036793583082893,0.6462537023527533,-1.5351051410367322,3,3
27035,157,1,7,866836.0,1254685.0,0.044585987261146494,64217.0,0.4384975940950216,28.540179391749845,0.0,13.007634667642524,9.2,59937.65986694134,0.0289969145519803,24.448354797016368,0.15572200507653736,13.498543999252535,19.53820639394553,-0.33113702005240103,-0.25531517767957873,-0.0758218423728223,-0.4229460077875105,0.09180898773510948,3,3
27037,635,8,33,35639852.0,18912589.0,0.05196850393700787,421453.0,0.9420575959834193,27.322156444490844,0.06315789473684211,12.443096473832194,6.0,91191.64802758962,0.0362125504902406,15.066923239364769,0.18981950537782386,84.56423847973558,44.8747286174259,-0.06959551495593465,0.034723895434560524,-0.10431941039049517,-0.3593991508883319,0.2898036359323973,3,3
27039,61,0,2,292469.0,275148.0,0.03278688524590164,20669.0,0.48967052107020176,22.105897721225023,0.0,11.212306996564903,7.4,79043.85549836692,0.0263563238062639,29.512796942280712,0.0,14.150128211330978,13.312109923073201,-0.8586905880551603,-0.21177214304342393,-0.6469184450117363,-0.7392454361446669,-0.11944515191049343,3,3
27041,126,2,3,256517.0,499010.0,0.023809523809523808,37513.0,0.4127369178684723,29.673518513581964,0.0,13.793291259350093,8.7,67643.3096084516,0.02473604826546,33.58835603657399,0.5331485085170474,6.838082797963373,13.302321861754592,-0.3061244396964941,-0.2891255274983878,-0.016998912198106286,0.19467700395238882,-0.5008014436488829,3,3
27043,85,1,2,207346.0,69388.0,0.023529411764705882,13801.0,0.3922904137381349,25.904514165640173,0.0,15.037106799869575,11.3,56341.3366794662,0.0322758620689655,61.589739873922184,0.7245851749873198,15.02398376929208,5.027751612202015,-0.4472997389067208,0.03982158386634205,-0.48712132277306286,0.45183157810365243,-0.8991313170103732,3,3
27045,71,0,0,,,0.0,20949.0,0.0,24.83688481550432,0.0,13.386717194138146,9.6,64874.787307925486,0.0258082042923118,33.89183254570624,0.0,,,-1.054739328082857,0.23925142602670113,-1.293990754109558,-0.7392454361446669,-0.3154938919381901,3,1
27047,90,3,2,225299.0,751445.0,0.022222222222222223,30463.0,0.6059153727472671,25.423743557758595,0.2,15.34872773876506,10.5,56844.800727226495,0.0374928266275585,29.54403702852641,0.9848012342842136,7.395824442766635,24.66746544989003,-0.29975153061682397,-0.23386129429170177,-0.0658902363251222,0.7589670722131234,-1.0587186028299473,3,3
27049,149,1,3,423986.0,1075561.0,0.020134228187919462,46246.0,0.3127405613458461,27.19392379881503,0.0,13.903160950784935,7.3,70802.94397976412,0.0339341255283515,32.219002724559964,0.2162349176144964,9.168057777969986,23.257384422436534,-0.6822499268319548,-0.15484446587709913,-0.5274054609548557,-0.3114088518355262,-0.37084107499642865,3,3
27051,40,0,0,,,0.0,5935.0,1.0,27.829233361415334,0.0,15.488109034203873,10.7,58789.76183804785,0.0410958904109589,67.39679865206402,0.0,,,0.3167355697526073,1.365216139271037,-1.0484805695184296,-0.7392454361446669,1.0559810058972743,3,1
27053,3209,23,117,62854751.0,103261653.0,0.036459956372701774,1245837.0,0.8192219367381126,28.352501490965512,0.3612040133779264,15.841486848529943,10.1,82851.10362374586,0.0382395282713876,25.75778372291078,0.1846148412673568,50.45182555984451,82.88536381565164,0.12268195972690167,0.3183453581083907,-0.19566339838148905,-0.36898029333671206,0.4916622530636137,3,3
27055,60,1,4,558025.0,1847863.0,0.06666666666666667,18648.0,0.48986486486486486,24.398026598026593,0.0,12.172085526758902,7.8,64000.349751289184,0.0172645309802417,32.17503217503217,0.5362505362505362,29.92412054912055,99.09175246675247,-0.6654678034776,0.357552403275711,-1.023020206753311,0.19909450367459716,-0.8645623071521972,3,3
27057,60,1,1,23712.0,31979.0,0.016666666666666666,21019.0,0.7578381464389362,26.978538465198156,0.14285714285714285,14.605435845044958,10.7,60107.24775671323,0.0388703310051624,28.545601598553688,0.4757600266425615,1.1281221751748418,1.5214329892002474,-0.008438723962821111,-0.9923342199139785,0.9838954959511574,0.11129881063637054,-0.11973753459919165,3,3
27059,65,3,2,5192608.0,27636492.0,0.03076923076923077,39430.0,0.6585341110829318,28.715985290388026,0.0,14.067812133654577,7.7,79087.31239512096,0.0404121189311253,16.48490996703018,0.760841998478316,131.69180826781638,700.9001268069998,-0.17095003669183825,0.6894829586802546,-0.8604329953720928,0.4973024692463094,-0.6682525059381477,3,3
27061,128,3,4,1260650.0,2234646.0,0.03125,45141.0,0.5497662878536143,30.752083471788392,0.0,12.978432860880355,12.7,58443.16658832656,0.0513602363142598,28.35559690746771,0.6645843025187745,27.926940032343104,49.50368844287898,0.16538771449735204,0.14664474319181656,0.018742971305535483,0.37443999726984134,-0.2090522827724893,3,3
27063,54,1,0,,,0.0,9954.0,0.5466144263612618,22.27299578059072,0.0,13.826385586296967,8.0,62246.175016461195,0.026871756856931,54.249547920434,1.004621257785815,,,-0.7481150876818491,1.0081152873939359,-1.756230375075785,0.7806831689096542,-1.5287982565915033,3,1
27065,48,0,2,643561.0,3305554.0,0.041666666666666664,16089.0,0.4549692336378892,27.4716390080179,0.0,13.267804843060475,10.0,60588.453393940974,0.0324731448326953,29.834048107402573,0.0,40.00006215426689,205.4542855367021,-0.34318635083624827,0.5149760285242481,-0.8581623793604963,-0.7392454361446669,0.3960590853084186,3,3
27067,108,2,3,201520.0,434802.0,0.027777777777777776,42841.0,0.6883592819962185,29.171317196143885,0.0,13.99502764407927,12.1,63907.07641191465,0.0319711115025541,25.209495576667212,0.46684251067902244,4.70390513760183,10.149202866413015,0.16281807136813378,-0.5613008545962571,0.7241189259643909,0.09805241628056136,0.06476565508757243,3,3
27069,27,0,0,,,0.0,4311.0,1.0,23.723126884713523,0.0,14.311377267455347,9.2,63217.065685405265,0.0210526315789473,62.63048016701462,0.0,,,-0.07673048051455085,1.2443789506907859,-1.3211094312053366,-0.7392454361446669,0.662514955630116,3,1
27071,38,0,3,893517.0,615625.0,0.07894736842105263,12515.0,1.0,27.425545345585295,0.0,12.90462991218538,12.4,53918.34970435032,0.0565523870554309,30.36356372353176,0.0,71.39568517778666,49.190970834998005,0.39054852893310393,0.38719669863168765,0.003351830301416281,-0.7392454361446669,1.1297939650777709,3,3
27073,44,1,1,147384.0,299835.0,0.022727272727272728,6719.0,0.255841643101652,20.803274296770354,0.0,12.956744306146748,9.5,56251.24311302488,0.0241349229427159,65.48593540705463,1.488316713796696,21.935407054621223,44.62494418812323,-1.080209089044987,0.5317081030164899,-1.6119171920614768,1.2530854165252219,-2.333294505570209,3,3
27075,44,1,2,121555.0,132695.0,0.045454545454545456,10560.0,0.7890151515151516,23.895416666666666,0.0,11.46063593371212,8.7,65134.468764138706,0.0339153120610074,41.666666666666664,0.946969696969697,11.510890151515152,12.565814393939394,-0.3232736460008609,-0.07755690402051464,-0.24571674198034626,0.7169076554798952,-1.0401813014807562,3,3
27077,22,0,1,78495.0,190162.0,0.045454545454545456,3771.0,0.5590029169981438,24.995677539114297,0.0,13.89077058339963,10.5,52961.238051450215,0.0364271457085828,58.33996287456908,0.0,20.815433571996817,50.427472818880936,-0.38211663900182513,0.47949090668305683,-0.861607545684882,-0.7392454361446669,0.35712879714284174,3,3
27079,92,3,5,1260159.0,1088923.0,0.05434782608695652,28242.0,0.16252390057361377,28.260668507896042,0.0,13.92009804893421,7.4,75339.42003116218,0.0335682254964766,32.57559662913391,1.0622477161674102,44.62003399192692,38.55686566107216,-0.7605518114611337,0.27761380637535893,-1.0381656178364926,0.8426236933088355,-1.6031755047699692,3,3
27081,38,1,0,,,0.0,5677.0,0.0,26.392231812577066,0.0,13.79961382860666,9.7,56257.60265889132,0.0289299407459044,66.93676237449357,1.7614937466971994,,,-0.9342074162733867,1.3539264133108417,-2.288133829584228,1.480740347257703,-2.4149477635310896,3,1
27083,103,0,3,1790288.0,1933141.0,0.02912621359223301,25758.0,0.7860470533426508,25.529594689028652,0.0,12.952704084828014,11.2,61189.430478320115,0.0329614969413458,39.9875766752077,0.0,69.50415404922742,75.05012035095892,-0.054018895524561926,0.6081549746834457,-0.6621738702080077,-0.7392454361446669,0.6852265406201049,3,3
27085,126,1,4,558335.0,798167.0,0.031746031746031744,35832.0,0.7221478008484037,26.875538624693014,0.0,14.146871478036392,7.9,65843.55812824743,0.0285889007796972,35.16409912926993,0.2790801518196026,15.582021656619782,22.275256753739676,-0.22521468260269317,-0.006006713102466088,-0.21920796950022708,-0.20129983889473202,-0.023914843707961153,3,3
27087,22,0,1,0.0,258588.0,0.045454545454545456,5501.0,0.4548263952008726,24.853281221596074,1.0,16.85513765006363,19.3,47365.897613288915,0.0731918579471632,39.992728594800944,0.0,0.0,47.00745319032903,0.03029510828681416,-0.42786690613206196,0.4581620144188761,-0.7392454361446669,0.769540544431481,3,3
27089,42,0,0,,,0.0,9372.0,0.7125480153649167,23.63095390524968,0.0,14.290347430964577,9.1,63720.52973316557,0.0218844984802431,44.81434058898848,0.0,,,-0.4012906156295714,0.6948484398810582,-1.0961390555106296,-0.7392454361446669,0.33795482051509546,3,1
27091,91,2,6,4995806.0,5811564.0,0.06593406593406594,19852.0,0.7555410034253476,24.762371549466046,0.16666666666666666,16.504126906709654,13.2,55961.88377610159,0.0399147452044177,45.839210155148095,1.007455168245013,251.6525287124723,292.74450936933306,-0.02176551965988477,1.2199952748451317,-1.2417607945050164,0.7837706269163184,-0.8055361465762032,3,3
27093,63,4,3,184483.0,1030970.0,0.047619047619047616,23105.0,0.6341051720406838,25.937892231118806,0.0,14.619897445055182,8.4,67254.31738628732,0.0205959314594412,27.266825362475654,1.7312270071413114,7.984548798961264,44.621077688811944,-0.359226919003879,-0.15448325823140188,-0.2047436607724771,1.4566542422526119,-1.815881161256491,3,3
27095,71,1,2,80973.0,189115.0,0.028169014084507043,25865.0,0.31780398221534895,28.484948772472457,0.14285714285714285,15.161499672530445,10.7,59498.85120215658,0.0586105976586568,27.450222308138414,0.3866228494104002,3.130601198530833,7.311618016624783,-0.3747329356894136,-0.6424839947989308,0.2677510591095172,-0.02486310652456598,-0.34986982916484766,3,3
27097,89,3,4,544079.0,861962.0,0.0449438202247191,33064.0,0.7982700217759496,25.145711347689332,0.0,15.002040676566658,10.2,61279.52404476143,0.0400438520570076,26.9174933462376,0.9073312363900314,16.455329058795066,26.069501572707477,-0.1299035364262475,-0.11065405670768828,-0.019249479718559212,0.6719534287555409,-0.8018569651817884,3,3
27099,104,1,3,39880.0,176167.0,0.028846153846153848,39807.0,0.8191775315899213,27.197945085035297,0.09090909090909091,15.330359956866882,13.1,57548.59046977984,0.0369147659063625,26.126058230964404,0.25121209837465774,1.001833848318135,4.425528173436833,0.22035733535692606,-0.9104739700500998,1.1308313054070258,-0.24944332904112063,0.4698006643980467,3,3
27101,35,1,1,69771.0,634543.0,0.02857142857142857,8296.0,0.3866923818707811,20.038765670202505,0.0,13.67128705689489,10.5,63840.301180316965,0.0282146160962072,42.18900675024108,1.205400192864031,8.41019768563163,76.48782545805207,-0.9336862037038168,0.1911973214718737,-1.1248835251756906,0.9892991030365393,-1.9229853067403562,3,3
27103,381,2,1,45037.0,801634.0,0.0026246719160104987,33954.0,0.9004535548094481,25.908258231725274,0.0,13.911576285327207,8.7,71437.83864209765,0.0308925061734616,112.21063792189432,0.5890322200624374,1.3264122047475997,23.6094127348766,-0.054333940231773736,0.20226543598718708,-0.2565993762189608,0.2729221938531752,-0.3272561340849489,3,3
27105,77,2,4,350898.0,1952088.0,0.05194805194805195,21734.0,0.7584429925462409,22.265096162694395,0.16666666666666666,14.945665993374435,11.3,58618.054099653826,0.0332913442504948,35.428361093218,0.9202171712524156,16.145118247906506,89.81724486978926,-0.3180636140899806,0.25986433977577966,-0.5779279538657602,0.6866691292735195,-1.0047327433635,3,3
27107,36,0,1,156210.0,13385.0,0.027777777777777776,6520.0,0.2684049079754601,29.36567484662577,0.3333333333333333,15.355849865337424,12.3,58385.93067552855,0.0288520564763658,55.21472392638037,0.0,23.958588957055216,2.0529141104294477,-0.26606597058762427,-0.04823706901632644,-0.21782890157129783,-0.7392454361446669,0.4731794655570426,3,3
27109,324,4,11,1297554.0,1965314.0,0.033950617283950615,154809.0,0.673675303115452,28.997166185428494,0.0,10.685955781220729,8.0,81562.23566147948,0.0304560830514405,20.92901575489797,0.25838291055429596,8.381644478034223,12.69508878682764,-0.11557525737439113,-0.5112091506769743,0.39563389330258314,-0.23695368825640248,0.12137843088201135,3,3
27111,198,1,10,1684174.0,1726497.0,0.050505050505050504,58195.0,0.6462926368244695,25.393602543173817,0.0,14.30751225912879,10.6,62198.478422462846,0.0309711998371722,34.02354154136953,0.17183606839075521,28.940183864593177,29.66744565684337,-0.25209839236645526,0.15957573486223156,-0.4116741272286868,-0.39268415326143274,0.14058576089497749,3,3
27113,53,0,1,148520.0,54028.0,0.018867924528301886,14183.0,0.6693224282591835,24.09168018049778,0.0,13.572161682577736,10.3,63724.769430409855,0.0284141814923844,37.36868081506029,0.0,10.471691461608968,3.8093492208982584,-0.3411900985764162,-0.3498608971265995,0.008670798550183323,-0.7392454361446669,0.3980553375682507,3,3
27115,82,3,1,93293.0,63446.0,0.012195121951219513,29223.0,0.47428395441946414,29.273448995654107,0.0,13.97210805081614,11.3,56623.27654621197,0.0479304451214981,28.06008965540841,1.026588645929576,3.1924511514902645,2.171098107654929,-0.11050598680883818,-0.8073593847772372,0.6968533979683991,0.8045025992399566,-0.9150085860487948,3,3
27117,48,1,1,124015.0,79414.0,0.020833333333333332,9191.0,0.5644652377325645,25.41729953215102,0.0,14.120108182025897,10.3,56088.01476911944,0.0288939051918735,52.225002720052224,1.088020890001088,13.493091067348493,8.64040909585464,-0.35734913376927896,0.014758020159697183,-0.37210715392897614,0.8697681617150489,-1.227117295484328,3,3
27119,108,1,5,397758.0,872166.0,0.046296296296296294,31521.0,0.9276672694394213,27.945680657339555,0.1,13.350102155673996,10.7,62899.088392082966,0.0337168522734264,34.262872370800416,0.31724881824815204,12.618825544874845,27.669363281621777,0.2468722344178317,-0.025090864857875723,0.27196309927570744,-0.1370365990220814,0.3839088334399131,3,3
27121,65,2,2,737425.0,633367.0,0.03076923076923077,11048.0,0.44188993482983346,21.879453294713976,0.0,13.416456000362055,8.7,64946.86216107855,0.0227861211807353,58.83417813178856,1.8102824040550325,66.74737509051413,57.32865677045619,-0.8480020743260323,0.7606386569499337,-1.6086407312759659,1.519015802699003,-2.3670178770250354,3,3
27123,1541,4,68,33496051.0,59680568.0,0.04412719013627515,544442.0,0.8358227322653285,30.1420415765132,0.5474452554744526,17.330471753461346,11.9,68534.70595406511,0.0450828237610145,28.30420871277381,0.07346971761914033,61.523635208158076,109.61786195774756,0.3819627479917424,0.46423239409449746,-0.08226964610275506,-0.5843007855004524,0.9662635334921947,3,3
27125,14,0,0,,,0.0,4015.0,1.0,28.599252801992527,0.0,14.913725210958903,9.9,62086.126445488975,0.0287664553876157,34.86924034869241,0.0,,,0.3246801406658015,0.28546839553723286,0.03921174512856862,-0.7392454361446669,1.0639255768104683,3,1
27127,71,0,4,184732.0,325213.0,0.056338028169014086,15261.0,0.816525784679903,24.162846471397682,0.0,14.846687413603302,11.9,58724.046530761254,0.0195592645716521,46.52381888473888,0.0,12.10484240875434,21.310071423890964,-0.07891149625192541,0.08586078769471517,-0.16477228394664056,-0.7392454361446669,0.6603339398927415,3,3
27129,83,0,2,180548.0,757623.0,0.024096385542168676,14652.0,0.35844935844935844,29.412059787059782,0.0,14.419199386363639,11.2,62565.21223409456,0.0294316187390306,56.64755664755665,0.0,12.322413322413322,51.70782145782146,-0.23199750339046257,0.3578423895975553,-0.5898398929880179,-0.7392454361446669,0.5072479327542043,3,3
27131,127,1,4,3197255.0,719130.0,0.031496062992125984,53389.0,0.6960609863455018,29.21798123208901,0.36363636363636365,14.977245539867765,10.3,72693.8489507207,0.0382273342354533,23.787671617748973,0.18730450092715728,59.886025211185824,13.469628575174662,0.06499710615967251,-0.015039874836891953,0.08003698099656446,-0.3640237185971851,0.4290208247568576,3,3
27133,39,1,0,,,0.0,9402.0,0.7437779195915762,19.800627526058285,0.0,12.183046430865772,9.8,66780.5312192371,0.0167929551505222,41.480536056158265,1.0636034886194425,,,-0.6066392320832171,0.5684610955965446,-1.1751003276797616,0.8440600335225643,-1.4506992656057816,3,1
27135,62,3,1,97193.0,52247.0,0.016129032258064516,15361.0,0.7470216782761538,24.04973634529002,0.0,13.20558531820845,9.0,65929.41199744443,0.0254724732949876,40.36195560184884,1.9529978517023632,6.327257340016926,3.4012759585964454,-0.3391853784290093,-0.42462331986283397,0.08543794143382466,1.6272773173845987,-1.966462695813608,3,3
27137,567,2,30,6933168.0,18261027.0,0.05291005291005291,199759.0,0.6918486776565762,29.360583002518034,0.09090909090909091,14.058823850720119,13.3,58980.548214041235,0.04390569912053,28.38420296457231,0.1001206453776801,34.70766273359398,91.41529042496208,0.25359828877869783,0.30709447842627724,-0.053496189647579406,-0.5307037884450581,0.7843020772237559,3,3
27139,216,1,9,691041.0,1159605.0,0.041666666666666664,145275.0,0.7166133195663397,28.638445018069177,0.0,11.520384696327653,5.3,108273.38822486324,0.030288490373658,14.868353123386681,0.06883496816382723,4.756778523489933,7.982137325761487,-0.25982003425464767,-0.8794322147048405,0.6196121804501928,-0.5937572710291943,0.3339372367745466,3,3
27141,124,1,8,3260873.0,2929716.0,0.06451612903225806,94463.0,0.2764680351036914,24.241452208801327,0.0,13.315805557551634,5.7,94598.24476338246,0.0286916963965494,13.126832728158114,0.10586155425933964,34.520108402231564,31.014428929845547,-1.0362514004370487,-0.30052933331468795,-0.7357220671223608,-0.5193284666563802,-0.5169229337806684,3,3
27143,60,0,1,678.0,46289.0,0.016666666666666666,14892.0,0.0,24.42984152565136,0.0,14.836844848039215,8.8,67240.53837024336,0.0274543448952077,40.290088638195,0.0,0.045527800161160356,3.108313188289014,-1.1334032447719473,-0.8731779590913553,-0.260225285680592,-0.7392454361446669,-0.39415780862728045,3,3
27145,322,5,11,6642637.0,3424234.0,0.034161490683229816,158452.0,0.6518314694670941,25.855750637417014,0.034482758620689655,13.32807365756822,11.0,66551.58756804506,0.0448022130013831,20.321611592154092,0.3155529750334486,41.92207734834524,21.610544518213718,-0.18773080760466745,-0.09369729212036441,-0.09403351548430304,-0.13985207387957188,-0.047878733725095574,3,3
27147,96,1,3,415127.0,244145.0,0.03125,36683.0,0.8665049205353978,29.10582013466728,0.0,13.265456952266717,7.8,68792.26756165616,0.0374554707379134,26.170160564839296,0.27260583921707604,11.316604421666712,6.655535261565302,0.08932938969830982,-0.43959351415785114,0.5289229038561609,-0.2123903465984426,0.3017197362967524,3,3
27149,52,2,1,18081.0,68454.0,0.019230769230769232,9789.0,0.24547961998161202,28.925395852487487,0.0,13.571195689651649,8.9,64187.956354349335,0.0235806276074732,53.12084993359893,2.0431096128307282,1.84707324547962,6.992951271835734,-0.530352830497824,-0.37428452719074196,-0.15606830330708205,1.6929717897225824,-2.2233246202204064,3,3
27151,56,2,1,0.0,,0.017857142857142856,9359.0,0.5861737365103109,24.291227695266585,0.25,14.732958555294369,10.5,54713.29293765605,0.0235607457488219,59.835452505609574,2.1369804466289133,0.0,,-0.40448842676827573,-0.42767459474447145,0.023186167976195715,1.759369535372134,-2.1638579621404097,3,2
27153,72,2,2,117274.0,98551.0,0.027777777777777776,24494.0,0.7563076671838002,23.064060586266027,0.25,16.28347185690373,11.7,56796.044208917076,0.0335541223636046,29.39495386625296,0.8165264962848044,4.787866416265207,4.023475136768188,-0.23723423668804902,-0.6243697053387298,0.3871354686506808,0.5653464587580722,-0.8025806954461212,3,3
27155,24,0,0,,,0.0,3311.0,0.0,21.510540622168527,0.0,14.782930466626397,13.6,55070.487430488094,0.0403587443946188,72.48565388100272,0.0,,,-1.0559243419190405,1.485268358100915,-2.5411927000199555,-0.7392454361446669,-0.31667890577437363,3,1
27157,80,1,2,29835.0,67349.0,0.025,21537.0,0.5566699168872173,25.608910247481084,0.0,12.939908595022521,8.1,69134.62311413315,0.0368218709953011,37.14537772205971,0.4643172215257464,1.3852904304220643,3.1271300552537493,-0.48566537007113525,-0.7323486728632199,0.24668330279208467,0.0942866289031959,-0.5799519989743311,3,3
27159,83,1,1,115551.0,71007.0,0.012048192771084338,13654.0,0.39263219569356966,29.544016405448954,0.3333333333333333,16.243865462208877,13.5,49397.772517618374,0.0603164656117812,60.788047458620184,0.7323861139592793,8.46279478541087,5.200454079390655,-0.04517151431636938,-0.0796876751174258,0.03451616080105643,0.46169518839922913,-0.5068667027155985,3,3
27161,63,0,1,37296.0,59206.0,0.015873015873015872,18740.0,0.6430629669156883,29.137486659551755,0.2,14.410036003681965,9.4,60163.42374520017,0.0394845360824742,33.6179295624333,0.0,1.9901814300960512,3.1593383137673428,-0.05319510557876491,-0.7345431678214491,0.6813480622426842,-0.7392454361446669,0.6860503305659019,3,3
27163,435,3,23,3094297.0,3619752.0,0.052873563218390804,255938.0,0.8503582898983347,28.047143448804007,0.08,13.161974025244398,5.0,102463.94307586494,0.0245530646992054,16.996303792324703,0.11721588822292899,12.090025709351483,14.143081527557456,-0.17657387739967464,-0.5282743113509553,0.3517004339512806,-0.49700328975815544,0.32042941235848077,3,3
27165,45,0,2,145115.0,567992.0,0.044444444444444446,10972.0,0.41022602989427637,25.442927451695223,0.6666666666666666,16.87367715020051,10.0,57304.80787823275,0.0288713910761154,41.01348888078746,0.0,13.225938753189938,51.76740794750273,-0.5409750910397629,0.19629575455135528,-0.7372708455911182,-0.7392454361446669,0.19827034510490393,3,3
27167,30,1,1,92896.0,195257.0,0.03333333333333333,6291.0,1.0,26.59230646955969,0.0,14.164963946272454,10.1,64226.11362954801,0.0177978883861236,47.68717215069146,1.5895724050230489,14.766491813702114,31.037513908758545,0.189187067767057,0.20823609539057633,-0.019049027623519343,1.3402575874254747,-1.1510705196584177,3,3
27169,123,0,0,,,0.0,50725.0,0.6810645638245441,27.81885657959586,0.2,15.265467104386396,12.1,62884.249451727934,0.0361185255262357,24.24839822572696,0.0,,,0.055393994965063524,-0.3019057166431616,0.35729971160822516,-0.7392454361446669,0.7946394311097303,3,1
27171,252,3,13,1947012.0,2793050.0,0.051587301587301584,134438.0,0.5403680506999509,26.745191835641705,0.0,12.319128801447508,5.4,90066.0084092287,0.0266801846268776,18.744700159181185,0.22315119237120457,14.482601645368126,20.775747928413097,-0.5841423368724799,-0.37122836825194194,-0.2129139686205379,-0.29901583855019087,-0.285126498322289,3,3
27173,53,0,2,532350.0,1005720.0,0.03773584905660377,9814.0,0.4592418993274913,26.318789484410026,0.0,14.052617492561646,9.7,62758.11845871009,0.0243709134139092,54.00448339107398,0.0,54.243937232524964,102.47809252088852,-0.4416479051908984,0.7752563553048892,-1.2169042604957876,-0.7392454361446669,0.29759753095376845,3,3
28001,87,0,3,199686.0,280140.0,0.034482758620689655,31266.0,0.49149235591377216,35.98616708245378,0.2222222222222222,17.58039757397812,25.2,31729.89417632064,0.1008519060321831,27.82575321435425,0.0,6.386682018806371,8.95989253502207,1.2484751339773952,-0.4715983136995947,1.7200734476769899,-0.7392454361446669,1.987720570122062,3,3
28003,48,1,2,336669.0,213780.0,0.041666666666666664,37090.0,0.48023726071717443,23.354321919654893,0.0,16.67321028883796,18.7,44607.97455587355,0.0653857883501067,12.941493664060392,0.26961445133459155,9.07708277163656,5.7638177406308975,-0.08898037359506399,-0.8796105050983062,0.7906301315032422,-0.21753366973315233,0.12855329613808836,3,3
28005,20,0,0,,,0.0,12412.0,0.6971479213664196,27.807202707057687,0.0,18.307677477763455,22.8,36017.28801461624,0.0864956540173839,16.113438607798905,0.0,,,0.7235203205347918,-0.9524830407878606,1.6760033613226524,-0.7392454361446669,1.4627657566794587,3,1
28007,40,0,1,37585.0,8551.0,0.025,18437.0,0.6712046428377719,34.02716819439171,0.16666666666666666,18.3624616190812,19.4,35790.46421204634,0.1000399627014786,21.695503606877477,0.0,2.0385637576612248,0.4637956283560232,0.9460229926675222,-1.1614973551400034,2.1075203478075255,-0.7392454361446669,1.685268428812189,3,3
28009,7,0,0,,,0.0,8232.0,1.0,19.758940719144803,0.0,17.47441183430515,20.0,38430.735670932445,0.0590809628008752,8.503401360544217,0.0,,,0.28921756273879756,-1.936489631805756,2.2257071945445537,-0.7392454361446669,1.0284629988834644,3,1
28011,70,1,1,130.0,4813.0,0.014285714285714285,31848.0,0.8118563175081638,33.69464016578749,0.5,18.48368985251821,38.7,31642.980382812548,0.082372041356917,21.979402160261245,0.31399145943230344,0.004081888972619944,0.15112408942476765,2.2492819588771473,-1.446682969475333,3.6959649283524802,-0.14244774655332076,2.391729705430468,3,3
28013,34,1,1,76208.0,62785.0,0.029411764705882353,14499.0,0.0,23.07500517277054,0.0,16.859286953376092,17.5,39495.959603562136,0.0505978166695546,23.44989309607559,0.6897027381198704,5.256086626663908,4.330298641285606,-0.7033319676910311,-0.7172928170623655,0.01396084937133435,0.40717290165484604,-1.1105048693458772,3,3
28015,20,0,1,9841.0,2056322.0,0.05,10070.0,1.0,40.9377358490566,0.0,17.24248907626614,17.2,48811.63437359427,0.0716778523489932,19.860973187686195,0.0,0.9772591857000993,204.20278053624628,1.6770595275403002,-0.3809561892150248,2.058015716755325,-0.7392454361446669,2.416304963684967,3,3
28017,31,0,1,-26249.0,552223.0,0.03225806451612903,17193.0,0.25585994300005815,25.600569999418365,0.0,17.198553083987672,19.6,38738.113721144,0.0369740756481088,18.03059384633281,0.0,-1.5267259931367416,32.11906008259175,-0.11219418816975059,-1.1320665658793918,1.0198723777096412,-0.7392454361446669,0.6270512479749163,3,3
28019,20,1,0,,,0.0,8277.0,0.5024767427812009,32.44859248519995,0.0,18.52487678808747,17.1,38980.83638838002,0.0850350502895458,24.163344206838225,1.2081672103419114,,,0.5068651251931761,-0.3075506132617063,0.8144157384548824,0.9920394544331488,-0.4851743292399727,3,1
28021,16,1,1,1590328.0,673399.0,0.0625,9089.0,0.8465177687314336,26.107217515678293,0.0,17.454157316206405,32.7,31096.0594382982,0.1262853470437018,17.603696776323027,1.1002310485201892,174.97282429310155,74.0894487842447,1.3632300198327405,0.369519878101364,0.9937101417313765,0.8825112236761333,0.4807187961566072,3,3
28023,17,0,0,,,0.0,15770.0,0.47070386810399495,37.66744451490171,0.5,19.160013762714012,18.3,45796.14970858785,0.0688797894121088,10.77996195307546,0.0,,,0.9294877529392527,-1.5772402888132064,2.506728041752459,-0.7392454361446669,1.6687331890839197,3,1
28025,41,0,2,594533.0,395389.0,0.04878048780487805,19640.0,0.8071283095723014,37.474358452138496,0.2,18.242603419093687,20.7,33740.57059442862,0.1033384301732925,20.875763747454176,0.0,30.27153767820774,20.13182281059063,1.426211697169075,-0.1627292059654313,1.5889409031345063,-0.7392454361446669,2.165457133313742,3,3
28027,59,0,2,1312.0,27998.0,0.03389830508474576,23255.0,0.5989679638787357,31.079359277574714,0.2857142857142857,18.81903155824554,30.8,30866.05586279508,0.1483761409467204,25.37088798107934,0.0,0.05641797462911202,1.2039561384648463,1.3449640574344104,-1.2372288799601494,2.58219293739456,-0.7392454361446669,2.084209493579077,3,3
28029,38,1,2,2231575.0,11130499.0,0.05263157894736842,28501.0,1.0,29.678018315146836,0.3333333333333333,19.04317166299428,21.4,44676.869636093375,0.0746575342465753,13.332865513490756,0.3508648819339672,78.2981298901793,390.530121750114,1.1043138746588672,0.3546409119593796,0.7496729626994876,-0.0819622253583232,1.1862761000171904,3,3
28031,24,0,0,,,0.0,18978.0,0.0,32.06725155443145,0.5,18.721975694382973,19.3,40465.790348195136,0.0815149235013794,12.64622194119507,0.0,,,0.06792473570024622,-1.3312232714623198,1.399148007162566,-0.7392454361446669,0.8071701718449131,3,1
28033,191,1,5,841822.0,446144.0,0.02617801047120419,178975.0,0.8006425478418774,27.945378404805137,0.030303030303030304,15.218750136672721,9.2,71055.20596579982,0.0530606163800442,10.671881547702194,0.055873725380639755,4.703573124738092,2.4927727336220142,0.017777040300005126,-1.2292407487230717,1.2470177890230767,-0.6204219708139662,0.6381990111139714,3,3
28035,161,2,9,1646766.0,2531694.0,0.055900621118012424,75224.0,0.7525124960119111,33.06660507284909,0.11764705882352941,17.250166193861002,19.0,42227.38455320064,0.0808049448223307,21.402743805168566,0.26587259385302564,21.89149739444858,33.65540253110709,0.9391512049705465,-0.12668389796799892,1.0658351029385453,-0.22398441989538098,1.1631356248659275,3,3
28037,15,0,0,,,0.0,7733.0,1.0,33.376180007758954,0.0,17.24661119630156,18.7,42629.09586709781,0.0468099861303744,19.39738781844045,0.0,,,1.2120168840126853,-0.6588225699345415,1.8708394539472266,-0.7392454361446669,1.951262320157352,3,1
28039,15,0,0,,,0.0,23917.0,0.5400342852364427,30.96224860977547,0.0,17.98728367077811,14.4,50125.940519326425,0.1315953469048608,6.271689593176402,0.0,,,0.2738155315777992,-2.3842521284483835,2.6580676600261826,-0.7392454361446669,1.013060967722466,3,1
28041,12,0,1,65702.0,197946.0,0.08333333333333333,13645.0,0.3580798827409307,26.820960058629534,0.5,17.616057048149507,22.1,52653.86000123866,0.1188222923238696,8.794430194210333,0.0,4.8150971051667275,14.506852326859656,0.24067105838169164,-1.0442273761567649,1.2848984345384564,-0.7392454361446669,0.9799164945263585,3,3
28043,38,0,0,,,0.0,21088.0,1.0,23.402081752655537,0.0,17.643311831278453,20.9,42526.2832089236,0.0647700438547172,18.019726858877085,0.0,,,0.612083333743263,-0.7758066874296825,1.3878900211729455,-0.7392454361446669,1.35132876988793,3,1
28045,77,2,1,0.0,-6011.0,0.012987012987012988,46961.0,0.8214901726964928,29.524377675092097,0.14285714285714285,16.85526024786525,15.6,51002.49792458488,0.0812897791089479,16.39658439982113,0.42588530908626304,0.0,-0.12799982964587636,0.5462742924595703,-1.6515887574502077,2.197863049909778,0.03616023526037212,0.5101140571991981,3,3
28047,307,1,9,7410327.0,31872429.0,0.029315960912052116,204502.0,0.7800559407731954,32.35767767552396,0.2222222222222222,16.957864643338453,16.0,50764.01495459316,0.0942331288343558,15.012078121485365,0.04889927726868197,36.23596346246003,155.853874289738,0.7341780085472557,0.07674531510938547,0.6574326934378703,-0.6349060280707838,1.3690840366180395,3,3
28049,1259,4,17,5110141.0,2286171.0,0.013502779984114376,238797.0,0.8632101743321734,31.363999547733012,0.265625,16.57742715314263,21.0,47299.12238169123,0.0927578335754305,52.72260539286507,0.1675062919550916,21.39951925694209,9.57370067463159,1.0556884602883132,0.13441351808019575,0.9212749422081175,-0.40077429711028817,1.4564627573986013,3,3
28051,33,0,2,0.0,204658.0,0.06060606060606061,17737.0,0.26131814850312907,32.20471331115747,0.4,19.00558421300107,35.6,22792.612385342032,0.1627791563275434,18.605175621582003,0.0,0.0,11.538478885944636,1.3539302489063434,-1.089994254880995,2.4439245037873385,-0.7392454361446669,2.09317568505101,3,3
28053,20,1,1,11890.0,91896.0,0.05,8389.0,0.7366789843843128,36.59275241387532,0.0,18.104825058529027,32.8,30697.52789733426,0.1464693185322232,23.840743831207533,1.1920371915603767,1.4173322207652879,10.954344975563238,2.021746796648718,-0.7698536882213899,2.791600484870108,0.9760162996645327,1.0457304969841852,3,3
28055,4,0,0,,,0.0,1361.0,0.0,27.3,0.0,18.21159,49.6,25658.647722486978,0.1176470588235294,29.390154298310065,0.0,,,1.5621770378546722,0.008170906577499889,1.5540061312771722,-0.7392454361446669,2.301422473999339,3,1
28057,22,0,0,,,0.0,23462.0,0.376907339527747,25.165177734208502,0.0,16.321898701176373,14.0,47237.64677164892,0.0181392627267407,9.376864717415394,0.0,,,-0.3539719687796136,-1.7893957415359898,1.4354237727563761,-0.7392454361446669,0.38527346736505325,3,1
28059,193,0,7,520131.0,1489109.0,0.03626943005181347,142376.0,0.6907695117154576,30.459469292577396,0.2857142857142857,16.72930560328286,13.4,54752.5101371658,0.0799642750818696,13.55565544754734,0.0,3.653221048491319,10.458988874529416,0.3393735825285111,-0.9295975785012084,1.2689711610297194,-0.7392454361446669,1.0786190186731779,3,3
28061,20,0,0,,,0.0,16505.0,0.260466525295365,28.428991214783398,1.0,20.508055922932446,20.1,38021.60488685776,0.0578231292517006,12.117540139351712,0.0,,,0.131362544480871,-1.397322463141624,1.528685007622495,-0.7392454361446669,0.8706079806255379,3,1
28063,22,0,1,62699.0,153315.0,0.045454545454545456,7225.0,0.7860207612456748,35.92311418685121,0.5,18.778802597508648,30.2,26518.246338768244,0.1022935779816513,30.44982698961938,0.0,8.678062283737024,21.22006920415225,1.8676575871847623,-0.21277872545113585,2.0804363126358982,-0.7392454361446669,2.606903023329429,3,3
28065,17,0,0,,,0.0,11339.0,0.5831202046035806,38.79716024340771,0.6666666666666666,19.558889321633302,25.0,34040.529174462645,0.0895048666948793,14.992503748125937,0.0,,,1.5424836739102894,-1.0658099166434014,2.608293590553691,-0.7392454361446669,2.281729110054956,3,1
28067,80,0,2,498204.0,377710.0,0.025,68352.0,0.5518492509363296,28.696114232209734,0.42857142857142855,18.51156388379272,19.0,44278.33809512944,0.0515800339649029,11.704119850187267,0.0,7.28879915730337,5.52595388576779,0.3999873036431227,-0.9817431564052027,1.3817304600483253,-0.7392454361446669,1.1392327397877895,3,3
28069,20,0,1,40120.0,84972.0,0.05,9943.0,1.0,23.572261892788898,1.0,20.34217114794328,25.9,32966.825847344364,0.1048932143822654,20.11465352509303,0.0,4.034999497133662,8.545911696671025,0.9290652074963663,-0.7386889662978814,1.6677541737942478,-0.7392454361446669,1.6683106436410333,3,3
28071,102,2,3,379266.0,595001.0,0.029411764705882353,53590.0,0.7416122410897555,37.81001492815824,0.0,14.511368208061207,14.1,53284.51496632788,0.0572506128606449,19.03340175405859,0.3732039559619332,7.077178578092928,11.10283635006531,0.9779820448914904,-0.6181405669383956,1.5961226118298861,-0.04611621010020385,1.0240982549916944,3,3
28073,77,0,5,785210.0,553652.0,0.06493506493506493,61969.0,0.6758863302619051,27.06696089980474,0.0,14.842289135971214,13.1,63943.11383849117,0.1029459371965037,12.425567622520939,0.0,12.671012925817747,8.934338136810341,0.0553465308595196,-0.7607209883832488,0.8160675192427683,-0.7392454361446669,0.7945919670041864,3,3
28075,163,1,1,251218.0,-1055.0,0.006134969325153374,76279.0,0.7235281007878971,29.928150605015794,0.3684210526315789,17.573011537434944,23.6,45082.82064723484,0.0525930891583886,21.368921983770107,0.1310976808820252,3.2934097195820606,-0.01383080533305366,0.9568981015655545,-1.1661505175184974,2.123048619084052,-0.4700148206075547,1.4269129221731092,3,3
28077,23,0,0,,,0.0,12633.0,0.6748199160927729,27.197546109396026,0.3333333333333333,18.692065866935803,19.0,44425.66757436877,0.0717741935483871,18.20628512625663,0.0,,,0.42306147029619523,-0.7594779950991452,1.1825394653953403,-0.7392454361446669,1.162306906440862,3,1
28079,23,0,1,74805.0,236658.0,0.043478260869565216,22792.0,0.689935064935065,23.695647595647593,0.8,19.047604256054754,20.6,39318.95224361272,0.0826775897380618,10.091260091260091,0.0,3.282072657072657,10.383380133380133,0.2792079436109101,-1.10096726894311,1.38017521255402,-0.7392454361446669,1.018453379755577,3,3
28081,142,0,10,18453073.0,151803641.0,0.07042253521126761,85072.0,0.40375211585480536,27.569515234154597,0.0,15.81212471082142,13.5,53588.7132436062,0.0577587465330154,16.6917434643596,0.0,216.91123989091594,1784.413684878691,-0.17839815687313357,0.9812164685168648,-1.1596146253899984,-0.7392454361446669,0.5608472792715333,3,3
28083,76,0,6,730719.0,2970156.0,0.07894736842105263,29222.0,0.8194168776948875,32.54630415440422,0.25,17.22306126199439,28.8,28337.076456571765,0.0807073002074483,26.007802340702213,0.0,25.00578331394155,101.6410923276983,1.5701544489465895,0.2088903039238411,1.3612641450227485,-0.7392454361446669,2.3093998850912563,3,3
28085,49,0,0,,,0.0,34320.0,0.8766608391608391,28.216663752913757,0.16666666666666666,17.704788668589746,18.9,45159.13519763219,0.0726945444475214,14.277389277389277,0.0,,,0.7108185039637024,-1.1423373854959893,1.8531558894596918,-0.7392454361446669,1.4500639401083693,3,1
28087,107,2,3,536627.0,1431650.0,0.028037383177570093,59150.0,0.5688757396449704,26.101913778529163,0.21428571428571427,17.590851907607775,19.9,53463.64217489944,0.0807266149091731,18.08960270498732,0.338123415046492,9.072307692307692,24.20371935756551,0.2823704619425542,-0.4587183442280444,0.7410888061705987,-0.10267402463177042,0.38504448657432466,3,3
28089,218,0,14,11439090.0,38509336.0,0.06422018348623854,104562.0,0.6286605076413994,27.37455002773474,0.047619047619047616,13.64343467861173,10.0,76128.00371860147,0.0478317245353695,20.848874352059067,0.0,109.40006885866758,368.2918842409288,-0.16199392097936918,0.6526849412716794,-0.8146788622510486,-0.7392454361446669,0.5772515151652977,3,3
28091,32,0,1,35720.0,252301.0,0.03125,24990.0,0.507482993197279,36.21543017206883,0.3333333333333333,18.694894715246097,21.5,34012.971142374714,0.0566016836508639,12.805122048819527,0.0,1.4293717486994797,10.096078431372549,1.0573828683095774,-1.1102370775457824,2.1676199458553596,-0.7392454361446669,1.7966283044542442,3,3
28093,58,0,3,211346.0,212709.0,0.05172413793103448,35599.0,0.5022051181212955,25.267313688586757,0.0,17.09942105008568,21.1,44763.78342960147,0.0671578535567581,16.292592488553048,0.0,5.936852158768505,5.975139751116604,0.22173880226763068,-0.8371167701514767,1.0588555724191073,-0.7392454361446669,0.9609842384122975,3,3
28095,59,0,4,181110.0,524187.0,0.06779661016949153,35673.0,0.43276427550248087,23.834300451321727,0.2222222222222222,17.26235849527654,17.3,44892.034271241464,0.0503635873956369,16.539119221820425,0.0,5.076948952989656,14.694222521234547,-0.19038798840905327,-0.7072670415319225,0.5168790531228693,-0.7392454361446669,0.5488574477356136,3,3
28097,31,0,0,,,0.0,10068.0,0.7495033770361541,19.89368295589988,0.0,17.714767135280095,21.6,42227.38455320064,0.0687269372693726,30.79062375844259,0.0,,,0.12494158184038162,0.0835382818418329,0.04140329999854872,-0.7392454361446669,0.8641870179850485,3,1
28099,40,1,0,,,0.0,29332.0,0.2341129142233738,26.449614755216142,0.7142857142857143,18.76857117151916,20.5,40263.34480477994,0.1001648481042468,13.636983499249965,0.34092458748124915,,,-0.018499178919116455,-1.2139738509102358,1.1954746719911193,-0.09810373664207388,0.07960455772295742,3,1
28101,37,0,0,,,0.0,21360.0,0.3786048689138577,30.157832397003748,0.2,18.524642498033707,18.3,38112.75837761016,0.0545176829984725,17.322097378277153,0.0,,,0.277064708663942,-0.8383199663161239,1.115384674980066,-0.7392454361446669,1.016310144808609,3,1
28103,18,1,1,70567.0,132801.0,0.05555555555555555,10700.0,1.0,31.152785046728972,0.6666666666666666,19.54960042448598,28.9,35808.4829253346,0.1124776386404293,16.822429906542055,0.9345794392523364,6.595046728971963,12.411308411214954,1.6695174588680686,-0.6779128197016354,2.347430278569704,0.7029548741808075,0.9665625846872611,3,3
28105,94,0,0,,,0.0,49512.0,0.7623000484730974,36.23328284052351,0.125,17.11732429520116,25.5,42877.1181558892,0.0842366057602973,18.985296493779284,0.0,,,1.578566711373832,-0.692965895058706,2.271532606432538,-0.7392454361446669,2.3178121475184987,3,1
28107,53,0,4,490323.0,685870.0,0.07547169811320754,34190.0,0.5581164083065224,28.83696109973676,0.3333333333333333,18.928713135419713,26.2,40599.340811390495,0.0693185141854343,15.501608657502194,0.0,14.341123135419714,20.060544018718925,0.8555688048025663,-0.47956994341979303,1.3351387482223593,-0.7392454361446669,1.5948142409472332,3,3
28109,55,1,2,45078.0,26207.0,0.03636363636363636,55219.0,0.30214237852912945,24.33586808888245,0.2222222222222222,17.973458486408664,18.9,49711.51011369637,0.0829602095125454,9.960339738133614,0.18109708614788386,0.816349444937431,0.4746011336677593,-0.19769078822920705,-1.6808911484512625,1.4832003602220554,-0.375479915706067,0.17778912747685993,3,3
28111,20,0,1,99895.0,223454.0,0.05,12006.0,1.0,28.986506746626688,0.0,17.819618545060806,19.6,45013.92556701501,0.0833001195695496,16.658337497917707,0.0,8.320423121772446,18.611860736298517,0.9438267331337024,-0.5663650623877191,1.5101917955214215,-0.7392454361446669,1.6830721692783692,3,3
28113,62,0,2,58738.0,27920.0,0.03225806451612903,39532.0,0.5946069007386421,32.70912678336538,0.375,18.40032724792573,23.6,33688.634303185965,0.0492852280462899,15.683496913892544,0.0,1.4858342608519681,0.7062632803804513,1.021731489381257,-1.3492954696002224,2.3710269589814796,-0.7392454361446669,1.7609769255259238,3,3
28115,29,0,2,183802.0,128531.0,0.06896551724137931,31618.0,0.5065469036624708,25.317037763299385,0.0,16.99405880150547,13.3,47441.152239375195,0.0607707509881422,9.171990638244038,0.0,5.813207666519071,4.065121133531533,-0.2448522050699767,-1.1968092131873027,0.951957008117326,-0.7392454361446669,0.49439323107469013,3,3
28117,38,1,0,,,0.0,25255.0,0.45903781429419915,27.061686794694122,0.0,17.245684324925758,17.7,41608.38875553324,0.0765006627532664,15.04652544050683,0.39596119580281136,,,0.09992930138842486,-1.0601685841287742,1.160097885517199,-0.010193874443259471,0.11012317583168434,3,1
28119,22,0,1,384800.0,696.0,0.045454545454545456,7187.0,1.0,30.626116599415614,0.0,18.727139573813826,32.1,26798.066356891864,0.2016689847009735,30.610825100876585,0.0,53.54111590371504,0.09684151941004591,1.8256194922826088,-0.3859606359906214,2.2115801282732304,-0.7392454361446669,2.5648649284272755,3,3
28121,182,4,5,22550285.0,17303079.0,0.027472527472527472,152677.0,0.5963111667114235,24.996453296829255,0.037037037037037035,15.967622567341513,9.8,69950.76483366037,0.0423389433291698,11.920590527715373,0.2619910006091291,147.69929327927585,113.33127452072021,-0.3842300190817316,0.20719133779365448,-0.5914213568753861,-0.2306962474478009,-0.1535337716339307,3,3
28123,22,0,1,218223.0,554802.0,0.045454545454545456,28332.0,0.6422419878582522,28.407133276860087,0.6666666666666666,19.919587169278554,21.1,37036.935201869725,0.0690568849879937,7.765071297472822,0.0,7.702350698856417,19.58216857263871,0.6046115330574557,-0.9632407254975601,1.5678522585550159,-0.7392454361446669,1.3438569692021227,3,3
28125,9,0,0,,,0.0,4404.0,0.0,35.82561307901907,0.0,18.51814345504087,34.5,31155.415199718365,0.1617492096944151,20.435967302452315,0.0,,,1.2700240180212925,-0.5757421385374771,1.8457661565587697,-0.7392454361446669,2.0092694541659593,3,1
28127,41,0,3,466133.0,66413.0,0.07317073170731707,26888.0,0.3741074085093722,24.381240702171976,0.0,17.295294362466528,20.1,46477.68104060864,0.0751504729148753,15.248437964891401,0.0,17.336097887533473,2.4699866111276405,-0.04324902130562865,-0.785268845250001,0.7420198239443723,-0.7392454361446669,0.6959964148390382,3,3
28129,19,0,0,,,0.0,16009.0,0.31750890124305076,29.933175089012426,0.3333333333333333,18.392595180398523,16.8,45688.037428858275,0.0429795044356072,11.868324067711912,0.0,,,0.10294904218396962,-1.4294106107496385,1.532359652933608,-0.7392454361446669,0.8421944783286365,3,1
28131,22,0,1,198591.0,232960.0,0.045454545454545456,18276.0,1.0,25.188017071569273,0.3333333333333333,18.013475436857078,15.6,48208.53744059299,0.0347613219094247,12.037644998905668,0.0,10.866217990807616,12.746771722477567,0.4207651883063858,-0.7479987199157571,1.1687639082221428,-0.7392454361446669,1.1600106244510526,3,3
28133,47,1,0,,,0.0,26168.0,0.6649342708651789,31.85045857535922,0.14285714285714285,17.689039409202078,32.5,32685.945904909673,0.1371230429757276,17.960868236013454,0.38214613268113723,,,1.576746411034837,-0.7809915963153179,2.357738007350155,-0.03193046844959985,1.6086768794844368,3,1
28135,17,0,0,,,0.0,14158.0,0.7188868484249188,29.274276027687527,0.0,17.931356994278854,31.2,31653.579625923292,0.124117053481332,12.007345670292414,0.0,,,1.3665324899110864,-1.4114348483174979,2.777967338228584,-0.7392454361446669,2.105777926055753,3,1
28137,51,0,0,,,0.0,28404.0,0.7631319532460217,28.363744543022108,0.4,17.911786070975918,15.1,54087.93759412221,0.0600663119747089,17.955217574989437,0.0,,,0.36714993865431506,-0.7814902146121466,1.1486401532664616,-0.7392454361446669,1.1063953747989819,3,1
28139,30,0,2,78681.0,187752.0,0.06666666666666667,22018.0,0.11168135162140068,26.205404668907263,0.0,16.370630030111727,17.3,41597.789512422496,0.0436648428280227,13.625215732582431,0.0,3.5734853301843947,8.52720501407939,-0.3640771149083173,-0.9652903616503837,0.6012132467420664,-0.7392454361446669,0.3751683212363496,3,3
28141,31,0,0,,,0.0,19441.0,0.0,26.08073658762409,0.0,17.42066303415462,15.4,39939.0079655912,0.0621572212065813,15.945681806491436,0.0,,,-0.6100429042186896,-0.9689624891760126,0.358919584957323,-0.7392454361446669,0.1292025319259773,3,1
28143,20,0,1,126059.0,86537.0,0.05,9988.0,1.0,24.67103524229075,0.0,18.548746073788543,27.6,41729.220126995715,0.0758068009529997,20.024028834601523,0.0,12.621045254305166,8.66409691629956,1.1134295444141433,-0.5165940391579671,1.6300235835721104,-0.7392454361446669,1.85267498055881,3,3
28145,34,0,1,1314918.0,594293.0,0.029411764705882353,28507.0,0.47093696285122955,22.53793103448276,0.0,16.226999127302065,14.9,48495.77692889413,0.0588505747126436,11.926895148560003,0.0,46.12614445574771,20.847265583891676,-0.39052461631164426,-0.3582917937274446,-0.03223282258419968,-0.7392454361446669,0.3487208198330226,3,3
28147,13,0,0,,,0.0,14477.0,0.45741521033363264,28.825834081646747,0.0,17.50837147620363,20.6,32816.31659517181,0.0373202257418532,8.979761000207224,0.0,,,0.40456295393449526,-1.8546705653151756,2.259233519249671,-0.7392454361446669,1.1438083900791622,3,1
28149,79,1,6,752728.0,2042888.0,0.0759493670886076,46519.0,0.5019454416474989,31.367576689094786,0.25,17.314938491197147,20.8,47816.365445495496,0.0635941580423638,16.982308304133795,0.2149659279004278,16.18108729766332,43.91513145166491,0.6520480813266566,-0.26486648453495704,0.9169145658616136,-0.3136903565134588,0.9657384378401154,3,3
28151,111,2,3,545372.0,1151819.0,0.02702702702702703,46057.0,0.8434765616518661,38.033145884447535,0.10526315789473684,17.676193770132663,35.5,31485.051660462475,0.1318984254890526,24.100571031547865,0.4342445230909525,11.841240202357948,25.008554617104892,2.407941939674876,-0.24597301318916656,2.653914952864042,0.04893535539534877,2.359006584279527,3,3
28153,21,0,0,,,0.0,20373.0,0.7107446129681441,22.21145143081529,0.25,18.467397666323073,21.0,39965.506073368066,0.0912963389362192,10.30776027094684,0.0,,,0.21692145081186207,-1.6456786273764794,1.8626000781883414,-0.7392454361446669,0.956166886956529,3,1
28155,21,0,1,0.0,61391.0,0.047619047619047616,9768.0,0.4347870597870598,35.56058558558559,0.0,16.80977501525389,16.4,48470.338745428344,0.0452654758991925,21.4987714987715,0.0,0.0,6.28490990990991,0.6198247225260324,-1.1146736024356263,1.7344983249616588,-0.7392454361446669,1.3590701586706992,3,3
28157,15,0,1,20070.0,46250.0,0.06666666666666667,8875.0,0.5716056338028169,41.27544788732394,0.0,18.408076450366195,32.2,28949.712708372717,0.1044885945548197,16.901408450704228,0.0,2.2614084507042254,5.211267605633803,2.1507734730554637,-1.0079878910073024,3.158761364062766,-0.7392454361446669,2.8900189092001307,3,3
28159,53,0,1,80838.0,85286.0,0.018867924528301886,18229.0,0.8293378682319381,31.113505952054425,0.4,19.450037139502992,27.4,36804.811777744464,0.0710832353325493,29.07455153875693,0.0,4.434582259037797,4.678589061385704,1.3902375928485453,-0.6214392517196319,2.011676844568177,-0.7392454361446669,2.1294830289932123,3,3
28161,20,1,2,165420.0,338906.0,0.1,12367.0,0.7077706800355785,21.59032910164147,0.0,16.77504783294251,20.7,43948.701634385325,0.0552641438741101,16.17207083367025,0.8086035416835126,13.375919786528666,27.40405918977925,0.14972687518647118,-0.4159848573557919,0.565711732542263,0.55579327064905,-0.40606639546257883,3,3
28163,39,0,0,,,0.0,28565.0,1.0,31.53606161386312,0.3333333333333333,18.889964363206726,30.9,35273.221148242075,0.1478494623655914,13.653071941186766,0.0,,,1.8195030130383945,-1.2121361015199934,3.031639114558388,-0.7392454361446669,2.5587484491830614,3,1
29001,78,3,2,492677.0,830820.0,0.02564102564102564,25369.0,0.693484173597698,29.737013678111083,0.0,15.13355992691868,18.2,44441.56643903488,0.0565151917796084,30.74618629035437,1.182545626552091,19.42043438842682,32.749418581733615,0.5814403089639714,0.037245056170703957,0.5441952527932674,0.9665324223855458,-0.38509211342157446,3,3
29003,39,0,0,,,0.0,17503.0,0.5405359081300348,22.315603039478948,0.0,13.622575430383364,8.4,62293.87161045954,0.0300760543904125,22.281894532365882,0.0,,,-0.7272142743509059,-0.43755333502170857,-0.28966093932919734,-0.7392454361446669,0.012031161793760958,3,1
29005,20,2,4,1361301.0,1973259.0,0.2,5229.0,0.0,20.469535283993118,0.0,15.073892111876075,11.3,53246.3576911292,0.0246268656716417,38.248231019315355,3.8248231019315355,260.3367756741251,377.368330464716,-1.2725732967726122,1.1762410062444408,-2.448814303017053,2.70026356644155,-3.9728368632141624,3,3
29007,73,2,1,1002744.0,2073506.0,0.0136986301369863,25644.0,0.6556699422866947,23.861959912650136,0.0,16.243695943222587,15.1,46913.30993246018,0.0457881859489688,28.466697863047887,0.7799095304944627,39.10248011230697,80.85735454687256,-0.0806149794749708,0.3119082577909769,-0.39252323726594773,0.5208414303632827,-0.6014564098382534,3,3
29009,77,0,1,66405.0,470824.0,0.012987012987012988,35530.0,0.36811145510835913,28.28102167182663,0.0,17.077823067267097,15.5,47063.819184632725,0.0458948189559903,21.671826625387,0.0,1.8689839572192513,13.251449479313257,-0.04290713398683382,-0.7497182720965956,0.7068111381097617,-0.7392454361446669,0.6963383021578331,3,3
29011,45,1,0,,,0.0,11797.0,1.0,26.779749088751377,0.0,16.923903295837928,15.5,46769.16022615408,0.0705882352941176,38.14529117572264,0.847673137238281,,,0.5317959169093716,0.4316773638340354,0.10011855307533618,0.602502258213041,-0.07070634130366948,3,1
29013,60,0,0,,,0.0,16296.0,0.26816396661757486,26.299969317623958,0.0,15.78694279105302,13.9,50478.89531491417,0.0454026632847178,36.81885125184094,0.0,,,-0.39447519562317707,0.3740094016319475,-0.7684845972551246,-0.7392454361446669,0.3447702405214898,3,1
29015,46,2,4,142120.0,776901.0,0.08695652173913043,19107.0,0.3052284503061705,27.229879101899826,0.16666666666666666,17.704246064321975,18.1,42660.89359643003,0.0803179824561403,24.0749463547391,1.046736798032135,7.43811168681635,40.66054325639818,-0.030116257565105664,-0.2522736015376728,0.22215734397256715,0.8261234964982007,-0.8562397540633064,3,3
29017,31,0,0,,,0.0,12225.0,0.6373006134969326,25.045856850715744,0.0,16.771963652188138,14.6,46804.137728419526,0.0403431909456005,25.357873210633944,0.0,,,-0.043867788461061284,-0.22996505859903005,0.18609727013796876,-0.7392454361446669,0.6953776476836055,3,1
29019,438,2,16,7602883.0,12256474.0,0.0365296803652968,177651.0,0.8457762692019747,30.52832632521067,0.06896551724137931,14.45898881973082,14.4,58643.49228311961,0.0421082813636037,24.655082155462114,0.11258028381489549,42.79673629757221,68.99186607449437,0.573408424450284,0.22508444668446262,0.34832397776582136,-0.5060904019005845,1.0794988263508685,3,3
29021,256,3,3,153396.0,304523.0,0.01171875,88460.0,0.8309518426407416,26.035495139045896,0.04,14.985516527470043,15.1,55027.03053373405,0.0461687547587734,28.93963373276057,0.3391363328057879,1.7340718969025548,3.442493782500565,0.269375130121297,-0.8231911139112865,1.0925662440325836,-0.10102028262459015,0.37039541274588716,3,3
29023,118,1,2,264591.0,774989.0,0.01694915254237288,42656.0,0.7448893473368342,29.257513597149288,0.6,18.58305363561984,18.6,42306.878876531206,0.0787901221511289,27.663165791447863,0.23443360840210054,6.202902288072018,18.168346774193548,0.6262548661300559,-0.35806387442670634,0.9843187405567622,-0.2789489190255008,0.9052037851555567,3,3
29025,23,1,0,,,0.0,9039.0,0.2759154773758159,24.348014160858504,0.0,17.20100001250138,11.5,52825.5677396327,0.0321446509291813,25.445292620865143,1.1063170704723975,,,-0.675836113541607,-0.22442593880982004,-0.45141017473178696,0.8888352259395207,-1.5646713394811278,3,1
29027,80,0,1,167566.0,264252.0,0.0125,44889.0,0.6191717347234289,25.824431375169862,0.0,15.667573668493395,13.0,60349.97042394925,0.032846888814945,17.82173806500479,0.0,3.7328967007507408,5.886787408942057,-0.10366476721968927,-0.8776053826239316,0.7739406154042423,-0.7392454361446669,0.6355806689249776,3,3
29029,94,1,2,60603.0,81096.0,0.02127659574468085,45466.0,0.42559275062684204,29.230849425944662,0.0,15.668832972484932,10.9,56682.63230763213,0.0473435834982493,20.67478995293186,0.21994457396736022,1.332930101614393,1.7836625170457046,-0.19079392880169607,-1.1260783694842669,0.9352844406825708,-0.3047529211068651,0.11395899230516901,3,3
29031,187,1,4,1865865.0,2724009.0,0.0213903743315508,78491.0,0.726261609611293,27.53687683938286,0.3125,16.668921174121873,12.6,56951.853082645,0.045218308267845,23.82438750939598,0.12740314176147582,23.77170631027761,34.7047304786536,0.11409976069421714,-0.04625092497384242,0.16035068566805954,-0.4771651239110009,0.5912648846052181,3,3
29033,32,1,0,,,0.0,8781.0,0.7500284705614395,25.320783509850813,0.0,17.28262063170482,12.9,53875.952731907346,0.0669585372134947,36.44231864252363,1.1388224575788635,,,-0.004922394835772097,0.35727047127740774,-0.36219286611317986,0.9223052420653102,-0.9272276369010822,3,1
29035,23,0,0,,,0.0,6147.0,0.6149341142020498,30.06207906295754,0.0,17.47385092825769,19.4,41898.8080167676,0.0423794712286158,37.41662599642102,0.0,,,0.5932559772842683,0.4002444452127185,0.19301153207154975,-0.7392454361446669,1.3325014134289352,3,1
29037,217,0,4,488778.0,134006.0,0.018433179723502304,103597.0,0.67998108053322,25.905295520140545,0.0,13.501161515323803,7.0,73593.7246908228,0.0376838063999105,20.94655250634671,0.0,4.718070986611582,1.2935316659748834,-0.39713019888405904,-0.9551545205676016,0.5580243216835425,-0.7392454361446669,0.34211523726060783,3,3
29039,28,0,0,,,0.0,14043.0,0.7766858933276365,31.50772626931567,0.0,16.401976609983624,15.0,41723.920505440336,0.0698847262247838,19.938759524318165,0.0,,,0.6070922364966215,-0.6150015138003904,1.2220937502970117,-0.7392454361446669,1.3463376726412883,3,1
29041,35,0,1,144945.0,1855.0,0.02857142857142857,7483.0,0.31858880128290795,25.32527061339035,0.0,15.964803034210878,10.4,49538.742450991245,0.0343642611683848,46.772684752104766,0.0,19.369905118268075,0.24789522918615528,-0.6246392307564905,-0.35147609721819356,-0.27316313353829696,-0.7392454361446669,0.11460620538817634,3,3
29043,122,0,3,300419.0,544307.0,0.02459016393442623,85658.0,0.4720399729155479,27.425083471479603,0.0,14.300073014697984,7.4,64279.10984510173,0.0343413392415207,14.242686030493358,0.0,3.507191389012118,6.354421069835859,-0.4864210311785084,-0.9938509035903579,0.5074298724118496,-0.7392454361446669,0.2528244049661585,3,3
29045,18,1,0,,,0.0,6779.0,0.2751143236465555,24.50287653046172,0.0,17.109350020652013,14.5,51839.83813033359,0.0339296730413325,26.55258887741555,1.475143826523086,,,-0.48263402339584177,-0.15580756112860147,-0.3268264622672403,1.2414847890211085,-1.7241188124169502,3,1
29047,400,6,16,2625097.0,3603156.0,0.04,242516.0,0.8200531098979037,25.159780797967972,0.045454545454545456,13.684771682569396,7.8,74735.26317384983,0.0390479118703552,16.493757112932755,0.2474063566939913,10.82442807897211,14.857394976001583,-0.25138934380533356,-0.5581586178960464,0.3067692740907128,-0.25610102195568074,0.004711678150347176,3,3
29049,59,3,0,,,0.0,20500.0,0.2498048780487805,24.25999024390244,0.0,14.729666625902437,9.7,66458.31422867051,0.0425299890948745,28.78048780487805,1.4634146341463414,,,-0.8202306697086442,-0.025730287390048776,-0.7945003823185954,1.2311034640243212,-2.0513341337329654,3,1
29051,277,4,13,2710355.0,5120356.0,0.04693140794223827,76723.0,0.7751391368950641,22.523274637331696,0.06666666666666667,14.660153636145614,9.4,63665.4136689897,0.035750923266311,36.10390626018273,0.5213560470784511,35.32649922448288,66.73821409486074,-0.3966576919874496,0.38296889195649064,-0.7796265839439402,0.17780176599007805,-0.5744594579775276,3,3
29053,66,3,4,795639.0,590047.0,0.06060606060606061,17660.0,0.8544733861834655,23.938697621744055,0.0,16.9881834313137,10.2,55895.10854450391,0.0420491193252294,37.37259343148358,1.6987542468856172,45.05317100792752,33.41149490373726,-0.15777360763920958,0.3281569817940454,-0.48593058943325496,1.4305139695675912,-1.5882875772068008,3,3
29055,57,0,3,278310.0,657279.0,0.05263157894736842,24154.0,0.19760702161132732,28.27909248985675,0.5,18.792421712097376,14.7,47100.91653552034,0.0965968338231112,23.59857580524965,0.0,11.522315144489525,27.212014573155585,-0.27664339354590955,-0.24766008589088687,-0.02898330765502269,-0.7392454361446669,0.4626020425987573,3,3
29057,30,0,1,697095.0,826287.0,0.03333333333333333,7578.0,0.5882818685669042,27.917577197149647,0.0,17.161666293745053,14.2,42819.88224309118,0.0985790408525754,39.5882818685669,0.0,91.9893111638955,109.03760886777513,0.08992529547078264,0.733517799489405,-0.6435925040186223,-0.7392454361446669,0.8291707316154495,3,3
29059,32,0,0,,,0.0,16617.0,0.5850634891978095,27.276048624902206,0.3333333333333333,16.982254054943734,15.9,46151.224352797755,0.0354664610639938,19.25738701329963,0.0,,,0.14274816294849788,-0.6703441791216433,0.8130923420701412,-0.7392454361446669,0.8819935990931648,3,1
29061,35,0,0,,,0.0,8295.0,0.42013261000602775,24.46847498493068,0.0,16.181854414707654,12.8,54775.82847200944,0.0269378779549202,42.19409282700422,0.0,,,-0.4314360205971041,0.5963273624484154,-1.0277633830455195,-0.7392454361446669,0.30780941554756275,3,1
29063,32,0,0,,,0.0,12526.0,0.31366757145138113,23.06892862845282,0.0,14.695598570333706,11.6,59268.84762665345,0.0218506131549609,25.546862525946032,0.0,,,-0.7229270519942467,-0.2180131572595494,-0.5049138947346973,-0.7392454361446669,0.016318384150420195,3,1
29065,33,1,2,30745.0,639403.0,0.06060606060606061,15545.0,1.0,33.15015760694757,0.0,17.78237473380508,17.5,44622.81349622859,0.0537091988130563,21.22869089739466,0.643293663557414,1.9778063686072693,41.13238983596012,1.1223157178545509,-0.5499021896078823,1.672217907462433,0.34630614039470375,0.7760095774598471,3,3
29067,25,0,0,,,0.0,13306.0,1.0,32.50348714865474,0.3333333333333333,18.279732181572225,16.3,39667.66734195618,0.0582010582010582,18.788516458740418,0.0,,,1.0016631919010097,-0.7095190126394328,1.7111822045404426,-0.7392454361446669,1.7409086280456765,3,1
29069,74,0,3,564898.0,888424.0,0.04054054054054054,30027.0,0.42518400106570753,31.336280680720684,0.7,19.39842339424518,23.0,38560.04643688352,0.0682582919403941,24.644486628700836,0.0,18.813001631864655,29.58750457921204,0.7004740401382974,-0.10689682167726693,0.8073708618155643,-0.7392454361446669,1.4397194762829644,3,3
29071,191,0,6,623203.0,1407455.0,0.031413612565445025,103191.0,0.29705109941758484,24.14387398125805,0.058823529411764705,16.04125378667713,9.8,60642.50953380576,0.0442020447721485,18.50936612689091,0.0,6.039315444176333,13.639319320483375,-0.7714554843239171,-0.6280796823303049,-0.14337580199361222,-0.7392454361446669,-0.03221004817925022,3,3
29073,39,1,4,575101.0,1000042.0,0.10256410256410256,14711.0,0.19060566922710898,21.632023655767792,0.0,16.230197436544085,10.5,58173.94581331369,0.02730044345898,26.510774250560807,0.679763442322072,39.093263544286586,67.97919923866495,-1.029073984739917,0.24157812816103116,-1.2706521129009483,0.3942791341799008,-1.4233531189198179,3,3
29075,40,0,2,184351.0,533134.0,0.05,6616.0,0.5414147521160823,19.963029020556228,0.0,16.31583607617896,14.5,50653.78282624143,0.0384371029224904,60.45949214026602,0.0,27.864419588875453,80.58252720677146,-0.5279229635907966,0.6477827865679394,-1.175705750158736,-0.7392454361446669,0.21132247255387027,3,3
29077,638,6,22,9309680.0,13314096.0,0.034482758620689655,289756.0,0.7746793854139344,29.167403263435443,0.24193548387096775,15.847613408384982,14.1,48847.6718001708,0.0384652562969509,22.018525932163612,0.20707077679150734,32.12937782133933,45.94933668327835,0.37791236155382224,0.027690979159193163,0.3502213823946291,-0.32793873112335487,0.705851092677177,3,3
29079,31,0,1,11190.0,516551.0,0.03225806451612903,9992.0,1.0,22.543795036028826,0.25,16.98706823228583,16.0,48326.18903912224,0.0328731097961867,31.024819855884708,0.0,1.1198959167333866,51.69645716573259,0.25055965398554764,-0.38036987397425626,0.630929527959804,-0.7392454361446669,0.9898050901302144,3,3
29081,36,0,0,,,0.0,8491.0,0.7310093039689083,22.2717230008244,0.0,16.770864797785894,16.2,45488.7716583763,0.0403693931398416,42.39783299964668,0.0,,,-0.04895201324415351,0.6041994972548925,-0.6531515104990461,-0.7392454361446669,0.6902934229005133,3,1
29083,57,0,0,,,0.0,21735.0,0.8302737520128824,26.496089256958822,0.16666666666666666,17.426552675178282,16.3,48539.233825648174,0.060108153078203,26.224982746721878,0.0,,,0.37560086082903316,-0.17581755119119177,0.5514184120202249,-0.7392454361446669,1.1148462969737,3,1
29085,27,1,0,,,0.0,9404.0,0.0,30.7392492556359,0.0,18.074673975435985,17.5,36230.332801142176,0.0638235294117647,28.711186729051466,1.0633772862611655,,,-0.13939550834094264,-0.029627700391706636,-0.109767807949236,0.8438204545250236,-0.9832159628659662,3,1
29087,29,0,2,15838.0,10593.0,0.06896551724137931,4432.0,0.3928249097472924,17.752233754512634,0.0,16.1113042166065,12.2,52491.691581644285,0.0326139088729016,65.4332129963899,0.0,3.5735559566787005,2.390117328519856,-0.9917636385766903,-0.3143958567807719,-0.6773677817959183,-0.7392454361446669,-0.2525182024320234,3,3
29089,34,1,3,408510.0,222995.0,0.08823529411764706,10058.0,0.3627957844501889,24.687005368860603,0.0,17.38442972539272,12.0,55858.01119361631,0.0442113921447666,33.80393716444621,0.9942334460131238,40.61543050308212,22.170908729369657,-0.5262413600183388,0.1772148983408187,-0.7034562583591575,0.769328525906903,-1.2955698859252418,3,3
29091,80,0,0,,,0.0,40104.0,0.5395471773389188,25.420678735288252,0.25,17.875931610612408,16.7,40655.516799877434,0.0412533551172832,19.948134849391582,0.0,,,0.005589238312187346,-0.6142526538054708,0.6198418921176582,-0.7392454361446669,0.7448346744568543,3,1
29093,23,0,0,,,0.0,10164.0,0.47609208972845335,29.53006690279417,0.5,18.68152862081858,19.0,39678.266585066915,0.0640900195694716,22.6288862652499,0.0,,,0.37920497746772464,-0.4128049515395656,0.7920099290072902,-0.7392454361446669,1.1184504136123916,3,1
29095,2534,8,42,15301498.0,20915492.0,0.016574585635359115,696216.0,0.8402148183896951,28.237682414652927,0.36180904522613067,16.973940536613636,12.0,58437.866966771195,0.0444306815887549,36.39675043377343,0.11490686798349938,21.978090132947248,30.041670975674215,0.25269126774539014,0.13931182214294585,0.11337944560244428,-0.5015249078710471,0.7542161756164372,3,3
29097,273,1,18,2732330.0,3195321.0,0.06593406593406594,119920.0,0.7441544362908605,26.808614909939962,0.36363636363636365,18.029967979853236,15.5,51254.75991062057,0.0529975978901748,22.765176784523014,0.08338892595063375,22.784606404269514,26.6454386257505,0.2565023911376453,-0.12743917413035527,0.38394156526800055,-0.5641986382121386,0.8207010293497838,3,3
29099,255,2,11,922097.0,1917075.0,0.043137254901960784,223951.0,0.6076909681135606,28.60762756138619,0.023809523809523808,15.034755872936493,9.2,69376.2858570581,0.0529816474894511,11.386419350661528,0.08930524980911003,4.117405146661547,8.56024308888998,-0.1427150627045105,-1.0322020327241472,0.8894869700196367,-0.5522961304659959,0.4095810677614854,3,3
29101,124,2,1,690284.0,239917.0,0.008064516129032258,53682.0,0.9046421519317462,27.711780485078798,0.0,14.826082907138332,13.6,58585.196446010516,0.0480528262858506,23.098990350583062,0.37256436049327524,12.858760850937,4.469226183823255,0.38128210401091195,-0.542969572275679,0.9242516762865909,-0.047134392433145704,0.42841649644405766,3,3
29103,17,1,1,116683.0,800325.0,0.058823529411764705,3947.0,0.4851786166708893,20.256321256650622,0.0,16.970245221180647,16.6,42396.972442972525,0.068533969010727,43.070686597415765,2.533569799847986,29.56245249556625,202.7679250063339,-0.43944702312617684,0.6461027722284161,-1.085549795354593,2.019550754641262,-2.458997777767439,3,3
29105,67,0,3,385542.0,149458.0,0.04477611940298507,35531.0,1.0,20.838054093608395,0.16666666666666666,17.39927299431482,17.0,50088.84316843881,0.0642762123594146,18.85677295882469,0.0,10.850862627001773,4.206411302806,0.18594292605247112,-0.6950846714659882,0.8810275975184593,-0.7392454361446669,0.925188362197138,3,3
29107,96,0,3,391041.0,870081.0,0.03125,32597.0,0.22600239285823848,23.36377273982268,0.0,15.862202264686932,11.2,62287.512064593095,0.0280860134160867,29.45056293523944,0.0,11.996226646623922,26.6920575513084,-0.8206459377136232,-0.12383609160888535,-0.6968098461047378,-0.7392454361446669,-0.08140050156895628,3,3
29109,79,2,2,100956.0,182173.0,0.02531645569620253,38204.0,0.5184012145325096,25.974628311171603,0.2857142857142857,17.951459141922307,14.9,47423.13352608693,0.0614180174219869,20.67846298816878,0.5235053921055387,2.642550518270338,4.768427389802115,-0.08618555709590747,-0.8903786973837038,0.8041931402877963,0.1808872459865686,-0.26707280308247605,3,3
29111,37,0,2,163851.0,1175450.0,0.05405405405405406,9955.0,0.4873932697137117,24.49978905072828,0.0,16.064169379909597,15.3,48743.79921768552,0.0275800711743772,37.167252636865896,0.0,16.459166248116524,118.0763435459568,-0.2039701118321727,0.34053303154307674,-0.5445031433752494,-0.7392454361446669,0.5352753243124941,3,3
29113,87,1,0,,,0.0,56477.0,0.2695787665775448,26.218134815942776,0.0,15.158863685907537,8.4,68042.90107372662,0.0376999101527403,15.404500947288277,0.17706322927917562,,,-0.7338684897817344,-1.0232593577829818,0.28939086800124747,-0.38295698906722764,-0.3509115007145067,3,1
29115,46,0,0,,,0.0,12113.0,0.4133575497399488,21.24663584578552,0.0,14.822749440601008,15.3,48682.32360764321,0.0192240475358266,37.975728556096755,0.0,,,-0.5236158375567805,0.4244153788629274,-0.948031216419708,-0.7392454361446669,0.21562959858788633,3,1
29117,48,2,2,68364.0,136343.0,0.041666666666666664,15126.0,0.5218167393891313,24.11546344043369,0.0,15.214331955176517,13.9,49807.963226004125,0.0188478492172062,31.733439111463706,1.322226629644321,4.519635065450218,9.013817268279784,-0.2801717318744455,-0.4647522003191961,0.18458046844475062,1.1021099808862889,-1.3822817127607343,3,3
29119,52,0,0,,,0.0,22782.0,0.25520147484856465,24.344350803265737,0.0,17.940327091782986,18.2,44138.42808606763,0.0424619781565785,22.82503731015714,0.0,,,-0.2905898071781309,-0.3989752304102724,0.10838542323214151,-0.7392454361446669,0.448655628966536,3,1
29121,45,0,1,457404.0,338025.0,0.022222222222222223,15199.0,0.5987893940390815,23.633804855582603,0.0,16.890157492532403,12.5,45307.524601182595,0.0524903071875932,29.60721100072373,0.0,30.094348312388973,22.23994999671031,-0.31739836102736824,0.04104930626639471,-0.35844766729376293,-0.7392454361446669,0.42184707511729863,3,3
29123,37,1,1,127432.0,407554.0,0.02702702702702703,12179.0,0.7248542573281879,26.950816980047623,0.3333333333333333,18.037718408572132,16.0,46250.857238038734,0.0432039762951634,30.38016257492405,0.8210854749979474,10.463256424993842,33.46366696773134,0.2764841480393437,-0.09422013803281758,0.37070428607216127,0.570824628460594,-0.29434048042125033,3,3
29125,26,1,2,185477.0,727701.0,0.07692307692307693,8803.0,0.0,26.980290809951153,0.3333333333333333,18.417544657048733,11.8,50419.53955349401,0.0600300150075037,29.535385663978186,1.1359763716914688,21.069748949221857,82.66511416562535,-0.7630647342525366,0.2025138317263806,-0.9655785659789172,0.9193950848964746,-1.6824598191490112,3,3
29127,84,1,4,230152.0,422693.0,0.047619047619047616,28608.0,0.7410514541387024,24.022353887024607,0.0,15.532341067987975,12.4,51707.347591449296,0.0457439800922198,29.36241610738255,0.3495525727069351,8.045022371364654,14.775342561521253,-0.1406410030069276,-0.3115003435086408,0.1708593405017132,-0.08408639584531119,-0.05655460716161642,3,3
29129,16,1,1,14367.0,287518.0,0.0625,3644.0,1.0,21.243880351262348,0.0,15.736453818331503,12.8,50132.300065192874,0.0250145433391506,43.90779363336993,2.7442371020856204,3.9426454445664105,78.90175631174533,-0.039942695112648474,0.07493077925786303,-0.1148734743705115,2.1461123697621516,-2.1860550648748003,3,3
29131,41,0,0,,,0.0,25201.0,0.4385937065989445,26.083381611840803,0.0,16.92576803027658,14.4,49997.68967768643,0.04914618908788,16.26919566683862,0.0,,,-0.1951660386929381,-0.9373263632352764,0.7421603245423383,-0.7392454361446669,0.5440793974517287,3,1
29133,28,1,1,0.0,0.0,0.03571428571428571,13574.0,0.5943715927508472,34.93526594960955,0.75,19.323841340209228,20.5,37475.74386665449,0.0893866020984665,20.62767054663327,0.7367025195226167,0.0,0.0,0.9965108689232216,-1.5076918786221996,2.5042027475454214,0.46713383866302877,0.5293770302601928,3,3
29135,40,0,3,165407.0,389437.0,0.075,16046.0,0.7904773775395737,26.203496198429516,0.0,16.316399280693012,10.2,61486.20928542091,0.0427350427350427,24.928331048236323,0.0,10.308301134239063,24.27003614608002,-0.06052122672523988,-0.26164489290501103,0.20112366617977115,-0.7392454361446669,0.678724209419427,3,3
29137,34,1,1,137716.0,27843.0,0.029411764705882353,8629.0,0.2741916792212307,20.4689303511415,0.0,16.54513832900684,12.3,46600.632260693266,0.0228658536585365,39.40201645613629,1.1588828369451847,15.959670877274307,3.226677482906478,-0.9144153426243831,-0.2579069133278356,-0.6565084292965475,0.9427080398311034,-1.8571233824554865,3,3
29139,28,1,1,193418.0,8380.0,0.03571428571428571,11487.0,0.5202402716113868,25.611656655349528,0.0,16.4816176557848,14.7,49558.881012901664,0.0380629357452421,24.375380865326022,0.8705493166187865,16.837990772177243,0.729520327326543,-0.12307735710856911,-0.6729268089641844,0.5498494518556153,0.6293951599083674,-0.7524725170169365,3,3
29141,46,1,2,80457.0,350252.0,0.043478260869565216,20271.0,0.326624241527305,26.734181836120566,0.0,17.857579377435744,14.9,41340.22790483144,0.0409697912615065,22.692516402742836,0.49331557397267034,3.9690691135119134,17.278476641507574,-0.23824434211252968,-0.5560340122402644,0.31778967012773474,0.13714415003028005,-0.3753884921428097,3,3
29143,34,0,0,,,0.0,17560.0,0.36338268792710704,28.05623576309795,0.8333333333333334,19.285283215489745,19.9,40996.81242804336,0.0635846175204775,19.362186788154897,0.0,,,0.20335038952857154,-0.6617120406011529,0.8650624301297244,-0.7392454361446669,0.9425958256732384,3,1
29145,140,3,2,664420.0,955860.0,0.014285714285714285,58180.0,0.37574767961498795,24.754845307665867,0.3333333333333333,18.167080621295977,13.0,53857.93401861908,0.038450471189123,24.06325197662427,0.5156411137848058,11.420075627363355,16.42935716741148,-0.44631373825319404,-0.3290287044111411,-0.11728503384205291,0.16957647345699636,-0.6158902117101904,3,3
29147,57,0,4,315430.0,1671711.0,0.07017543859649122,22359.0,1.0,26.02661568048661,0.0,15.46525513980947,15.1,46882.57212743902,0.0289422908261708,25.493090030860053,0.0,14.107518225323137,74.76680531329666,0.4520234260761644,0.02018293249689,0.4318404935792744,-0.7392454361446669,1.1912688622208312,3,3
29149,34,1,1,245641.0,143763.0,0.029411764705882353,10647.0,0.6046773739081431,34.78740490278952,0.3333333333333333,18.080393754578754,18.9,35614.516776408,0.0349429750060664,31.933878087724242,0.9392317084624777,23.071381609843147,13.502676810369119,0.8993787551959184,-0.06334794254455776,0.9627266977404761,0.7082042862134569,0.1911744689824615,3,3
29151,33,0,4,180054.0,1137087.0,0.12121212121212122,13615.0,0.5071612192434815,22.86607418288652,0.0,14.896415370326846,10.5,65383.55097724116,0.0198340132226754,24.237972824091074,0.0,13.224678663239075,83.5172236503856,-0.5950260277423497,9.447288271965022e-05,-0.5951205006250694,-0.7392454361446669,0.14421940840231717,3,3
29153,28,0,0,,,0.0,9207.0,1.0,29.38325187357445,0.5,19.035070448028673,20.2,33861.401965891084,0.0564590365142681,30.41164331486912,0.0,,,1.0095545096060956,0.06347593205321388,0.9460785775528817,-0.7392454361446669,1.7487999457507626,3,1
29155,38,0,0,,,0.0,16663.0,0.5365180339674729,28.730372681990033,0.8333333333333334,19.742229308467863,27.4,35887.97724866517,0.0788692800249882,22.80501710376283,0.0,,,0.8973769408214597,-0.4003815367941756,1.2977584776156352,-0.7392454361446669,1.6366223769661266,3,1
29157,49,0,2,560662.0,358933.0,0.04081632653061224,19191.0,0.6164347871398052,28.760549215778227,0.2,16.629651969360637,10.0,59210.55178954436,0.0394642674573152,25.532801834193112,0.0,29.214840289719138,18.703194205617216,-0.07326839746754922,-0.07585894272467787,0.0025905452571286514,-0.7392454361446669,0.6659770386771177,3,3
29159,97,1,4,455236.0,1153584.0,0.041237113402061855,42355.0,0.6611498052178019,28.027373391571242,0.2727272727272727,17.50870243994806,14.0,48922.92642625708,0.0598862664183986,22.901664502420022,0.23609963404556725,10.748105300436784,27.236076024082163,0.16483760062813765,-0.27777604652080984,0.44261364714894746,-0.27600127451418655,0.4408388751423242,3,3
29161,116,2,10,2863400.0,4766874.0,0.08620689655172414,44630.0,0.5613488684741206,29.66493838225409,0.0,16.643571629150795,15.8,46799.89803117523,0.0515059792586711,25.99148554783778,0.44812906116961687,64.15863768765405,106.80873851669281,0.28671975520239756,0.4228010981138106,-0.13608134291141305,0.06999100217159548,0.21672875303080208,3,3
29163,66,0,2,315689.0,572396.0,0.030303030303030304,18455.0,1.0,23.67175291248984,0.0,16.96522599214305,14.6,49164.589169182014,0.0486570650058388,35.76266594418857,0.0,17.105879165537793,31.015768084529938,0.24830620083917102,0.08234323693047034,0.1659629639087007,-0.7392454361446669,0.9875516369838379,3,3
29165,295,3,10,4852405.0,6439734.0,0.03389830508474576,100682.0,0.7868933870999781,25.378232454659226,0.05,13.55048807851453,6.1,85210.49514019726,0.0377415728332054,29.300172821358338,0.29796785920025426,48.19535766075366,63.96112512663634,-0.37478765078586,0.3298966309830609,-0.704684281768921,-0.1692630799812313,-0.20552457080462871,3,3
29167,77,0,2,612494.0,1370863.0,0.025974025974025976,31748.0,0.30764142623157364,27.274499181050775,0.0,16.23611350951241,14.6,48396.144043653134,0.0378294989603595,24.25349628323044,0.0,19.29236487337785,43.17950737054303,-0.2373386672135174,-0.04143660047504808,-0.19590206673846933,-0.7392454361446669,0.5019067689311495,3,3
29169,120,0,1,21628.0,30550.0,0.008333333333333333,52425.0,0.7588936576061039,24.4613104434907,0.0,14.69438353405818,11.4,56697.47124798717,0.0596253958031449,22.889842632331906,0.0,0.412551263710062,0.5827372436814496,-0.14988790876868088,-1.2893220972270552,1.1394341884583743,-0.7392454361446669,0.589357527375986,3,3
29171,10,1,0,,,0.0,4781.0,0.5898347626019661,21.073520184061913,0.0,15.38397153168793,15.3,45416.69680522325,0.0250828206341694,20.916126333403053,2.0916126333403056,,,-0.34499662609372606,-0.5386838605175827,0.1936872344238566,1.7275312530948796,-2.0725278791886055,3,1
29173,18,0,0,,,0.0,10234.0,0.38841117842485834,24.3328415086965,0.0,15.969000740570648,10.0,58695.428574362246,0.0469888761028001,17.588430721125658,0.0,,,-0.6463096104477984,-0.8141778538642881,0.16786824341648965,-0.7392454361446669,0.09293582569686842,3,1
29175,74,0,1,742368.0,160922.0,0.013513513513513514,24878.0,0.49356861484042125,27.09276067207975,0.0,15.911177320323178,13.8,50600.78661068772,0.0536594269027194,29.74515636305169,0.0,29.84034086341346,6.468446016560817,-0.09782076317501627,-0.1703563012127481,0.07253553803773184,-0.7392454361446669,0.6414246729696506,3,3
29177,58,0,2,-53071.0,8851.0,0.034482758620689655,22875.0,0.42740983606557376,23.068192349726775,0.0,15.298423461989072,9.9,65669.73054123123,0.0359971835944376,25.355191256830604,0.0,-2.3200437158469946,0.3869289617486339,-0.7031650484676053,-1.6042590187201888,0.9010939702525835,-0.7392454361446669,0.036080387677061565,3,3
29179,26,0,1,5507.0,151832.0,0.038461538461538464,6290.0,0.4298887122416534,28.763656597774244,1.0,19.42595698028617,19.8,42740.38791976061,0.054525627044711,41.33545310015898,0.0,0.875516693163752,24.138632750397456,0.32142689874220776,-0.39035327955482635,0.7117801782970341,-0.7392454361446669,1.0606723348868745,3,3
29181,34,1,0,,,0.0,13567.0,0.19923343406795901,29.103663300656006,0.0,17.386982653939707,20.5,37066.61308257981,0.0576957858563935,25.060809316724406,0.7370826269624825,,,0.13896580700702024,-0.2489260424098863,0.3878918494169066,0.46761212445341377,-0.3286463174463935,3,1
29183,507,5,27,6751404.0,8960499.0,0.05325443786982249,394290.0,0.918636029318522,26.135683887493975,0.0,13.11014724544878,5.5,90070.248106473,0.0289221309594824,12.858555885262117,0.12681021583098734,17.122939968043827,22.725656242866926,-0.21273876125786906,-0.5174393189549801,0.304700557697111,-0.4783148370519165,0.26557607579404746,3,3
29185,34,0,1,500.0,3109.0,0.029411764705882353,9370.0,0.0,23.307043756670225,0.0,17.89973408185699,18.2,41199.25797145856,0.0381842456608811,36.28601921024546,0.0,0.05336179295624333,0.33180362860192103,-0.6436341285388049,-1.138846212198011,0.4952120836592061,-0.7392454361446669,0.095611307605862,3,3
29186,28,0,0,,,0.0,17848.0,0.7701142985208427,30.438430076199012,0.0,16.0318734662147,9.6,63732.188900587375,0.0347154206116008,15.68803227252353,0.0,,,0.1924707562141773,-0.9945928947573645,1.1870636509715418,-0.7392454361446669,0.9317161923588442,3,1
29187,127,1,3,1852864.0,2409833.0,0.023622047244094488,66643.0,0.6528367570487523,27.72104797203007,0.09090909090909091,17.023071111309516,15.3,49250.44303837904,0.0501078711114204,19.056765151628827,0.15005326891046322,27.80283000465165,36.16033191783083,0.21244374566578508,-0.12404235676278767,0.33648610242857274,-0.43369219004925835,0.6461359357150435,3,3
29189,2807,13,91,27382400.0,44728604.0,0.032418952618453865,996919.0,0.9788067034533398,28.18013509623149,0.1708542713567839,15.574294131079856,9.7,71460.0970526302,0.0466463455368271,28.156750949675953,0.1304017678467358,27.467025906818908,44.866838730127526,0.25868275105138444,0.12128440594892569,0.13739834510245874,-0.47135988340003676,0.7300426344514213,3,3
29195,63,0,2,67989.0,446653.0,0.031746031746031744,22976.0,0.6777071727019499,28.51003220752089,0.0,17.172958790041783,17.6,47399.81519124329,0.0336631832054009,27.419916434540387,0.0,2.9591312674094707,19.439980849582174,0.43751633590594313,-0.48443149373197786,0.921947829637921,-0.7392454361446669,1.17676177205061,3,3
29197,21,0,0,,,0.0,4555.0,1.0,22.936663007683865,0.0,16.74810133040615,14.5,45252.408537006726,0.0391260162601626,46.10318331503842,0.0,,,0.18812895354304485,0.7412596189439192,-0.5531306654008744,-0.7392454361446669,0.9273743896877117,3,1
29199,16,0,0,,,0.0,4902.0,0.0,18.716911464708282,0.0,15.474812226030192,13.1,53086.309120156984,0.0359712230215827,32.63973888208894,0.0,,,-1.2919260770803769,0.17811684960538632,-1.470042926685763,-0.7392454361446669,-0.55268064093571,3,1
29201,73,0,1,41058.0,1659840.0,0.0136986301369863,38633.0,0.7087205239044341,26.46449408536743,0.3,18.629942737659515,15.1,46783.999166509115,0.0440714734258149,18.8957626899283,0.0,1.0627701705795563,42.96430512774053,0.16840355618390954,-0.685747436548597,0.8541509927325066,-0.7392454361446669,0.9076489923285764,3,3
29203,21,2,0,,,0.0,8217.0,0.43410003650967505,25.770609711573567,0.0,17.383376062066446,22.9,36318.306518961355,0.061056627649478,25.55677254472435,2.4339783375927952,,,0.2945295697934849,-0.21738878631926586,0.5119183561127507,1.9570686326246247,-1.6625390628311398,3,1
29205,31,2,5,812244.0,880515.0,0.16129032258064516,6013.0,0.5865624480292699,21.72127058040911,0.0,15.322214981041078,15.3,46724.64340508895,0.0205664194200944,51.55496424413771,3.3261267254282387,135.08132379843673,146.4352236820223,-0.30088325887882345,1.0172681046827627,-1.3181513635615862,2.461820560328204,-2.7627038192070277,3,3
29207,69,2,0,,,0.0,29377.0,0.2929843074514076,26.74932089730061,0.75,18.947547335909043,13.7,43522.61206133345,0.0552203467501718,23.487762535316744,0.6808047111686013,,,-0.34667712847777693,-0.35307752367114575,0.006400395193368824,0.39563349456375335,-0.7423106230415303,3,1
29209,75,1,2,167724.0,268490.0,0.02666666666666667,31615.0,0.18639886130001582,27.50625336074648,0.0,15.644043923454058,12.3,52631.601590706094,0.0641423703142749,23.722916337181715,0.31630555116242287,5.305203226316622,8.492487743159893,-0.49180301952986977,-0.6015386739085152,0.10973565437864546,-0.13860218336959151,-0.35320083616027825,3,3
29211,26,2,2,154278.0,616107.0,0.07692307692307693,6247.0,0.47462782135425,19.33270369777493,0.0,15.355966001440693,12.9,49266.341903045155,0.0200291332847778,41.619977589242836,3.2015367376340644,24.69633424043541,98.62445974067552,-0.7441477586173475,0.45503096197263176,-1.1991787205899793,2.3979548047881742,-3.1421025634055217,3,3
29213,137,1,4,1231513.0,737846.0,0.029197080291970802,55114.0,0.6460608919693726,26.482343869071382,0.0,16.40385651349929,13.6,48789.37596306171,0.0476746375447185,24.857567950067132,0.18144210182530754,22.344830714519,13.387632906339586,0.010436098743691427,-0.20656687570922663,0.21700297445291805,-0.37484158773956083,0.3852776864832523,3,3
29215,71,2,2,32621.0,2682906.0,0.028169014084507043,25604.0,0.5181221684111857,33.802226214653956,0.0,18.406505897594126,20.3,37168.36581644294,0.0747974236442967,27.730042180909233,0.7811279487580065,1.2740587408217465,104.78464302452741,0.818284719043321,-0.2950460381503708,1.1133307571936917,0.5223369906798354,0.2959477283634856,3,3
29217,80,1,1,546032.0,516453.0,0.0125,20595.0,0.7324107793153678,25.57538237436271,0.0,15.340577105559602,16.9,45869.28448605198,0.0426750216076058,38.844379703811605,0.48555474629764506,26.51284292303957,25.07662053896577,0.23827587892908964,0.18231446753078884,0.0559614113983008,0.12575630664309936,0.11251957228599027,3,3
29219,49,0,1,131042.0,3378241.0,0.02040816326530612,34453.0,0.2207064696833367,30.673807796128056,0.0,16.12543897988564,8.6,63727.94920334309,0.0448879300011986,14.222273822308653,0.0,3.803500420863205,98.05360926479551,-0.44683389133216106,-0.4945688315824468,0.04773494025028574,-0.7392454361446669,0.2924115448125058,3,3
29221,32,0,0,,,0.0,24860.0,0.6133950120675784,24.187904263877716,0.8,18.813892908769105,19.7,43968.840196295736,0.073469387755102,12.872083668543846,0.0,,,0.1776318640817356,-1.3037618408527023,1.481393704934438,-0.7392454361446669,0.9168773002264025,3,1
29223,28,0,0,,,0.0,13195.0,0.6751042061386889,31.478355437665783,0.75,19.194456782038653,22.4,36372.362658826125,0.0651092364265628,21.22015915119363,0.0,,,0.9453852437160225,-0.5156363509557946,1.4610215946718172,-0.7392454361446669,1.6846306798606894,3,1
29225,65,2,2,716365.0,589557.0,0.03076923076923077,38655.0,0.1532531367222869,23.85901694476782,0.0,16.24740135933256,12.9,53589.77316791728,0.044873371035161,16.81541844522054,0.5173974906221704,18.532272668477557,15.251765618936748,-0.7595725776434709,-0.43135195381460933,-0.3282206238288615,0.17210765836267283,-0.9316802360061437,3,3
29227,18,0,0,,,0.0,2027.0,0.0,27.5,0.0,16.300752,13.4,56790.744587361696,0.0371549893842887,88.80118401578689,0.0,,,-0.6273972421997412,1.8206923082469157,-2.448089550446657,-0.7392454361446669,0.11184819394492562,3,1
29229,63,1,1,73233.0,113742.0,0.015873015873015872,18203.0,0.5001373399989013,31.391655221666756,0.5,18.84945567065868,17.5,36859.92784192032,0.0745497696495881,34.60967972312256,0.54935999560512,4.023128055814976,6.2485304620117565,0.45091563791136213,-0.4992096180413626,0.9501252559527247,0.2176652922905793,0.23325034562078284,3,3
29510,999,4,28,68227295.0,110219215.0,0.028028028028028028,308174.0,0.7980037251682491,31.43640735428686,0.5660377358490566,18.850289323369264,,46526.437558918056,0.06959735390347,32.416751575408696,0.12979680310473954,221.39211938709948,357.65254369284884,0.8780170423585483,1.0405220815418634,-0.16250503918331516,-0.4725298340390538,1.350546876397602,2,3
30001,53,2,4,509280.0,379112.0,0.07547169811320754,9415.0,0.6053106744556559,33.45393520977164,0.0,12.961834745300054,12.9,45789.79016272141,0.0380032867707477,56.2931492299522,2.1242697822623473,54.09240573552841,40.26680828465215,0.4365965270577064,0.6256263205280919,-0.18902979347038545,1.7504960988382319,-1.3138995717805255,3,3
30003,42,1,1,14297.0,173815.0,0.023809523809523808,13387.0,0.6579517442294763,20.886374841263915,0.6,15.6486529439008,21.7,52846.76622585419,0.1200809121000367,31.37372077388511,0.7469933517591694,1.0679763950100845,12.983864943602002,0.10480231470798484,-0.6277149020235316,0.7325172167315165,0.48004590022663307,-0.3752435855186482,3,3
30005,27,1,0,,,0.0,6719.0,0.21625241851465993,18.067673760976337,0.25,15.305452665426401,20.5,43752.61563683658,0.1510010179843909,40.184551272510795,1.488316713796696,,,-0.6546103302549772,0.5166309029806717,-1.1712412332356488,1.2530854165252219,-1.907695746780199,3,1
30007,17,2,0,,,0.0,5945.0,0.6206896551724138,22.406896551724138,0.0,12.529560344827587,8.7,64225.05370523695,0.0881939564300773,28.59545836837679,3.36417157275021,,,-0.6153172791236173,-0.03615644146667763,-0.5791608376569397,2.4809564208318533,-3.0962736999554705,3,1
30009,53,3,4,1232091.0,2587705.0,0.07547169811320754,10597.0,0.21034254977823913,27.02367651222044,0.2,13.556504589506465,10.6,62224.97653023971,0.0413843618384911,50.014154949514015,2.8309899028026804,116.26790601113522,244.1922242144003,-0.6048649787331654,1.062484700860358,-1.6673496795935234,2.19617237610564,-2.8010373548388054,3,3
30011,8,0,0,,,0.0,1331.0,1.0,26.3,0.0,14.695947999999998,13.7,50876.36693156704,0.0183767228177641,60.10518407212622,0.0,,,0.38689029676750636,1.1766345417668427,-0.7897442449993364,-0.7392454361446669,1.1261357329121733,3,1
30013,209,5,5,862394.0,2446136.0,0.023923444976076555,81625.0,0.8257764165390505,28.86502297090352,0.22727272727272727,12.818132418070443,12.1,52904.0021386522,0.0385397123202001,25.604900459418072,0.6125574272588055,10.565316998468607,29.96797549770291,0.289284506188565,-0.20427531146040415,0.49355981764896917,0.3050410201712094,-0.015756513982644382,3,3
30015,31,0,0,,,0.0,5732.0,1.0,17.51095603628751,0.5,15.459757535938593,15.0,44832.67850982129,0.0268939393939393,54.08234473133287,0.0,,,-0.18064954331854502,1.0030449568729851,-1.1836945001915302,-0.7392454361446669,0.5585958928261219,3,1
30017,40,2,1,59492.0,1206434.0,0.025,11729.0,1.0,25.138511382044502,0.16666666666666666,13.099461341290818,13.6,56138.891136051,0.0260457774269928,34.103504135049874,1.705175206752494,5.072214170005968,102.85906726916191,0.2953385553966721,0.03252799275505669,0.2628105626416154,1.4357076419326682,-1.1403690865359961,3,3
30019,15,0,1,98479.0,322887.0,0.06666666666666667,1730.0,0.0,18.8,0.0,13.643104,10.7,60882.05242810855,0.0180586907449209,86.70520231213872,0.0,56.924277456647395,186.6398843930636,-1.4319532021306836,1.1571947918485066,-2.58914799397919,-0.7392454361446669,-0.6927077659860167,3,3
30021,39,1,2,277655.0,2224303.0,0.05128205128205128,9017.0,1.0,22.911700121991792,0.0,12.407104940445825,12.7,62107.324931710464,0.0179428332985604,43.25163579904624,1.1090163025396473,30.792392148164577,246.67882887878451,0.07668658409382327,0.6936557635204185,-0.6169691794265952,0.891634158391969,-0.8149475742981458,3,3
30023,36,0,0,,,0.0,9106.0,0.6457280913683285,27.014144520096643,0.3333333333333333,13.952201987261148,13.0,44326.03468912777,0.0359094457455113,39.53437294091808,0.0,,,0.012670026704923317,0.4900106937232156,-0.47734066701829225,-0.7392454361446669,0.7519154628495902,3,1
30025,15,0,3,303349.0,221932.0,0.2,2921.0,1.0,20.0,0.0,14.046988000000002,9.1,68412.81465829155,0.0113065326633165,51.352276617596715,0.0,103.85107839780898,75.97808969530982,-0.3567680267047872,0.8354933947306336,-1.1922614214354208,-0.7392454361446669,0.3824774094398797,3,3
30027,65,0,2,639345.0,1088349.0,0.03076923076923077,11221.0,1.0,22.152945370287853,0.0,14.766629147936904,11.2,53568.57468169579,0.0306248893609488,57.927100971392925,0.0,56.97754210854647,96.99215756171465,-0.0704807236509053,0.8142752818544677,-0.884756005505373,-0.7392454361446669,0.6687647124937616,3,3
30029,265,7,15,19883470.0,33282618.0,0.05660377358490566,99899.0,0.5287940820228431,27.652562087708585,0.10526315789473684,13.50650560220823,9.9,59548.667644777066,0.0346321210427561,26.52679205998058,0.7007077147919399,199.03572608334417,333.16267430104404,-0.25591372203546237,0.8955326328872069,-1.1514463549226692,0.42136094261384816,-0.6772746646493105,3,3
30031,346,2,20,2593764.0,3339467.0,0.057803468208092484,108063.0,0.4213930762610699,29.098565651518093,0.0,10.654573979613744,8.8,70375.79448240118,0.0283136472714806,32.01835966056837,0.18507722347149347,24.002331973015743,30.902964011733896,-0.3329543626319231,0.09383947149247994,-0.426793834124403,-0.3681274028651824,0.035173040233259345,3,3
30033,11,0,0,,,0.0,1036.0,1.0,19.5,0.0,13.199264,16.9,44516.82106512115,0.0,106.17760617760618,0.0,,,0.0813994651974194,2.1166050703768486,-2.035205605179429,-0.7392454361446669,0.8206449013420862,3,1
30035,36,0,1,18284.0,160681.0,0.027777777777777776,13732.0,0.724803378968832,21.328721235071367,0.25,15.249162286120011,28.0,38204.97179267362,0.0678909293266555,26.21613748907661,0.0,1.3314884940285465,11.701208855228662,0.5934581349700158,-0.7156794549254143,1.30913758989543,-0.7392454361446669,1.3327035711146826,3,3
30037,2,1,0,,,0.0,728.0,1.0,16.5,0.0,15.11346,16.4,46504.179148385505,0.0318302387267904,27.472527472527474,13.736263736263737,,,-0.16978707370929205,-0.10086516972456758,-0.06892190398472448,5.140474130247421,-5.310261203956713,3,1
30039,16,0,1,40872.0,278030.0,0.0625,3311.0,1.0,18.4,0.0,14.421918000000002,11.6,52870.084560697826,0.0336,48.32376925400181,0.0,12.344306855934763,83.97160978556327,-0.3222663205370941,0.36047138261758566,-0.6827377031546797,-0.7392454361446669,0.4169791156075728,3,3
30041,56,0,2,258139.0,665121.0,0.03571428571428571,16436.0,1.0,24.793356047700172,0.3333333333333333,14.013297805244585,19.0,52276.52694649621,0.0592044403330249,34.07155025553663,0.0,15.705706984667803,40.4673278169871,0.5987587512384366,0.08644103892969805,0.5123177123087386,-0.7392454361446669,1.3380041873831034,3,3
30043,54,1,2,965467.0,2959605.0,0.037037037037037035,11917.0,0.3289418477804817,24.3141814214987,0.0,11.735690060753546,8.5,73819.48856908163,0.0388091440723019,45.313417806494925,0.8391373667869431,81.01594360996896,248.35151464294705,-0.8035041755305428,0.9318929718385277,-1.7353971473690706,0.5923823459464035,-1.3958865214769463,3,3
30045,17,1,0,,,0.0,1954.0,1.0,15.6,1.0,15.671960000000002,13.7,46277.355345815595,0.0328042328042328,87.00102354145342,5.117707267144319,,,-0.4004176294683221,1.7868171476536374,-2.1872347771219594,3.2191342767883415,-3.6195519062566635,3,1
30047,101,0,4,3438993.0,4834480.0,0.039603960396039604,30013.0,0.20794322460267217,23.99432912404625,0.25,14.397770550794657,13.9,51755.044185447645,0.0703025775121404,33.65208409689135,0.0,114.58344717289175,161.07953220271216,-0.6294229396070349,0.766258627123963,-1.3956815667309979,-0.7392454361446669,0.10982249653763199,3,3
30049,297,1,9,4694486.0,3118151.0,0.030303030303030304,67805.0,0.5855615367598259,26.88509254479758,0.0,11.403240036767201,9.3,69733.48034989015,0.031060395212914,43.802079492662784,0.14748174913354473,69.23510065629378,45.98703635425116,-0.28736559948432266,0.5669613366491052,-0.8543269361334278,-0.43858447755082064,0.15121887806649797,3,3
30051,12,0,1,-379.0,248218.0,0.08333333333333333,2351.0,1.0,27.9,1.0,16.156355,16.5,47564.10345945981,0.0,51.04210974053594,0.0,-0.16120799659719268,105.57975329646959,0.6751161783100824,-0.17915434464893357,0.854270522959016,-0.7392454361446669,1.4143616144547493,3,3
30053,67,0,1,38880.0,,0.014925373134328358,19537.0,0.30808210062957464,29.43530736551159,0.8,15.820562635921586,15.2,42545.361846522945,0.0949417372881356,34.29390387469929,0.0,1.9900701233556841,,-0.04133298302993219,-0.5162690531081016,0.47493607007816935,-0.7392454361446669,0.6979124531147347,3,2
30055,20,0,0,,,0.0,1790.0,1.0,16.4,0.0,13.762049,14.6,52679.29818470444,0.0089171974522292,111.73184357541899,0.0,,,-0.2867506875376254,2.201126214867912,-2.4878769024055374,-0.7392454361446669,0.4524947486070415,3,1
30057,54,1,3,487679.0,1534637.0,0.05555555555555555,8302.0,0.6112984822934233,23.426102144061673,0.0,12.906998299807274,9.1,57349.324699297875,0.0247501189909566,65.04456757407854,1.2045290291496025,58.7423512406649,184.85148157070586,-0.5261501495610394,1.004134785270063,-1.5302849348311025,0.9884356231520974,-1.5145857727131369,3,3
30059,12,0,0,,,0.0,1888.0,1.0,24.1,0.0,12.1007,13.8,49399.89236624052,0.0094142259414225,63.55932203389831,0.0,,,0.23110310048713678,1.2686220620161255,-1.0375189615289888,-0.7392454361446669,0.9703485366318036,3,1
30061,16,0,0,,,0.0,4251.0,0.549282521759586,20.587273582686425,1.0,16.56098503011056,13.4,44204.14339335424,0.0706650831353919,37.638202775817454,0.0,,,-0.540440984047085,0.4098653968794855,-0.9503063809265704,-0.7392454361446669,0.1988044520975819,3,1
30063,460,10,20,4233180.0,3939789.0,0.043478260869565216,117309.0,0.6947378291520685,29.990345156808097,0.25,13.75025192052613,11.4,57301.628105299525,0.044021651435361,39.21267762916741,0.8524495136775524,36.08572232309542,33.58471217042171,0.18737425951097716,0.3068620472551961,-0.11948778774421895,0.6081446953438269,-0.4207704358328497,3,3
30065,25,0,1,19667.0,158291.0,0.04,4766.0,0.5734368443138901,29.473436844313888,1.0,15.827585063785145,16.3,45867.16463742984,0.0534704370179948,52.45488879563575,0.0,4.1265211917750735,33.212547209399915,0.31618222389949596,0.021772359017357624,0.29440986488213833,-0.7392454361446669,1.0554276600441628,3,3
30067,85,2,3,9294837.0,11676431.0,0.03529411764705882,16352.0,0.9113869863013698,25.87671844422701,0.0,12.719669210799903,11.3,56248.063340091656,0.0204454597372929,51.98140900195695,1.223091976516634,568.4220278864971,714.0674535225049,0.11351984690113609,1.6363455840743697,-1.5228257371732337,1.0067614297565677,-0.8932415828554316,3,3
30069,3,0,0,,,0.0,453.0,1.0,31.3,0.0,13.598732,13.0,54321.120942558555,0.0387931034482758,66.2251655629139,0.0,,,0.7121667985008786,1.336311679764218,-0.6241448812633394,-0.7392454361446669,1.4514122346455456,3,1
30071,26,2,0,,,0.0,4077.0,1.0,20.3,0.0,14.832202,16.8,48981.222263366166,0.0701298701298701,63.77238165317636,4.905567819475104,,,0.13417440944693335,1.2741338054173152,-1.139959395970382,3.142003486051644,-3.0078290766047107,3,1
30073,37,0,2,78996.0,200559.0,0.05405405405405406,5994.0,0.37120453787120455,26.045545545545547,0.5,15.847815253420086,19.3,54216.1884357622,0.0659620991253644,61.72839506172839,0.0,13.17917917917918,33.45995995995996,0.027349601005564078,0.33946375940979073,-0.3121141584042266,-0.7392454361446669,0.7665950371502309,3,3
30075,16,1,0,,,0.0,1607.0,1.0,19.0,0.0,13.097356,11.7,57688.50047884165,0.0011389521640091,99.56440572495333,6.222775357809583,,,-0.27202901275575164,2.0100616658071524,-2.282090678562904,3.5820433813998314,-3.8540723941555832,3,1
30077,25,0,1,130257.0,25261.0,0.04,6854.0,0.19112926758097462,24.016370002918006,0.0,13.333915751677852,16.8,57942.88231349948,0.0065535851966075,36.47505106507149,0.0,19.00452290633207,3.6855850598190836,-0.46944601973606964,-0.24371996785201935,-0.2257260518840503,-0.7392454361446669,0.2697994164085972,3,3
30079,8,1,0,,,0.0,1252.0,1.0,36.3,0.0,14.956838999999999,13.4,46239.19807061692,0.0484949832775919,63.897763578274756,7.987220447284344,,,1.1044244976835518,1.2773689040166538,-0.17294440633310204,4.059719326045383,-2.955294828361831,3,1
30081,141,2,7,1155654.0,904441.0,0.04964539007092199,42512.0,0.023075837410613472,28.702340515619117,0.2,14.57900847826496,10.7,56233.224399736624,0.0531019432609373,33.167105758374106,0.4704554008280015,27.184183289424162,21.274957659013925,-0.6783157010414995,0.07254091937135908,-0.7508566204128586,0.10342880968682129,-0.7817445107283209,3,3
30083,50,0,2,216715.0,989796.0,0.04,11199.0,1.0,22.18392713635146,0.0,12.747859594606663,9.5,71232.21332574921,0.0225210628645495,44.64684346816681,0.0,19.351281364407537,88.38253415483526,-0.17171747578455518,0.42095642947078044,-0.5926739052553356,-0.7392454361446669,0.5675279603601117,3,3
30085,21,2,0,,,0.0,11175.0,0.5431767337807606,18.476706935123044,0.6666666666666666,16.464414190961968,24.3,45782.37069254389,0.1195899772209567,18.79194630872483,1.789709172259508,,,-0.03863468774707246,-0.7092290869433273,0.6705943991962549,1.5029574438104,-1.5415921315574725,3,1
30087,31,1,0,,,0.0,9152.0,0.5039335664335665,15.511003059440561,0.25,14.118231767482518,20.2,61467.130647821585,0.0659680876399142,33.87237762237762,1.0926573426573427,,,-0.5490609036596844,0.2383184095721095,-0.7873793132317939,0.8746157231824309,-1.4236766268421153,3,1
30089,43,1,2,201788.0,1144352.0,0.046511627906976744,11681.0,0.5182775447307594,36.066886396712604,1.0,16.03159512678709,14.5,43269.290150986686,0.055152713689299,36.81191678794624,0.856091088091773,17.274890848386267,97.96695488399966,0.6319137134306065,0.31095350304843744,0.3209602103821691,0.6124368004729254,0.01947691295768117,3,3
30091,31,0,1,265219.0,377250.0,0.03225806451612903,3483.0,0.3327591157048521,23.802239448751077,0.5,14.282767340798163,11.9,58848.057675156946,0.0208676551345414,89.00373241458513,0.0,76.14671260407694,108.3118001722653,-0.6300010406491395,1.1346565690822612,-1.7646576097314006,-0.7392454361446669,0.10924439549552734,3,3
30093,116,0,2,670068.0,985019.0,0.017241379310344827,34770.0,0.7506471095772217,28.932608570606845,0.25,14.172100896347427,15.8,48457.619653695445,0.0456276026174895,33.36209375898763,0.0,19.27144089732528,28.32956571757262,0.4380939368975553,0.05353933637291811,0.3845546005246372,-0.7392454361446669,1.1773393730422221,3,3
30095,36,1,1,338226.0,4513.0,0.027777777777777776,9466.0,0.5470103528417494,22.884217198394257,0.0,14.863510155081345,8.3,68518.80708939898,0.0331396599956961,38.03084724276358,1.0564124234100993,35.730614832030426,0.4767589266849778,-0.6844443969429254,-0.3010862399135481,-0.38335815702937726,0.8364308364223749,-1.5208752333653002,3,3
30097,20,1,2,178797.0,425593.0,0.1,3670.0,1.0,18.6,0.0,12.353441,10.0,52875.38418225319,0.0082304526748971,54.49591280653951,2.7247956403269757,48.71852861035423,115.96539509536785,-0.4049774808225785,0.7795778342546172,-1.1845553150771957,2.134734797740877,-2.539712278563455,3,3
30099,36,1,0,,,0.0,6086.0,0.6330923430824844,27.164640157739072,0.3333333333333333,14.564978446270128,13.3,58295.83710908723,0.0171258376768428,59.152152481104174,1.6431153466973383,,,0.02830997611397518,1.1503378773067052,-1.12202790119273,1.3849852935739226,-1.3566753174599475,3,1
30101,20,0,1,6000.0,58348.0,0.05,4892.0,0.3497547015535568,19.471668029435815,0.3333333333333333,13.107938290474243,17.0,53760.42098200024,0.0201432408236347,40.883074407195416,0.0,1.2264922322158627,11.927228127555193,-0.6196674887954695,-0.4822963030174507,-0.13737118577801882,-0.7392454361446669,0.11957794734919736,3,3
30103,1,0,0,,,0.0,668.0,1.0,20.0,0.0,14.209643,12.6,45626.56181881597,0.0,14.970059880239521,0.0,,,-0.14364603482064706,-1.0681592714992187,0.9245132366785717,-0.7392454361446669,0.5955994013240198,3,1
30105,39,0,1,207391.0,351252.0,0.02564102564102564,7471.0,1.0,21.40298487484942,0.3333333333333333,14.406018330343995,15.4,56347.69622533264,0.0517739816031537,52.20184714228349,0.0,27.75946995047517,47.01539285236247,0.13008343834628477,0.46747764486843835,-0.3373942065221536,-0.7392454361446669,0.8693288744909516,3,3
30107,10,0,0,,,0.0,2142.0,1.0,14.2,1.0,16.054729,18.5,42031.29855565189,0.0317622950819672,46.68534080298786,0.0,,,-0.2111482926295,0.7618082378182736,-0.9729565304477735,-0.7392454361446669,0.5280971435151669,3,1
30109,7,0,0,,,0.0,1122.0,1.0,15.699999999999998,0.0,14.355287,12.7,57191.395976947795,0.0017921146953405,62.38859180035651,0.0,,,-0.4539516091473011,1.2380074898024642,-1.6919590989497653,-0.7392454361446669,0.2852938269973658,3,1
30111,353,3,14,1552845.0,2451467.0,0.039660056657223795,159008.0,0.7802814952706782,29.305241874622656,0.09375,12.565204050984855,9.9,64935.20299365673,0.0327671494129566,22.200140873415176,0.18866975246528478,9.765829392231838,15.417255735560476,0.13838261934161103,-0.41519138364794356,0.5535740029895546,-0.36151209212143426,0.4998947114630453,3,3
31001,82,1,2,323570.0,304677.0,0.024390243902439025,31587.0,0.7999810048437649,25.675005540253903,0.3333333333333333,15.341092637794029,11.9,56200.366746093314,0.0247771288041807,25.960046854718716,0.31658593725266726,10.243771171684553,9.64564536043309,0.014413668187827947,-0.40266909629146214,0.4170827644792901,-0.138136696359268,0.15255036454709595,3,3
31003,28,0,0,,,0.0,6341.0,0.3001103926825422,22.67683330704936,0.0,13.799976616779688,10.6,52902.94221434112,0.0224855666970525,44.15707301687431,0.0,,,-0.8273697619747163,0.6706750659864285,-1.4980448279611447,-0.7392454361446669,-0.08812432583004948,3,1
31005,1,0,0,,,0.0,427.0,1.0,28.3,0.0,13.755435,13.3,45378.539530024565,0.005,23.4192037470726,0.0,,,0.5096938577391134,-0.3577676565066034,0.8674615142457167,-0.7392454361446669,1.2489392938837802,3,1
31007,2,1,0,,,0.0,722.0,1.0,33.3,0.0,13.596900999999999,11.6,54851.08309809571,0.0050125313283208,27.700831024930746,13.850415512465373,,,0.7740783617913024,-0.08750494623802672,0.8615833080293291,5.157338599009688,-4.383260237218386,3,1
31009,2,0,0,,,0.0,477.0,1.0,12.5,0.0,12.356257,16.3,54155.77275003096,0.0,41.928721174004195,0.0,,,-0.4701969935655704,0.586018039549754,-1.0562150331153244,-0.7392454361446669,0.2690484425790965,3,1
31011,19,0,2,486671.0,859469.0,0.10526315789473684,5279.0,0.6637620761507861,17.805228262928583,0.0,12.655048514680809,9.7,58273.57869855467,0.0165932949542837,35.991665088084865,0.0,92.18999810570183,162.80905474521688,-0.8463127406022227,0.756593063146374,-1.6029058037485968,-0.7392454361446669,-0.10706730445755586,3,3
31013,29,0,0,,,0.0,10970.0,1.0,23.507730173199633,0.0,12.500996216590703,12.0,57240.152495257214,0.0501584933805705,26.43573381950775,0.0,,,0.07791818418341394,-0.16291757005487947,0.2408357542382934,-0.7392454361446669,0.8171636203280808,3,1
31015,21,1,0,,,0.0,1937.0,1.0,26.8,0.0,14.36674,12.6,50641.06373450854,0.014014014014014,108.41507485802786,5.162622612287042,,,0.35669918932922523,2.1511688388200705,-1.7944696494908452,3.235121414098673,-2.878422224769448,3,1
31017,20,1,0,,,0.0,3015.0,0.0,16.3,0.0,13.102313,11.6,45680.61795868075,0.0051216389244558,66.33499170812604,3.316749585406302,,,-1.561100854272719,1.3390424288745975,-2.900143283147316,2.457078180507391,-4.018179034780109,3,1
31019,110,1,2,2880690.0,936627.0,0.01818181818181818,49209.0,0.8527911560893332,27.290792334735514,0.0,13.677887314109206,8.1,62992.36173145751,0.0266358463726884,22.353634497754477,0.20321485907049525,58.53990123757849,19.033652380662073,-0.04082313960550794,0.00752355894651513,-0.04834669855202307,-0.33493141147770994,0.294108271872202,3,3
31021,41,1,0,,,0.0,6510.0,0.0,23.292073732718894,0.0,16.11126417465438,10.3,57451.077433161,0.0386847195357833,62.98003072196621,1.5360983102918586,,,-1.1257824072774232,1.253543626031922,-2.3793260333093453,1.294654677533757,-2.42043708481118,3,1
31023,26,0,0,,,0.0,8029.0,0.6391829617636069,20.348810561713783,0.0,14.065172553244489,8.3,62513.27594285192,0.0183678214368751,32.38261302777432,0.0,,,-0.7710558247329441,0.16528111690586514,-0.9363369416388092,-0.7392454361446669,-0.03181038858827723,3,1
31025,79,0,2,-107159.0,-217812.0,0.02531645569620253,25888.0,0.5501004326328801,24.112167799752783,0.0,14.62554957972806,6.6,76151.32205344511,0.0324475113786521,30.516069221260818,0.0,-4.139330964153276,-8.413627935723115,-0.6942573432549115,-2.0820945448088213,1.3878372015539098,-0.7392454361446669,0.04498809288975536,3,3
31027,32,1,0,,,0.0,8498.0,0.5041186161449753,20.164415156507413,0.0,12.556390034596376,8.6,65576.45720185668,0.01057630045327,37.65591903977406,1.1767474699929394,,,-0.912808524550802,0.41063226049445994,-1.3234407850452619,0.9607186478611841,-1.8735271724119862,3,1
31029,20,0,2,81513.0,454316.0,0.1,3783.0,1.0,19.3,0.0,13.755024,9.8,60425.22505003553,0.0247100353000504,52.86809410520751,0.0,21.5471847739889,120.09410520750727,-0.36564975434338703,0.5929065349078065,-0.9585562892511936,-0.7392454361446669,0.37359568180127983,3,3
31031,28,2,0,,,0.0,5779.0,1.0,22.640889427236544,0.0,13.148550621733866,11.0,60045.77214667092,0.0030413625304136,48.45128915037204,3.4608063678837166,,,-0.046756111636172513,0.8226406822618196,-0.8693967938979922,2.528821779901466,-2.5755778915376384,3,1
31033,39,0,2,682100.0,205740.0,0.05128205128205128,9604.0,1.0,23.51103706788838,0.0,12.461988378592254,12.3,57099.18256188433,0.0235112738485257,40.60807996668055,0.0,71.02249062890462,21.422324031653478,0.09642910539428089,0.39311376580303586,-0.29668466040875496,-0.7392454361446669,0.8356745415389477,3,3
31035,32,1,2,171809.0,349142.0,0.0625,6203.0,0.44655811704014187,24.51566983717556,0.0,16.104446221505725,9.6,60599.05263705171,0.0351887396033269,51.587941318716744,1.6121231662098983,27.697726906335642,56.28599064968564,-0.5941642032532252,0.4935070342915507,-1.087671237544776,1.3592073186904168,-1.9533715219436418,3,3
31037,34,0,0,,,0.0,10714.0,0.8329288781034161,18.709277580735485,0.3333333333333333,16.49562243569162,9.7,62399.864041566965,0.0214259992797983,31.734179578122085,0.0,,,-0.5963623326856528,0.13246705392497474,-0.7288293866106275,-0.7392454361446669,0.14288310345901412,3,1
31039,35,1,2,156827.0,625718.0,0.05714285714285714,8952.0,0.30618856121537086,22.38083109919571,0.0,15.284890722184988,8.6,60169.783291066626,0.0294736842105263,39.09740840035746,1.1170688114387846,17.51865504915103,69.89700625558534,-0.9643429967407263,0.2843202319982194,-1.2486632287389456,0.8999628649270836,-1.8643058616678099,3,3
31041,54,0,2,1827583.0,2537837.0,0.037037037037037035,10826.0,1.0,26.070487714760766,0.5,16.56608246610013,8.9,55311.090249101966,0.0256728045325779,49.87991871420654,0.0,168.8142434878995,234.42056161093663,0.07772115263265585,1.1360802443175473,-1.0583590916848915,-0.7392454361446669,0.8169665887773228,3,3
31043,39,0,0,,,0.0,20173.0,0.7804986863629604,24.073246418480146,0.0,14.568086964655727,13.6,62780.376869242646,0.0383034379671151,19.332771526297524,0.0,,,-0.02105265296524028,-0.6641304211238788,0.6430777681586385,-0.7392454361446669,0.7181927831794266,3,1
31045,42,1,0,,,0.0,8810.0,1.0,22.783654937570944,0.0,11.012184338251988,15.6,53791.1587870214,0.0224412751677852,47.67309875141884,1.1350737797956867,,,0.24385178964861234,0.7961062094884644,-0.5522544198398521,0.9184713638784056,-0.6746195742297932,3,1
31047,62,0,2,231903.0,294874.0,0.03225806451612903,23733.0,0.8796612311970674,23.721767159651115,0.2857142857142857,15.942217485989971,10.5,56940.193915223186,0.0350694165797287,26.12396241520246,0.0,9.771331058020477,12.42464079551679,-0.12815620351266974,-0.36554047643475024,0.2373842729220805,-0.7392454361446669,0.6110892326319971,3,3
31049,15,0,0,,,0.0,1831.0,1.0,21.5,0.0,16.181416,11.9,50120.640897771045,0.0486257928118393,81.92244675040962,0.0,,,-0.07590016316441495,1.6873772601281962,-1.7632774232926112,-0.7392454361446669,0.6633452729802519,3,1
31051,17,0,0,,,0.0,5719.0,1.0,28.24268228711313,0.0,15.355556788599404,8.4,60314.9929216838,0.024907438572871,29.72547648190243,0.0,,,0.2071056214686496,0.026528121601377443,0.18057749986727217,-0.7392454361446669,0.9463510576133165,3,1
31053,101,0,4,529104.0,743319.0,0.039603960396039604,36665.0,0.7682531024137461,24.844895677076234,0.5555555555555556,16.83497301821901,9.8,57326.00636445423,0.0447977627013309,27.54670666848493,0.0,14.430765034774307,20.27325787535797,-0.20894223730434444,-0.17076720359647315,-0.038175033707871286,-0.7392454361446669,0.5303031988403224,3,3
31055,1322,8,66,32329967.0,106230181.0,0.049924357034795766,560617.0,0.8685145116897989,27.69956030587727,0.41025641025641024,15.871463911138978,11.5,68501.8483004218,0.0396057465232222,23.581161470308604,0.14269991812592198,57.66854554892199,189.4879766400234,0.21333596191360193,0.45356189534102426,-0.24022593342742232,-0.4477110768104054,0.6610470387240073,3,3
31057,13,1,0,,,0.0,1913.0,1.0,25.9,0.0,16.216907,13.5,44215.80256077605,0.0170394036208732,67.95608991113434,5.2273915316257185,,,0.34527982522245376,1.3788398396882655,-1.0335600144658117,3.257971238409441,-2.9126914131869874,3,1
31059,27,0,0,,,0.0,5547.0,0.40580493960699476,23.273877771768525,0.0,13.742762338741663,8.8,63927.21497382506,0.0194340265939311,48.67495943753381,0.0,,,-0.7784384138071978,0.8301900887765938,-1.6086285025837916,-0.7392454361446669,-0.03919297766253094,3,1
31061,17,1,1,290374.0,320959.0,0.058823529411764705,2987.0,0.4633411449614998,26.498794777368595,0.0,15.20172697120857,12.6,52235.189898364304,0.0072559366754617,56.91329092735186,3.3478406427854037,97.21258788081687,107.45195848677604,-0.24737141178756206,0.9412245708905588,-1.188595982678121,2.472762778359638,-2.7201341901472,3,3
31063,21,0,0,,,0.0,2640.0,1.0,23.3,0.0,15.829085,13.1,57934.402919010885,0.0547845142439737,79.54545454545453,0.0,,,0.1296145580926766,1.6387232845722641,-1.5091087264795875,-0.7392454361446669,0.8688599942373435,3,1
31065,24,0,0,,,0.0,4747.0,0.0,26.4,0.0,16.7031,12.0,51764.58350424731,0.0176619007569386,50.55824731409311,0.0,,,-0.7935842369776415,0.8924396472522559,-1.6860238842298974,-0.7392454361446669,-0.0543388008329746,3,1
31067,78,1,2,149524.0,236486.0,0.02564102564102564,21594.0,0.7771603223117532,26.34632768361582,0.14285714285714285,15.192828553857556,10.3,56292.58016115678,0.0337265181301878,36.121144762434014,0.46309159951838474,6.924330832638696,10.951468000370474,-0.05836235869403087,-0.2808229870960541,0.2224606284020232,0.09245660290663929,-0.15081896160067015,3,3
31069,9,0,0,,,0.0,1864.0,1.0,21.5,0.0,13.632366,15.9,46371.68860950121,0.0101694915254237,48.28326180257511,0.0,,,0.16766782756031665,0.8169468628829306,-0.649279035322614,-0.7392454361446669,0.9069132637049835,3,1
31071,13,0,1,244457.0,70839.0,0.07692307692307693,2001.0,0.0,24.5,0.0,11.753521,10.9,56175.9884869386,0.001937984496124,64.96751624187905,0.0,122.16741629185407,35.40179910044977,-1.0003677764688186,0.8604299382360313,-1.8607977147048498,-0.7392454361446669,-0.2611223403241517,3,3
31073,14,0,0,,,0.0,2013.0,1.0,16.1,0.0,13.706508,8.9,67891.33189724297,0.019180470793374,69.54793840039741,0.0,,,-0.6559091283269798,1.417018991976827,-2.072928120303807,-0.7392454361446669,0.08333630781768708,3,1
31075,8,0,0,,,0.0,722.0,1.0,20.7,0.0,12.893963,10.3,49286.480464955566,0.0252100840336134,110.80332409972299,0.0,,,-0.23219150347193965,2.187290501022466,-2.4194820044944056,-0.7392454361446669,0.5070539326727272,3,1
31077,12,0,0,,,0.0,2382.0,1.0,19.9,0.0,15.045126,10.8,50737.5168468163,0.015126050420168,50.377833753148614,0.0,,,-0.2606096486489803,0.8865756407503951,-1.1471852893993755,-0.7392454361446669,0.4786357874956866,3,1
31079,118,0,1,86477.0,8663.0,0.00847457627118644,61265.0,0.951995429690688,25.987676487390843,0.0,14.69099721062597,10.8,60525.917859587586,0.0397905440375072,19.260589243450585,0.0,1.411523708479556,0.14140210560679017,0.13527055207586644,-1.3228618010690738,1.4581323531449402,-0.7392454361446669,0.8745159882205333,3,3
31081,27,0,4,1323498.0,3988662.0,0.14814814814814814,9215.0,0.5455236028214867,21.58945198046663,0.0,13.15557338296256,7.4,68057.74001408166,0.02965012848389,29.30005425935974,0.0,143.62430819316333,432.84449267498644,-0.8361283597438228,0.925413451760218,-1.7615418115040409,-0.7392454361446669,-0.09688292359915596,3,3
31083,18,0,1,31406.0,8796.0,0.05555555555555555,3415.0,0.0,22.6,0.0,14.930361,10.1,52821.328042388406,0.0106635071090047,52.70863836017569,0.0,9.196486090775988,2.575695461200586,-1.188883716655641,-0.24399899282050433,-0.9448847238351367,-0.7392454361446669,-0.4496382805109741,3,3
31085,2,1,0,,,0.0,893.0,1.0,11.800000000000002,0.0,14.872443,13.5,54825.64491462993,0.0145833333333333,22.396416573348265,11.198208286674133,,,-0.6922007130883104,-0.42934476955197304,-0.2628559435363374,4.727362803789057,-5.419563516877368,3,1
31087,12,0,0,,,0.0,2815.0,1.0,17.2,0.0,16.456864,14.2,52955.93842989484,0.0273684210526315,42.62877442273535,0.0,,,-0.2522433425924666,0.6130780719621357,-0.8653214145546023,-0.7392454361446669,0.48700209355220025,3,1
31089,43,1,0,,,0.0,10177.0,0.809570600373391,21.846929350496215,0.0,12.938788774589762,11.8,64005.64937284456,0.0107882373412215,42.25213717205464,0.9826078412105728,,,-0.26294791340144624,0.5985738621863669,-0.8615217755878131,0.7565505344297464,-1.0194984478311926,3,1
31091,7,0,0,,,0.0,693.0,1.0,17.4,0.0,13.463799,9.6,43589.387292931126,0.0336700336700336,101.01010101010102,0.0,,,-0.5176304959215,2.03393932766514,-2.55156982358664,-0.7392454361446669,0.22161494022316686,3,1
31093,28,0,0,,,0.0,6417.0,0.7188717469222378,27.910799438990182,0.0,14.15932042948418,10.1,62904.388013638345,0.0348533255881498,43.63409693002961,0.0,,,-0.018629888817392637,0.6511880401171735,-0.669817928934566,-0.7392454361446669,0.7206155473272742,3,1
31095,35,0,0,,,0.0,7144.0,1.0,23.82152855543113,0.0,15.463957778275477,11.0,47177.23108591769,0.0165903890160183,48.992161254199324,0.0,,,0.04011552795744944,0.8408383248299218,-0.8007227968724724,-0.7392454361446669,0.7793609641021163,3,1
31097,17,1,0,,,0.0,5161.0,0.3648517729122263,24.627029645417554,0.5,16.434085452237937,12.9,57990.57890749783,0.0157407407407407,32.939352838597166,1.937608990505716,,,-0.4736222451278677,0.19295039567014738,-0.666572640798015,1.6158582274525424,-2.08948047258041,3,1
31099,20,1,0,,,0.0,6529.0,0.4446316434369735,22.967789860621842,0.0,14.205002715270332,7.9,63877.39853120456,0.028391167192429,30.632562413845918,1.5316281206922957,,,-0.8136627930899945,0.07520010761850472,-0.8888629007084992,1.2907990332980888,-2.104461826388083,3,1
31101,21,0,1,30626.0,150655.0,0.047619047619047616,8068.0,0.7997025285076846,23.84727317798711,0.0,15.704465400966784,11.2,53775.25992235528,0.0336652441915599,26.028755577590484,0.0,3.795984134853743,18.673153197818543,-0.1629975628268883,-0.47674965784954454,0.3137520950226562,-0.7392454361446669,0.5762478733177786,3,3
31103,7,0,0,,,0.0,760.0,1.0,18.0,0.0,11.657027,17.3,59885.72357569871,0.0,92.10526315789473,0.0,,,-0.004614005763167395,1.881137411464845,-1.8857514172280123,-0.7392454361446669,0.7346314303814995,3,1
31105,14,0,0,,,0.0,3633.0,0.0,22.9,0.0,15.202312,12.3,56603.13798430155,0.0585838003056546,38.53564547206166,0.0,,,-1.0328472677504268,0.4482764987764017,-1.4811237665268284,-0.7392454361446669,-0.2936018316057599,3,1
31107,25,0,1,216573.0,49268.0,0.04,8426.0,0.36909565630192265,19.51012342748635,0.0,13.631467191906006,13.7,55467.95904714096,0.0293107396381955,29.670068834559697,0.0,25.70294327082839,5.847139805364349,-0.7968098163318862,-0.22010811765427563,-0.5767016986776106,-0.7392454361446669,-0.05756438018721932,3,3
31109,698,8,28,10799953.0,33956968.0,0.04011461318051576,313158.0,0.8238908154988855,27.414332062409393,0.1891891891891892,13.377727788362424,10.8,64154.03877639496,0.032408111319469,22.289068138128357,0.2554620990043365,34.48723328160226,108.43397901378857,0.10133822332865704,0.2076583711159783,-0.10632014778732125,-0.24203235008121946,0.3433705734098765,3,3
31111,75,1,1,165164.0,21077.0,0.013333333333333334,35263.0,0.7608825114142302,23.988106513909763,0.0,13.582138123472195,12.5,63378.17418068856,0.0321726174052204,21.268751949635593,0.2835833593284746,4.683776196012818,0.5977086464566259,-0.11556859532962611,-1.0159122393861508,0.9003436440565247,-0.19361888988546438,0.07805029455583827,3,3
31113,5,0,0,,,0.0,927.0,0.0,14.2,0.0,13.09315,9.2,55866.490588104905,0.0041666666666666,53.93743257820928,0.0,,,-1.8617600267538421,0.9986381222915932,-2.8603981490454355,-0.7392454361446669,-1.1225145906091751,3,1
31115,3,1,0,,,0.0,605.0,1.0,9.0,0.0,10.568383,16.6,54056.139864789984,0.006269592476489,49.586776859504134,16.52892561983471,,,-0.7094600243383556,0.8606183466470771,-1.5700783709854327,5.51975089777295,-6.229210922111306,3,1
31117,4,1,0,,,0.0,395.0,1.0,20.7,0.0,12.982419,12.0,51008.85747045133,0.0,101.26582278481013,25.31645569620253,,,-0.12867510741392874,2.0381276799502794,-2.166802787364208,6.4078180501633435,-6.536493157577272,3,1
31119,103,1,3,1109528.0,3007323.0,0.02912621359223301,35080.0,0.6242588369441278,24.463124287343213,0.0,13.980378140136828,11.6,56375.254257420565,0.0312814803032713,29.36145952109464,0.28506271379703535,31.628506271379702,85.72756556442417,-0.28356275743736237,0.2933369862407761,-0.5768997436781385,-0.19110149069527607,-0.0924612667420863,3,3
31121,39,0,0,,,0.0,7798.0,1.0,22.320902795588612,0.0,14.181682707104384,9.3,58983.72798697447,0.0206913339824732,50.01282380097461,0.0,,,-0.17381718165548452,0.8746484363096392,-1.0484656179651237,-0.7392454361446669,0.5654282544891823,3,1
31123,27,0,0,,,0.0,4781.0,1.0,24.7,0.0,15.768253,14.5,48962.143625766825,0.0688110749185667,56.47354110018824,0.0,,,0.31787560687718863,1.0741343540643953,-0.7562587471872066,-0.7392454361446669,1.0571210430218554,3,1
31125,13,0,0,,,0.0,3544.0,0.0,21.5,0.0,14.472488,11.3,51970.208820595726,0.0321175830157866,36.68171557562077,0.0,,,-1.1967515174624654,0.36793234662072516,-1.5646838640831906,-0.7392454361446669,-0.4575060813177986,3,1
31127,34,0,0,,,0.0,6973.0,0.487021368134232,19.57923418901477,0.0,16.014585350207945,11.8,54933.75719435951,0.0412253077583738,48.75950093216693,0.0,,,-0.7795506751404734,0.8330347172639861,-1.6125853924044595,-0.7392454361446669,-0.040305238995806514,3,1
31129,34,1,0,,,0.0,4244.0,0.5233270499528746,26.69634778510839,0.0,14.550643437794534,10.8,45987.9960088923,0.0186832740213523,80.11310084825637,2.35626767200754,,,-0.27739733584450804,1.6504715393112916,-1.9278688751557997,1.9070423604324458,-2.1844396962769537,3,1
31131,51,0,2,261760.0,1291505.0,0.0392156862745098,15949.0,1.0,21.28408050661484,0.4,16.46997870123519,8.0,62712.541713333885,0.0233270499528746,31.976926453069158,0.0,16.41231425167722,80.97717725249233,-0.3292663493145762,0.18867888198426377,-0.51794523129884,-0.7392454361446669,0.40997908683009066,3,3
31133,26,1,3,517385.0,1241440.0,0.11538461538461539,2649.0,1.0,28.799999999999997,1.0,18.125663,13.7,49235.604098024,0.0289514866979655,98.15024537561345,3.7750094375235936,195.31332578331447,468.644771611929,0.5708407468226062,1.6695063211452743,-1.098665574322668,2.6775820132098533,-2.106741266387247,3,3
31135,20,0,0,,,0.0,2901.0,1.0,26.5,0.0,13.673772,9.3,69470.61912074372,0.0136629798308392,68.94174422612892,0.0,,,0.13368154297470966,1.4025824734652783,-1.2689009304905687,-0.7392454361446669,0.8729269791193766,3,1
31137,34,0,2,98932.0,188989.0,0.058823529411764705,9100.0,1.0,22.329967032967033,0.0,14.165072862197801,8.3,62577.931325827456,0.0071219103477167,37.362637362637365,0.0,10.871648351648352,20.768021978021977,-0.2340422311186007,-0.060212934370734016,-0.17382929674786668,-0.7392454361446669,0.5052032050260662,3,3
31139,34,1,0,,,0.0,7144.0,1.0,20.315075587905937,0.0,13.308809966265397,9.2,68376.77723171502,0.0216327581766675,47.59238521836506,1.3997760358342666,,,-0.3274955084579999,0.7933298215086436,-1.1208253299666435,1.1739018662818597,-1.5013973747398595,3,1
31141,75,1,4,260962.0,644586.0,0.05333333333333334,33174.0,0.5917887502260807,21.437505275215532,0.0,15.143603226080668,8.4,66038.58420148511,0.0297775051580884,22.608066558147947,0.30144088744197267,7.8664616868632065,19.43045758726714,-0.7362505812126217,-0.4079504986092443,-0.32830008260337734,-0.1634230099132094,-0.5728275712994122,3,3
31143,28,0,0,,,0.0,5225.0,0.0,17.4511004784689,0.0,13.948083750239235,7.3,71777.01442164142,0.0496939142960028,53.58851674641148,0.0,,,-1.7382382638726075,0.987979585992256,-2.7262178498648635,-0.7392454361446669,-0.9989928277279406,3,1
31145,36,2,1,157428.0,1083398.0,0.027777777777777776,10768.0,1.0,23.704244056463597,0.0,14.890257666883358,11.5,51732.785774915086,0.0334855403348554,33.43239227340267,1.8573551263001484,14.61998514115899,100.61274145616642,0.06193171225021513,0.22862658814273684,-0.16669487589252172,1.555320372417791,-1.4933886601675759,3,3
31147,38,1,3,344696.0,1446450.0,0.07894736842105263,7961.0,1.0,17.369325461625426,0.3333333333333333,16.614011771636733,11.1,50788.39321374787,0.0341081354219302,47.7326968973747,1.2561236025624922,43.29807813088808,181.69199849265166,-0.4285495374554196,0.7646464906800833,-1.193196028135503,1.0389958542905047,-1.4675453917459242,3,3
31149,9,1,0,,,0.0,1414.0,0.0,18.4,0.0,11.662750000000003,13.7,59620.74249793012,0.0026455026455026,63.649222065063654,7.072135785007072,,,-1.2787092810959508,1.270949944911781,-2.5496592260077318,3.8250265283244738,-5.103735809420424,3,1
31151,55,0,1,20483.0,125393.0,0.01818181818181818,14270.0,1.0,33.517666433076386,0.0,15.626461911913104,10.5,54588.22186894928,0.0392895586652314,38.542396636299934,0.0,1.4353889278206027,8.78717589348283,0.7231130996725171,-0.5463286948248477,1.2694417944973648,-0.7392454361446669,1.462358535817184,3,3
31153,215,1,3,635614.0,293433.0,0.013953488372093023,181232.0,0.9008618786969189,25.294572150613575,0.06976744186046512,13.426306685822594,4.9,86947.71108604806,0.0293120923899132,11.86324710867838,0.05517789352873665,3.5071841617374413,1.619101483181778,-0.3304359115575493,-1.2813861985175368,0.9509502869599875,-0.6218627237995181,0.2914268122419688,3,3
31155,58,1,3,242503.0,486680.0,0.05172413793103448,21165.0,0.6367115520907158,20.776309945665016,0.0,15.536721815780767,6.5,72797.72153320599,0.0228082679971489,27.403732577368295,0.4724781478856603,11.457736829671628,22.994566501299314,-0.8518857283642731,-0.19886122703842202,-0.6530245013258511,0.10643312319844248,-0.9583188515627156,3,3
31157,114,2,5,894997.0,7734719.0,0.043859649122807015,36074.0,0.6305095082330765,29.08524422021401,0.18181818181818182,16.048193476271,15.5,52725.934854391715,0.0507903172322316,31.601707601042303,0.5544159228253035,24.81002938404391,214.41256860897045,0.30079015412585436,0.45066677549241246,-0.1498766213665581,0.22478553665869427,0.07600461746716008,3,3
31159,59,0,2,139189.0,710001.0,0.03389830508474576,17171.0,0.44441209015200045,22.321815852309125,0.0,13.769280165919282,6.9,74607.01233220984,0.0194414607948442,34.36025857550521,0.0,8.106050899772873,41.348843981130976,-0.9223237397663168,-0.04053759960853744,-0.8817861401577793,-0.7392454361446669,-0.1830783036216499,3,3
31161,36,0,0,,,0.0,5231.0,0.5914739055629898,22.47317912445039,0.0,14.378630203020455,14.6,48089.82591775267,0.0166666666666666,68.82049321353469,0.0,,,-0.28285651847318966,1.3996798674669135,-1.6825363859401032,-0.7392454361446669,0.4563889176714772,3,1
31163,17,0,0,,,0.0,3033.0,1.0,17.6,0.0,15.319962,12.3,53824.0164406647,0.0313099041533546,56.0501153972964,0.0,,,-0.33850606617789775,1.0617641620692344,-1.4002702282471322,-0.7392454361446669,0.4007393699667691,3,1
31165,7,0,0,,,0.0,1219.0,1.0,18.2,0.0,14.252467,14.4,51161.48657124603,0.0171875,57.42411812961444,0.0,,,-0.1664847630341899,1.1015762958903228,-1.2680610589245127,-0.7392454361446669,0.572760673110477,3,1
31167,25,1,0,,,0.0,5957.0,0.0,19.286872586872587,0.0,13.44055501158301,7.2,67820.316968401,0.0173463177115033,41.9674332717811,1.6786973308712438,,,-1.6092510214249423,0.5875259149785225,-2.196776936403465,1.4142107370759454,-3.0234617585008876,3,1
31169,30,0,1,68836.0,491715.0,0.03333333333333333,5057.0,0.5242238481313032,18.32248368597983,0.0,14.3271191402017,9.3,54926.33772418199,0.0164687859057832,59.323709709313825,0.0,13.612022938501088,97.23452639905082,-0.9839133475069971,0.5200914227827018,-1.5040047702896988,-0.7392454361446669,-0.24466791136233024,3,3
31171,6,0,0,,,0.0,645.0,1.0,14.4,0.0,10.573969,13.0,62993.421655768594,0.010840108401084,93.02325581395348,0.0,,,-0.531338243871598,1.8975506832230267,-2.428888927094625,-0.7392454361446669,0.20790719227306886,3,1
31173,14,0,0,,,0.0,7181.0,0.0,21.984528617184235,0.0,16.610377170171283,19.6,54092.177291366505,0.1334785314250155,19.49589193705612,0.0,,,-0.6556962338304012,-0.6507632993768822,-0.004932934453519056,-0.7392454361446669,0.08354920231426566,3,1
31175,36,1,2,203027.0,612696.0,0.05555555555555555,4206.0,0.0,24.304089396100807,0.0,13.763335831669044,11.9,58639.252585875314,0.0108744902582691,85.59201141226819,2.3775558725630055,48.27080361388493,145.6718972895863,-0.953890916290765,1.067926310724182,-2.021817227014947,1.9208609185186154,-2.8747518348093806,3,3
31177,51,1,2,498132.0,1455689.0,0.0392156862745098,20361.0,0.4194293011148765,22.316575806689258,0.0,14.520737060311381,6.1,75710.3935400382,0.026051358392259,25.047885663768973,0.4911350130150779,24.465006630322677,71.49398359609056,-0.9985121431784288,0.11905293250350234,-1.117565075681931,0.1339504951933113,-1.1324626383717402,3,3
31179,25,1,0,,,0.0,9332.0,1.0,30.166663094727816,0.0,12.486525324689241,12.4,59839.086906011435,0.0253974054449113,26.789541363051868,1.0715816545220747,,,0.5922404663766199,-0.14148236751329066,0.7337228338899106,0.8524932394129054,-0.2602527730362856,3,1
31181,18,0,0,,,0.0,3537.0,0.5114503816793893,21.8,0.5,15.508453557251908,12.5,48955.78407990038,0.0212765957446808,50.890585241730285,0.0,,,-0.5470331545499926,0.9031881570693844,-1.450221311619377,-0.7392454361446669,0.1922122815946743,3,1
31183,5,1,0,,,0.0,783.0,1.0,16.7,0.0,14.088799,12.8,54682.555132634894,0.0,63.85696040868455,12.77139208173691,,,-0.3742822293571426,1.2763167890795746,-1.6505990184367172,4.992475389499576,-5.3667576188567185,3,1
31185,46,0,2,155865.0,791344.0,0.043478260869565216,13745.0,0.6202255365587487,22.597366315023645,0.25,16.578362244379775,9.4,63911.31610915894,0.0266402153889754,33.466715169152415,0.0,11.339759912695525,57.57322662786468,-0.5591813325854095,0.07363233963784536,-0.6328136722232548,-0.7392454361446669,0.1800641035592574,3,3
32001,52,2,0,,,0.0,24259.0,0.4734325405004328,23.023578877942207,0.14285714285714285,17.1057442989406,10.8,61289.063363561094,0.0597204574332909,21.435343583824558,0.82443629168556,,,-0.6017417558926242,-0.4995138772328196,-0.10222787865980465,0.5748423067353363,-1.1765840626279607,3,1
32003,3774,14,87,37108599.0,41166138.0,0.023052464228934817,2182004.0,0.8173985932198108,30.333255392749052,0.24229979466119098,15.926399508579268,12.9,62895.908619149755,0.0641208564444222,17.296026955037664,0.06416120227093992,17.006659474501422,18.866206478081615,0.4369467010725388,-0.39714755836345716,0.8340942594359959,-0.6033349799614871,1.0402816810340259,3,3
32005,95,0,5,389287.0,219675.0,0.05263157894736842,48132.0,0.6649214659685864,26.162615307903266,0.0,13.444858877794397,8.2,70813.54322287487,0.0422944516475164,19.737388847336494,0.0,8.087904097066401,4.564011468461731,-0.32145554873071225,-0.717744368773351,0.39628882004263877,-0.7392454361446669,0.4177898874139546,3,3
32007,100,0,1,58737.0,62518.0,0.01,52297.0,0.6518920779394611,21.49704571963975,0.0,13.236335304090101,9.0,86099.77163718862,0.0467725484482004,19.121555729774176,0.0,1.1231428188997457,1.1954414211140219,-0.6301633767342764,-1.2329295156867233,0.6027661389524469,-0.7392454361446669,0.10908205941039051,3,3
32009,2,0,0,,,0.0,969.0,1.0,25.4,0.0,16.579486,14.8,39614.671126402456,0.0292682926829268,20.639834881320947,0.0,,,0.38764933219697156,-0.5599074150519603,0.9475567472489319,-0.7392454361446669,1.1268947683416384,3,1
32011,4,0,0,,,0.0,1859.0,1.0,24.9,0.0,14.917597,11.5,71126.2208946418,0.0,21.51694459386767,0.0,,,0.14991564983804787,-0.49344041048482806,0.643356060322876,-0.7392454361446669,0.8891610859827147,3,1
32013,44,0,0,,,0.0,16828.0,0.7967672926075589,23.335589493700972,0.0,17.06137996630616,10.4,71816.23162115116,0.0342356687898089,26.14689802709769,0.0,,,-0.25254366228321495,-0.18062245223400025,-0.0719212100492147,-0.7392454361446669,0.4867017738614519,3,1
32015,14,1,0,,,0.0,5643.0,1.0,35.1,0.0,17.010785,11.5,93305.1371038718,0.0823278921220724,24.809498493709018,1.77210703526493,,,0.9004334860628563,-0.26513623651882773,1.1655697225816841,1.4891238737564247,-0.5886903876935684,3,1
32017,19,0,0,,,0.0,5180.0,1.0,13.696216216216214,0.0,14.54275272162162,13.9,61965.29507402649,0.0758585340850845,36.67953667953668,0.0,,,-0.5283199834659368,0.3678356122386065,-0.8961555957045433,-0.7392454361446669,0.21092545267873009,3,1
32019,86,1,4,961110.0,594099.0,0.046511627906976744,54380.0,0.5309488782640677,29.014464876792935,0.1,16.469052093545418,9.6,60283.195192351566,0.0735637839832697,15.814637734461199,0.18389113644722324,17.673961015079072,10.924954027215888,-0.17163578856989384,-0.5314591037861441,0.35982331521625033,-0.37031587686388334,0.1986800882939895,3,3
32021,21,0,0,,,0.0,4460.0,1.0,25.99345291479821,0.0,17.621978894170404,17.3,37951.64988232686,0.1122685185185185,47.08520179372198,0.0,,,0.5835456987053854,0.7757774547998514,-0.19223175609446597,-0.7392454361446669,1.3227911348500523,3,1
32023,85,0,0,,,0.0,44380.0,0.9522983325822443,27.372172149616944,0.0,17.17972421169446,15.4,50134.41991381502,0.0948548077518419,19.152771518702117,0.0,,,0.5175736239745574,-0.6790057941748172,1.1965794181493745,-0.7392454361446669,1.2568190601192244,3,1
32027,22,0,0,,,0.0,6615.0,1.0,25.3,0.0,17.50343,16.8,53516.638390453154,0.0762371823450735,33.257747543461825,0.0,,,0.5020753095571334,0.20857091728847524,0.2935043922686582,-0.7392454361446669,1.2413207457018003,3,1
32029,19,0,1,97787.0,25418.0,0.05263157894736842,3988.0,0.0,21.0,0.0,14.512779,7.4,70264.50242973838,0.0296208530805687,47.64292878635908,0.0,24.520310932798395,6.373620862587764,-1.471020398430099,0.04080453837879461,-1.5118249368088934,-0.7392454361446669,-0.731774962285432,3,3
32031,904,10,21,3580803.0,3829164.0,0.023230088495575223,453455.0,0.8900331896219029,27.29153366927258,0.14414414414414414,15.241139696097738,9.9,68673.55603881583,0.0530006869929337,19.935826046686003,0.2205290491890044,7.896710809231346,8.44441896108765,0.1092191423794049,-0.6183307187147293,0.7275498610941342,-0.30370609136063237,0.41292523374003726,3,3
32033,45,0,1,378183.0,540389.0,0.022222222222222223,9679.0,0.8051451596239281,21.48888314908565,0.0,15.697824412335983,12.1,64472.016069717254,0.0337765957446808,46.49240624031408,0.0,39.07252815373489,55.83107759066019,-0.2758239949537771,0.5097285774590053,-0.7855525724127824,-0.7392454361446669,0.4634214411908898,3,3
32510,170,1,5,3261942.0,2711087.0,0.029411764705882353,54773.0,0.8065105070016249,26.99674839793329,0.14285714285714285,16.41235896954704,,59056.862764438585,0.0506703105957085,31.03718985631607,0.18257170503715336,59.5538312672302,49.496777609406095,0.4018467459533918,0.3603030106680713,0.041543735285320516,-0.3727529649938812,0.7745997109472731,2,3
33001,528,8,23,4864475.0,17268702.0,0.043560606060606064,60887.0,0.270599635390149,30.186951237538395,0.13333333333333333,13.554388888876113,8.0,73608.56363117784,0.0392938147489732,86.71801862466536,1.3139093731009903,79.893491221443,283.6188677385977,-0.46509211753242713,1.3096827695216315,-1.7747748870540587,1.0942683128003146,-1.5593604303327417,3,3
33003,583,16,51,10656677.0,33054053.0,0.08747855917667238,48138.0,0.10671403049565832,29.427541651086464,0.09090909090909091,14.529354969525112,8.8,66937.4000172761,0.0304625648032793,121.11014167601479,3.3237774730981764,221.37764344177157,686.6519797249574,-0.649959822541093,1.8847233538357757,-2.534683176376869,2.460633418957951,-3.110593241499044,3,3
33005,759,20,20,12465650.0,16724135.0,0.026350461133069828,76042.0,0.42671155414113254,28.638315667657345,0.0,13.429107940322453,9.0,68631.15906637287,0.0337886935038511,99.8132610925541,2.6301254569842984,163.93111701428157,219.93286604771046,-0.34887432827427306,1.49900375006228,-1.847878078336553,2.0784691598491998,-2.427343488123473,3,3
33007,377,11,14,1743736.0,3458713.0,0.03713527851458886,31741.0,0.3092530166031316,27.597876563435303,0.6363636363636364,17.13585621243817,13.5,49940.453764888414,0.0547728768926925,118.77382565136574,3.4655492895623956,54.93639141803976,108.9667307268202,-0.27877822517567524,1.2233372636347808,-1.502115488810456,2.531144280676687,-2.8099225058523625,3,3
33009,1125,26,70,236530564.0,246129749.0,0.06222222222222222,89777.0,0.40407899573387396,29.037527429074263,0.21052631578947367,14.03675719149671,9.4,67187.54215468964,0.029161198941865,125.31049155128818,2.896064693629772,2634.645443710527,2741.567985118683,-0.3196843046554005,2.714056227695363,-3.0337405323507634,2.2329846909765307,-2.5526689956319313,3,3
33011,2748,32,112,100243517.0,82003983.0,0.040756914119359534,413035.0,0.703078431609912,27.611666081566938,0.2441860465116279,13.780538872933285,6.5,86341.43438011355,0.0404100154643095,66.53189197041414,0.7747527449247642,242.6998123645696,198.54003413754282,-0.2769763137045013,1.3437186257767737,-1.620694939481275,0.5145003232001367,-0.791476636904638,3,3
33013,1715,43,90,33891533.0,75220948.0,0.052478134110787174,149917.0,0.27980816051548524,28.286537884295978,0.1111111111111111,12.254172925525458,7.7,80275.48754783526,0.0356159420289855,114.3966328034846,2.8682537670844535,226.0686446500397,501.75062201084603,-0.6132075209211744,1.7993397907799598,-2.4125473117011342,2.2173280700886404,-2.8305355910098147,3,3
33015,1940,32,106,29298613.0,58319311.0,0.05463917525773196,306359.0,0.6851210507933503,28.412400484399022,0.09230769230769231,13.04953059806632,5.4,99374.26370908333,0.0322726845633874,63.324400458285865,1.044526193126365,95.63490218991444,190.3626497018204,-0.30451080777684075,1.1022463816201473,-1.4067571893969881,0.8237617252311412,-1.128272533007982,3,3
33017,850,19,35,13232857.0,19818521.0,0.041176470588235294,129124.0,0.5523837551500883,30.913509494749235,0.08,13.577072790162944,9.3,77332.0777359819,0.0379176676130159,65.82819615253555,1.4714537963507945,102.48177720640625,153.48441033425235,-0.026929159712413647,1.0988285062127072,-1.125757665925121,1.2382241143211765,-1.2651532740335902,3,3
33019,406,18,19,2822032.0,9518930.0,0.046798029556650245,43104.0,0.5514337416481069,27.301746937639198,0.3,14.708985807280067,9.1,64986.079360588294,0.0294802533532041,94.19079435783222,4.1759465478841875,65.47030438010394,220.83634929472902,-0.3058918133859919,1.2648683047120255,-1.5707601180980175,2.853792068045024,-3.159683881431016,3,3
34001,1765,10,83,36208066.0,63157257.0,0.04702549575070822,266105.0,0.6979387835628793,34.271191071193705,0.2753623188405797,16.58256639962045,11.9,65831.8989608256,0.0842510063254744,66.3272016685143,0.3757915108697695,136.0668382781233,237.33961030420323,0.5362765179599435,1.2467390250172845,-0.710462507057341,-0.042001874256918446,0.578278392216862,3,3
34003,6500,21,259,152325153.0,235838467.0,0.039846153846153844,930390.0,0.7745741033330109,29.38864594417395,0.05027932960893855,15.123716907152915,6.6,107204.98451930034,0.0403489727335064,69.86317565751996,0.22571179827814145,163.72182955534777,253.48344995109576,-0.06261270383900157,1.328560160064155,-1.3911728639031566,-0.29444535159430035,0.23183264775529877,3,3
34005,2682,15,96,27467772.0,58953732.0,0.035794183445190156,445702.0,0.8509564686718929,29.209514653288522,0.05263157894736842,14.906973165776686,6.8,92654.34357687215,0.0573400203309473,60.17473558566038,0.3365477381748343,61.628110262013635,132.27163441043567,0.019207815813020297,0.9098250029586278,-0.8906171871456074,-0.1052490462363064,0.1244568620493267,3,3
34007,3120,16,115,54713748.0,82290731.0,0.03685897435897436,506738.0,0.8281794536821789,31.611583303403336,0.23622047244094488,16.415232819533962,12.3,74672.72763949644,0.0663212086543961,61.57027892125714,0.31574502010901095,107.972459140621,162.39305321487632,0.5061609614285479,1.0841347444392189,-0.5779737830106709,-0.13953305440036304,0.645694015828911,3,3
34009,942,4,46,13071623.0,47623210.0,0.04883227176220807,93086.0,0.6913499344692006,37.50978772318071,0.0,14.31825525881443,9.4,71093.36324099849,0.0679423492459513,101.19674279698343,0.42971016049674493,140.42523043207356,511.6044303117547,0.6151986529092911,1.6295164727305231,-1.014317819821232,0.0420149023346406,0.5731837505746505,3,3
34011,931,5,36,14519374.0,21828947.0,0.03866809881847476,151906.0,0.746111299694495,35.94602714836807,0.35294117647058826,17.722942346332598,17.0,57393.84152036299,0.0734099524640471,61.28790172870064,0.3291509222808843,95.58130686082183,143.70036074941083,1.0222946837015894,1.0319640145625133,-0.00966933086092392,-0.117377876839308,1.1396725605408973,3,3
34013,6491,15,151,129031460.0,203702964.0,0.023262979510090896,795404.0,0.4919261155337413,32.18407010776914,0.4523809523809524,17.29314005414607,14.2,65195.94437418101,0.0805769001704058,81.60632835640756,0.18858341170021778,162.22128628973454,256.0999994971109,0.2993745121894515,1.4139315206743364,-1.1145570084848848,-0.36167084606381383,0.6610453582532654,3,3
34015,1378,14,56,12779928.0,20898461.0,0.040638606676342524,291165.0,0.8755997458485738,31.346341764978618,0.09523809523809523,16.8432291832054,8.4,92513.37364349928,0.0551946203432504,47.32711692682843,0.48082702247866327,43.89239091236927,71.77531983583192,0.3005842392288515,0.5910027445835321,-0.29041850535468056,0.11878988938841926,0.18179434984043225,3,3
34017,2409,10,96,33899216.0,65969555.0,0.039850560398505604,670046.0,0.17684308241523716,29.31505971231826,0.4578313253012048,18.360493895514633,15.2,75454.95178106929,0.0523135789758585,35.952755482459416,0.14924348477567212,50.59237127003221,98.45526277300364,-0.1924854147057392,0.5307719053698984,-0.7232573200756376,-0.4352316142725324,0.24274619956679316,3,3
34019,1008,22,53,9907198.0,25168160.0,0.05257936507936508,124823.0,0.37641300080914575,28.55572370476595,0.0,13.274379468174935,4.8,122293.0070874432,0.0380534790109258,80.7543481569903,1.762495693902566,79.36997188018233,201.63078919750367,-0.665237384018839,1.2054949140752065,-1.8707322980940455,1.4815331699345973,-2.146770553953436,3,3
34021,3807,25,115,102007254.0,190998844.0,0.030207512477016023,367922.0,0.8341224498670914,31.7293744326243,0.2727272727272727,15.167027590698572,10.6,85914.28488275061,0.0612173677521511,103.47301873766722,0.6794918488157815,277.2523904523241,519.1286305249482,0.4177557446401155,1.795619449136155,-1.3778637044960396,0.3939257391532937,0.023830005486821793,3,3
34023,4509,22,202,111717266.0,183459730.0,0.044799290308272344,825920.0,0.8635570030995738,30.075515425222783,0.11428571428571428,15.612816540425223,8.6,94898.20334341648,0.051572318248774,54.59366524602867,0.2663696241766757,135.26402799302596,222.1277242347927,0.20619686738755216,1.1263237412603473,-0.9201268738727951,-0.22312647043290842,0.4293233378204606,3,3
34025,4198,19,246,96111492.0,157081855.0,0.058599333015721775,621659.0,0.9021392757122474,32.46179851011567,0.0,13.26680249135941,6.7,105709.43131637448,0.0493595900421769,67.52898293115679,0.3056337960200045,154.60484284792787,252.6817033132312,0.30792059228040486,1.296581110543304,-0.9886605182628991,-0.15639315510085466,0.4643137473812595,3,3
34027,4029,17,195,88015372.0,199158658.0,0.04839910647803425,493379.0,0.9422756136763016,28.652385285956637,0.0,12.924065731263392,4.8,122449.8758854822,0.0431818764255144,81.66135972548487,0.3445626992636493,178.39302442949537,403.6626163659175,-0.04455103444117303,1.5201372504869102,-1.5646882849280832,-0.09218216123477795,0.047631126793604914,3,3
34029,3016,16,151,155030100.0,78546552.0,0.05006631299734748,596415.0,0.8675251293143197,35.709812965804005,0.0,13.501253218453595,10.0,75158.17297396848,0.0511847753992376,50.568815338313094,0.26826957739158136,259.93662131234123,131.69781444128668,0.7103209948373754,1.132381427740082,-0.4220604329027067,-0.2198499649349267,0.9301709597723021,3,3
34031,2573,15,85,133142416.0,375102590.0,0.033035367275553826,503637.0,0.626137475999579,32.12518540139029,0.38,16.82949288776837,13.9,73864.00539014675,0.0451905797044582,51.088383101320986,0.2978335586940594,264.3618638026992,744.7875950337246,0.4223017120193497,1.4642556258712494,-1.0419539138518996,-0.16948922667614355,0.5917909386954933,3,3
34033,535,9,18,2058918.0,3373277.0,0.03364485981308411,62990.0,0.4341959041117638,33.731830449277666,0.3333333333333333,18.226965825464358,10.6,70847.46080082924,0.0601845917190103,84.93411652643277,1.4287982219399906,32.68642641689157,53.55257977456739,0.13145000418015318,0.7940029691332687,-0.6625529649531156,1.2001743116861971,-1.068724307506044,3,3
34035,2302,7,125,55335656.0,161416480.0,0.05430060816681147,329838.0,0.9148460759524373,30.707366949835976,0.029411764705882353,13.998921713186474,5.5,120419.0609054638,0.0460969931252608,69.7918372049309,0.21222539549718347,167.76616399565847,489.3810901109029,0.11953699380881182,1.4559617521300734,-1.3364247583212616,-0.31862567490358024,0.43816266871239207,3,3
34037,979,14,47,14295653.0,21222967.0,0.04800817160367722,141483.0,0.5387502385445602,27.618881420382664,0.0,12.459263744789128,5.4,100184.04588274407,0.0510820017031508,69.19559240332761,0.9895181753284847,101.04148908349413,150.00365414926173,-0.5216103198008195,1.1188546279245644,-1.6404649477253839,0.7641548569217723,-1.2857651767225917,3,3
34039,3626,17,121,192293978.0,682514948.0,0.03337010479867623,554033.0,0.794375064301224,30.25525284594961,0.2962962962962963,16.789032356955275,8.9,85003.80989953778,0.0572009009702499,65.44736504865233,0.30684092824795633,347.0803688588947,1231.9030599260334,0.1626744845447222,1.7545145656335102,-1.591840081088788,-0.15437345522501647,0.31704793976973866,3,3
34041,759,10,34,13306670.0,21337856.0,0.04479578392621871,105862.0,0.5430277153275018,30.62725246075079,0.13043478260869565,16.39732530571877,8.3,86179.26596051919,0.0588935359923832,71.69711511212711,0.9446260225576694,125.69826755587462,201.56294043188302,-0.11902890662068084,1.2415810269779193,-1.3606099335986002,0.7142752446169124,-0.8333041512375933,3,3
35001,1384,8,40,7107306.0,7670172.0,0.028901734104046242,665346.0,0.9089841976956351,30.856507290943362,0.25165562913907286,15.781238547763119,13.5,56524.703585282055,0.0568177111990675,20.801207191446252,0.12023819185807084,10.682120280275225,11.528095156505037,0.6112906191089703,-0.48214485286879594,1.0934354719777661,-0.4910989915118325,1.1023896106208029,3,3
35003,24,0,0,,,0.0,3526.0,1.0,15.7,0.0,14.966876,18.6,44421.42787712447,0.0816959669079627,68.06579693703914,0.0,,,-0.09468882282832174,1.3814992112660467,-1.4761880340943685,-0.7392454361446669,0.6445566133163452,3,1
35005,117,1,1,269700.0,9071.0,0.008547008547008548,65144.0,0.7659646321994351,27.536046297433376,0.25,17.457134658541076,20.1,45957.258203871155,0.0511327546051238,17.960211224364485,0.1535060788407221,4.140058946334275,0.13924536411641902,0.6137792606989515,-1.1912363420076062,1.8050156027065576,-0.4271404350017498,1.0409196957007012,3,3
35006,43,0,0,,,0.0,26891.0,0.681343200327247,23.75959986612622,0.0,16.28434906998624,23.7,41774.79687237191,0.1370158491981618,15.990480086274218,0.0,,,0.46336245839546014,-0.9645458561366806,1.4279083145321407,-0.7392454361446669,1.202607894540127,3,1
35007,62,0,1,67749.0,101260.0,0.016129032258064516,12168.0,0.42414529914529914,29.093918474687705,0.0,14.924462459894805,17.8,38477.37234061973,0.0605828220858895,50.953320184089414,0.0,5.567800788954635,8.321827744904668,0.2177159561283765,-0.18171825291546137,0.39943420904383786,-0.7392454361446669,0.9569613922730433,3,3
35009,72,1,2,136347.0,190854.0,0.027777777777777776,49732.0,0.9204938470200273,27.66472291482345,0.08333333333333333,15.319951740167296,18.9,47794.107034962944,0.0637481508875739,14.477599935655112,0.20107777688409878,2.7416351644816217,3.8376498029437784,0.7177354363096775,-1.1051399688733754,1.822875405183053,-0.3388166534588222,1.0565520897684997,3,3
35011,13,0,0,,,0.0,2040.0,0.0,29.5,0.0,16.470945,18.0,33520.106337725156,0.1055634807417974,63.72549019607843,0.0,,,-0.20013369282221985,1.2729223050066754,-1.4730559978288953,-0.7392454361446669,0.539111743322447,3,1
35015,100,3,4,492728.0,934907.0,0.04,57732.0,0.8027263909097208,20.786413081133517,0.0,14.370483308442457,16.5,69242.73539386273,0.0453183114866572,17.32141619898843,0.5196424859696529,8.534746760895171,16.193913254347674,-0.06220978921027568,-0.5653160776688696,0.503106288458594,0.17533874851891873,-0.2375485377291944,3,3
35017,84,0,4,679321.0,414998.0,0.047619047619047616,27669.0,0.5401713108533015,30.727001337236615,0.0,16.69226613903647,19.9,40110.71570398524,0.0713628839433511,30.358885395207633,0.0,24.551700458997434,14.998662763381402,0.5915605612513054,-0.05900827471770032,0.6505688359690057,-0.7392454361446669,1.3308059973959723,3,3
35019,11,0,0,,,0.0,4353.0,1.0,27.8,1.0,18.623026,24.9,26284.00306602082,0.0700073691967575,25.269928784746153,0.0,,,1.1792509408298149,-0.23555601287098585,1.4148069537008008,-0.7392454361446669,1.9184963769744816,3,1
35021,5,0,0,,,0.0,441.0,1.0,31.4,0.0,17.591224,15.1,31135.27663780795,0.0114942528735632,113.37868480725623,0.0,,,0.8473980116335665,2.2253875404550483,-1.3779895288214816,-0.7392454361446669,1.5866434477782334,3,1
35023,22,0,0,,,0.0,4297.0,0.4482196881545264,26.610518966720967,0.0,16.265575017221316,24.0,45074.34125274625,0.0756658595641646,51.198510588782874,0.0,,,0.4386216078299274,0.9130858487312684,-0.47446424090134104,-0.7392454361446669,1.1778670439745942,3,1
35025,115,0,2,123181.0,50506.0,0.017391304347826087,70277.0,0.8490686853451342,23.654290877527497,0.0,14.997454747769538,17.0,64174.177338305366,0.0634405812143227,16.36381746517353,0.0,1.7527925210239481,0.7186704042574384,0.22950487271822742,-1.3028796810092844,1.5323845537275118,-0.7392454361446669,0.9687503088628943,3,3
35027,66,1,2,147248.0,-104720.0,0.030303030303030304,19461.0,0.8513950978880839,27.10645393350804,0.0,16.399509851908945,16.2,48985.46196061046,0.0442198357548957,33.9139818097734,0.5138482092389908,7.566312111402292,-5.381018447150712,0.4373246204028837,-1.1073489766218192,1.544673597024703,0.1669896198441006,0.2703350005587831,3,3
35028,90,0,3,355867.0,667486.0,0.03333333333333333,18625.0,1.0,21.516724832214766,0.0,8.27283982357047,3.8,128594.25711678,0.0341290195304793,48.32214765100671,0.0,19.106953020134227,35.83817449664429,-0.5678947282167957,0.2958409751675911,-0.8637357033843868,-0.7392454361446669,0.17135070792787122,3,3
35029,43,1,4,877721.0,568122.0,0.09302325581395349,24083.0,0.7558028484823319,31.171166382925712,0.5,18.785132899555705,26.4,31119.37777314184,0.1184057634208691,17.854918407175184,0.41523066063198105,36.4456670680563,23.590167337956235,1.2538530501275873,-0.17705005085883133,1.4309031009864186,0.019768072411294694,1.2340849777162926,3,3
35031,87,0,1,1776061.0,348674.0,0.011494252873563218,72438.0,0.7842016621110467,21.004682625141502,0.0,16.44633955404622,34.3,35861.47914088832,0.1401239265137515,12.010270852315085,0.0,24.518360529004113,4.813412849609321,1.0176414191400502,-0.7390045346044009,1.7566459537444512,-0.7392454361446669,1.756886855284717,3,3
35033,10,0,0,,,0.0,4536.0,1.0,33.9,0.0,18.128276,20.9,30150.606952819915,0.0911949685534591,22.045855379188712,0.0,,,1.3845220482395275,-0.4545999851738665,1.839122033413394,-0.7392454361446669,2.1237674843841945,3,1
35035,122,1,4,579900.0,264307.0,0.03278688524590164,66137.0,0.7110392064956076,32.95163221797178,0.125,15.986293638402106,19.4,44504.101973388264,0.0758385806502712,18.446557902535645,0.15120129428307905,8.768163055475755,3.996356048807778,0.9100781228313896,-0.7575700053565405,1.66764812818793,-0.4315116155935238,1.3415897384249134,3,3
35037,29,0,0,,,0.0,8326.0,1.0,27.50194571222676,0.0,16.52760088565938,22.8,30774.902372042685,0.0523311132254995,34.83065097285611,0.0,,,1.029446857548635,0.28366769394509356,0.7457791636035416,-0.7392454361446669,1.7686922936933018,3,1
35039,65,0,1,28690.0,232607.0,0.015384615384615385,39159.0,0.7490232130544703,30.285413314946755,0.0,15.574587051533493,18.5,42346.096076040965,0.0786568236754426,16.59899384560382,0.0,0.732654051431344,5.940064863760566,0.7002811300251625,-1.137977518312063,1.8382586483372254,-0.7392454361446669,1.4395265661698293,3,3
35041,31,0,3,728175.0,456458.0,0.0967741935483871,18888.0,1.0,34.81013341804321,0.2,17.3303277546061,19.3,45260.88793149532,0.086695179748006,16.412537060567555,0.0,38.55225540025413,24.16656077933079,1.354062632693329,-0.20487923306880176,1.5589418657621308,-0.7392454361446669,2.0933080688379957,3,3
35043,218,2,11,3563321.0,4333867.0,0.05045871559633028,142704.0,0.8402777777777778,32.52154249355309,0.21428571428571427,15.540571470232088,11.7,67625.29089516334,0.06963249516441,15.276376275367193,0.14015024105841462,24.97001485592555,30.36962523825541,0.5496991321173903,-0.2952665655617868,0.8449656976791771,-0.45259301203100505,1.0022921441483954,3,3
35045,216,1,6,756502.0,678642.0,0.027777777777777776,126515.0,0.8011856301624314,26.75358732166146,0.3939393939393939,18.14102732032565,19.9,53545.25634685216,0.0869620878216499,17.073074339011185,0.07904201082875549,5.979543927597518,5.364122831284828,0.5822180859763343,-0.8282580514615008,1.410476137437835,-0.5729852929092584,1.1552033788855927,3,3
35047,80,1,0,,,0.0,27738.0,1.0,37.83035546903165,0.0,16.61019847508833,24.7,32800.4177305057,0.0831507762644061,28.841300742663496,0.36051625928329367,,,1.9051079023899813,-0.022317701548520894,1.9274256039385023,-0.06640312007325905,1.9715110224632404,3,1
35049,571,6,23,7059714.0,8342258.0,0.040280210157618214,149293.0,0.6782702470979886,29.334264834921928,0.0,12.162376350525475,12.2,64867.367837747974,0.0408291200479701,38.246937230814574,0.4018942616197679,47.28764242127896,55.87842698586002,0.16995728419624245,0.4451829538160916,-0.2752256696198491,-0.000924752340397351,0.1708820365366398,3,3
35051,41,1,1,54375.0,316227.0,0.024390243902439025,11031.0,0.5243404949687245,36.044492793037804,0.25,17.848078040250204,23.5,31538.047876016193,0.1093180635085892,37.16798114404859,0.9065361254645998,4.929290182213761,28.6671199347294,1.1848681220656847,-0.16021073040581157,1.3450788524714963,0.6710421605821264,0.5138259614835583,3,3
35053,42,0,0,,,0.0,16858.0,1.0,29.635858346185785,0.5,18.824912536481193,25.2,44604.79478294033,0.0465601111883252,24.91398742436825,0.0,,,1.3326013277414845,-0.25837734402421014,1.5909786717656946,-0.7392454361446669,2.0718467638861515,3,1
35055,118,4,4,1682430.0,2691271.0,0.03389830508474576,32786.0,0.5463612517537974,33.71855060086622,0.0,16.653103308820835,18.5,40625.83891916736,0.0868505959043919,35.99097175623742,1.220032940889404,51.315500518514,82.08598182150918,0.733142350781487,0.5008586933508564,0.23228365743063062,1.0037520282051424,-0.2706096774236554,3,3
35057,40,0,1,114642.0,427142.0,0.025,15519.0,0.539789934918487,35.87899993556285,0.0,17.28989712236613,23.0,38284.466116004194,0.0693270206290159,25.77485662736001,0.0,7.387202783684516,27.523809523809526,1.1589972063136045,-0.2878202980860806,1.4468175043996852,-0.7392454361446669,1.8982426424582712,3,3
35059,12,0,2,178111.0,525317.0,0.16666666666666666,4133.0,1.0,21.0,0.0,17.67845,18.4,38034.323978590655,0.0273081924577373,29.034599564481006,0.0,43.09484635857731,127.1030728284539,0.28310773175225384,0.42741304698339916,-0.14430531523114531,-0.7392454361446669,1.0223531678969207,3,3
35061,106,2,3,460206.0,129905.0,0.02830188679245283,76027.0,0.8150130874557723,25.628071606139923,0.2222222222222222,16.920416051244956,17.3,51877.995405532274,0.0747506234413965,13.942415194601917,0.26306443763399845,6.053191629289595,1.7086692885422283,0.3560765783748229,-1.0915753441219522,1.4476519224967752,-0.2288380590685454,0.5849146374433684,3,3
36001,3596,29,192,262062202.0,390550099.0,0.05339265850945495,306968.0,0.8666896875244325,29.3958689505095,0.09333333333333334,15.326385932328451,12.9,70222.1054572954,0.045158109809698,117.14576112168044,0.9447238800135519,853.7117940632248,1272.2827754032994,0.421420767788441,2.2820192595163147,-1.8605984917278737,0.7143852213881464,-0.2929644535997054,3,3
36003,473,19,27,10534507.0,17961014.0,0.05708245243128964,46688.0,0.07113176833447567,30.91157899246059,0.0,16.631177005483206,15.0,51313.055747729646,0.049077420582081,101.31082933516107,4.069568197395476,225.63628769705278,384.7030071967101,-0.201816123897365,1.6822851166822945,-1.8841012405796596,2.8084063577528235,-3.0102224816501884,3,3
36005,3965,16,72,20023799.0,39488554.0,0.01815889029003783,1433112.0,0.04734103126622344,36.509839496145446,0.7662721893491125,22.20583409694218,27.7,42490.24578234707,0.1002293787322672,27.667063006938747,0.11164514706456997,13.972249900914932,27.554408866857578,0.9576365817662028,-0.120161794188138,1.0777983759543408,-0.5079281264156168,1.4655647081818195,3,3
36007,1540,12,77,13454539.0,29255768.0,0.05,183288.0,0.592357382916503,32.114963336388634,0.17307692307692307,17.791430130897822,16.8,55355.60707016708,0.0623170811021744,84.02077604644057,0.6547073458164201,73.40654598227925,159.61638514250797,0.5615080632410921,1.166715634703064,-0.6052075714619719,0.36143341839640264,0.2000746448446895,3,3
36009,622,15,44,51598316.0,57487063.0,0.0707395498392283,77121.0,0.2200827271430609,28.903178122690317,0.0,17.0162452760597,18.6,51621.49372225228,0.0553857371210634,80.65248116595998,1.9449955265102892,669.0566253030952,745.4138691147677,0.031126501242341547,1.9218849614869569,-1.8907584602446152,1.6213467500368344,-1.5902202487944928,3,3
36011,560,13,39,13571532.0,46034372.0,0.06964285714285715,77425.0,0.343571197933484,24.319018404907975,0.0,15.546501188569584,13.3,61875.20150758519,0.0452943479963451,72.32805941233451,1.6790442363577656,175.28617371649983,594.5672844688409,-0.49500383983270985,1.5216291845554084,-2.0166330243881183,1.4144937546917598,-1.9094975945244697,3,3
36013,1124,21,70,32732823.0,49027564.0,0.06227758007117438,128496.0,0.4985836134976964,31.334706916946836,0.0,16.378552351652967,16.7,49625.656244499354,0.06068898364839,87.47354003237454,1.634292118042585,254.7380696675383,381.5493400572781,0.3963270425063949,1.6266939810354153,-1.2303669385290203,1.377677414166608,-0.981350371660213,3,3
36015,659,10,36,4949185.0,14040730.0,0.054628224582701064,84895.0,0.598350904057954,28.102074327109953,0.0,13.774523808893338,16.9,58232.241650422766,0.0561272217025257,77.62530184345368,1.1779256728900407,58.297720713822955,165.3893633311738,0.2788270391011601,1.0790301498027681,-0.8002031107016081,0.961901277051678,-0.6830742379505179,3,3
36017,632,14,26,5855707.0,9377121.0,0.04113924050632911,47909.0,0.08896032060781899,31.219610094136794,0.0,16.230791580162393,14.3,55118.18402448643,0.0595160519570789,131.9167588553299,2.9222066835041436,122.2256152288714,195.72775470162182,-0.20244375109793256,1.5663972941679702,-1.7688410452659027,2.24760018770282,-2.4500439388007527,3,3
36019,535,8,31,12612873.0,37884083.0,0.05794392523364486,80583.0,0.5011975230507675,26.565220952310042,0.0,15.513943362197983,13.7,59742.633793703666,0.044030369459445,66.39117431716366,0.9927652234342231,156.520271024906,470.1250015511957,-0.1344542820698167,1.4056296337716363,-1.540083915841453,0.7677188817115237,-0.9021731637813404,3,3
36021,676,13,35,9243094.0,19561261.0,0.051775147928994084,60371.0,0.25606665451955407,28.00388762816584,0.0,14.925885903811432,13.7,70789.16496372016,0.0492748054941888,111.97429229265707,2.15335177485879,153.10486823143563,324.01750840635407,-0.29439629007519164,1.61947165950805,-1.9138679495832416,1.770745687042745,-2.0651419771179365,3,3
36023,356,12,14,14881646.0,3948379.0,0.03932584269662921,47865.0,0.4536091089522616,28.674929489188344,0.0,15.235064807918103,16.0,59380.13967931626,0.0525865231747584,74.37584874125143,2.5070510811657787,310.90872244855325,82.48989867335213,0.10922916030379977,1.297311055335203,-1.1880818950314032,2.003087045270556,-1.8938578849667562,3,3
36025,520,16,37,30676754.0,39482782.0,0.07115384615384615,44995.0,0.1882653628180909,29.225305033892653,0.0,16.14764108203134,16.3,52512.890067865774,0.046863803563751,115.56839648849872,3.555950661184576,681.7813979331037,877.4926547394155,-0.11972301947718623,2.1550415167113033,-2.2747645361884894,2.5749463740007963,-2.6946693934779824,3,3
36027,1968,40,86,29514637.0,59833172.0,0.04369918699186992,293754.0,0.6699998631599113,32.16115389067043,0.0759493670886076,15.882099976636916,8.0,86085.99262114464,0.0502899328507663,66.9948324107927,1.3616835855852176,100.47399184351532,203.6846204647426,0.11324618864177276,1.1566731101620034,-1.0434269215202305,1.1389321483553687,-1.0256859597135959,3,3
36029,6782,41,292,237412971.0,361566307.0,0.04305514597463875,919355.0,0.7716486014651577,29.038092031913678,0.008438818565400843,13.639003994009931,14.1,61603.86088395016,0.0429095623877156,73.76910986506844,0.4459648340412572,258.2386249055044,393.2825807223543,0.3651112898595166,1.5415260342735657,-1.1764147444140491,0.06672230745739839,0.2983889824021182,3,3
36031,454,8,29,16249927.0,79243695.0,0.06387665198237885,37459.0,0.04052430657518887,29.160791799033614,0.0,14.90498609284818,13.0,60164.483669511246,0.0499780797895659,121.19917776769267,2.135668330708241,433.8056808777597,2115.4781227475373,-0.4856115214026084,2.2448685924265743,-2.7304801138291825,1.758455200464035,-2.2440667218666435,3,3
36033,408,14,25,16623331.0,55026835.0,0.061274509803921566,50477.0,0.5779067694197357,27.55496562790974,0.0,15.311885224636965,14.6,53427.60474832291,0.0704144282425172,80.82889236682054,2.773540424351685,329.32486082770373,1090.1367949759297,0.07635118237835559,1.836112598454009,-1.7597614160756534,2.1631501750869515,-2.086798992708596,3,3
36035,433,6,30,21457353.0,18383600.0,0.06928406466512702,53646.0,0.4731387242292063,30.62627782127279,0.0,16.12971047744473,14.0,53507.09907165348,0.0510825179135526,80.71431234388398,1.1184431271669835,399.9804831674309,342.68351787644934,0.15220200386110358,1.6627771162543314,-1.5105751123932278,0.9013811537557507,-0.7491791498946471,3,3
36037,395,7,16,2877438.0,6090739.0,0.04050632911392405,57808.0,0.3710213119291448,26.304123996678662,0.0,16.03283092080681,10.4,64150.859003461745,0.0413046297497082,68.32964295599226,1.2109050650429007,49.775774979241625,105.36152435649045,-0.49576160422188575,0.8906273951099671,-1.386388999331853,0.9947475463912334,-1.4905091506131192,3,3
36039,414,6,29,4598609.0,8941652.0,0.07004830917874397,47424.0,0.11266447368421052,34.979904689608645,0.0,15.675873841219634,13.5,56813.00299789427,0.0392727956029501,87.29757085020243,1.2651821862348178,96.96796980431849,188.54698043184885,0.051228600165508675,1.2801646060461902,-1.2289360058806815,1.0477533727423212,-0.9965247725768125,3,3
36041,85,0,6,1685153.0,4025640.0,0.07058823529411765,4515.0,0.3419712070874862,24.66854928017719,0.0,14.78061725094131,10.6,62191.058952285326,0.0356179168915272,188.26135105204872,0.0,373.2343300110742,891.6146179401993,-0.6354285847696043,2.294025588531244,-2.9294541733008486,-0.7392454361446669,0.10381685137506258,3,3
36043,429,10,15,2138512.0,4852951.0,0.03496503496503497,62057.0,0.5210371110430733,22.940216252799846,0.0,14.284495460109257,14.1,57920.62390296692,0.0586984262016163,69.12999339317079,1.6114217574165688,34.46044765296421,78.20150829076495,-0.3553135955857674,0.7617898344983115,-1.117103430084079,1.3586203837890585,-1.7139339793748258,3,3
36045,816,14,66,43023127.0,75619112.0,0.08088235294117647,112842.0,0.3626486591871821,29.527509260736252,0.0,13.05694797294447,13.3,55842.11232895019,0.0621597588218708,72.3135002924443,1.240672799135074,381.26873859024124,670.1326810939189,-0.09107614557079353,1.716646269565543,-1.8077224151363365,1.0239771103847675,-1.115053255955561,3,3
36047,13504,54,284,1237422615.0,164166616.0,0.02103080568720379,2589974.0,0.030363368125336153,33.49142921898058,0.3731931668856767,19.86828112209505,19.1,63840.301180316965,0.061651865294127,52.13951954730047,0.20849630150727383,477.77414560918373,63.38543012400897,0.19346107570434776,1.1495137635768184,-0.9560526878724707,-0.32535920601042345,0.5188202817147712,3,3
36049,219,7,23,8442433.0,11796300.0,0.1050228310502283,26572.0,0.5110266445882884,29.48152190275478,0.0,15.574519962742738,11.0,57791.31313701586,0.0480108643553283,82.41758241758242,2.6343519494204424,317.7191404485925,443.93722715640524,-0.0736228515974724,1.6712591248557065,-1.7448819764531789,2.0810122387112613,-2.1546350903087337,3,3
36051,454,9,26,4669388.0,10670480.0,0.05726872246696035,63591.0,0.3301725086883364,30.839502445314594,0.0,14.020696257190483,11.3,63076.095752032394,0.0354743083003952,71.39375068799043,1.415294617162806,73.42844113160668,167.798587850482,-0.15153786088469223,1.0864118834990701,-1.2379497443837624,1.1879893983155518,-1.339527259200244,3,3
36053,604,12,32,10959050.0,18573518.0,0.052980132450331126,71205.0,0.3602696439856752,26.044960325819815,0.0,13.195047296229198,11.0,65326.31506444315,0.040055170860778,84.82550382697843,1.6852749104697702,153.90843339653114,260.8456990379889,-0.4899539224218539,1.4269958275275958,-1.9169497499494497,1.4195707257096275,-1.9095246481314814,3,3
36055,5064,41,217,90867269.0,152313376.0,0.04285150078988942,743341.0,0.8428729210416216,31.989494458128902,0.20833333333333334,15.940138411852702,13.1,63674.952987789366,0.0549075288916048,68.12485790505299,0.5515638179516534,122.24170199141444,204.90377363820912,0.598613694411476,1.2103642884927683,-0.6117505940812923,0.2207717798570779,0.37784191455439814,3,3
36057,418,10,21,4096507.0,12528318.0,0.050239234449760764,49302.0,0.48326639892904955,32.9781996673563,0.0,17.342183258204535,15.8,52425.97627435769,0.0664883289468007,84.78357875948238,2.0283152813273295,83.09007748164375,254.11378848728248,0.4458440338164325,1.2854541746868517,-0.8396101408704193,1.6823208080146868,-1.2364767741982543,3,3
36059,9676,24,327,226472756.0,441383915.0,0.03379495659363373,1356509.0,0.8252765001927742,29.66435312998292,0.021505376344086023,15.854900005917395,5.8,123057.21251572778,0.0386349946823601,71.33015704282094,0.17692473842783205,166.95263798470927,325.382223781781,-0.036062289571539896,1.3908111312447833,-1.4268734208163232,-0.38321414758106,0.3471518580095201,3,3
36061,30925,67,626,1414331999.0,1679096885.0,0.020242522231204527,1631993.0,0.0,27.49025724987791,0.375,19.860267265036065,16.5,91739.62889641504,0.0519658509822972,189.49223434169141,0.4105409765850711,866.6287165447401,1028.8627984311206,-0.4393489226959674,2.512101352584154,-2.9514502752801213,0.012513848077863028,-0.45186277077383047,3,3
36063,1288,9,77,39396817.0,-10220813.0,0.059782608695652176,210820.0,0.6375106726117067,28.26791955222465,0.03278688524590164,15.380875631320556,13.8,58849.117599468016,0.0499693294955881,61.09477279195522,0.42690446826676787,186.8741912532018,-48.48123043354521,0.14472633750511785,-0.47952213020041307,0.6242484677055309,0.03772178682624248,0.10700455067887538,3,3
36065,1658,20,76,96131564.0,106786829.0,0.045838359469240045,229959.0,0.5070382111593806,27.43358772650777,0.0,13.886775888071352,15.7,59384.37937656055,0.0464019388516032,72.09980909640414,0.8697202544801464,418.03784152827245,464.3733404650394,0.057557449339688004,1.6671207996927973,-1.6095633503531093,0.6284262838021415,-0.5708688344624535,3,3
36067,3378,36,180,237495967.0,401939931.0,0.05328596802841918,462872.0,0.7863729065486786,29.14031632935239,0.10714285714285714,15.518899332588708,13.6,65035.89580320879,0.0528207292585913,72.97913894121916,0.7777528128726732,513.0921010560155,868.3608665030505,0.35815277511045257,1.83618399378968,-1.4780312186792275,0.5181916329401149,-0.16003885782966237,3,3
36069,763,27,43,28733935.0,38111349.0,0.0563564875491481,109511.0,0.3011934874122234,28.740833340942924,0.0,13.936386496790275,8.2,68835.7244584102,0.0345179810503328,69.67336614586662,2.465505748280995,262.38400708604615,348.01388901571534,-0.5261459251484748,1.4908690974077896,-2.017015022556264,1.977042344002595,-2.50318826915107,3,3
36071,1918,13,78,155710545.0,290270675.0,0.040667361835245046,368697.0,0.6961163231596676,32.59660724117636,0.05263157894736842,15.625633201534052,12.7,84734.58912452491,0.0426230216138017,52.02103624385335,0.3525930506621968,422.3265852447945,787.2878678155776,0.45979781317190954,1.5887821305060277,-1.128984317334118,-0.0791680693832322,0.5389658825551418,3,3
36073,259,1,19,3048113.0,9997511.0,0.07335907335907337,40904.0,0.2863778603559554,30.409747212986506,0.0,16.632700357055544,11.7,55773.21724873036,0.0538016660476468,63.31899080774497,0.2444748679835713,74.51870232740075,244.41401818893019,-0.20628977389186745,1.0936289766356038,-1.2999187505274712,-0.26124317678263326,0.05495340289076581,3,3
36075,741,12,33,5476553.0,19334792.0,0.044534412955465584,118339.0,0.20862944591385765,32.658225099079765,0.0,15.658010054107267,14.9,59320.783917896086,0.0688546020606498,62.61671976271559,1.0140359475743417,46.27851342330086,163.38478439060665,0.06970416446343886,0.9080783861974462,-0.8383742217340073,0.7909234035380975,-0.7212192390746587,3,3
36077,649,16,52,20073997.0,40906109.0,0.08012326656394453,59972.0,0.6301273927832989,29.471433335556593,0.0,15.02112202294404,14.2,57265.590678723,0.0579412852675118,108.2171680117388,2.6679116921229906,334.7228206496365,682.0867905022344,0.24963208781424395,1.9132214923822248,-1.6635894045679809,2.1011007721283126,-1.8514686843140686,3,3
36079,538,3,31,4013166.0,18955672.0,0.05762081784386617,98787.0,0.8738599208397866,30.52368125360624,0.0,12.8158861417393,7.3,110747.2515669107,0.0457363042385659,54.460607164910364,0.30368368307570837,40.62443438914027,191.88427627116928,0.17118501289064703,0.8330033004485617,-0.6618182875579147,-0.15965991324701864,0.3308449261376657,3,3
36081,7943,21,260,206865113.0,425689929.0,0.03273322422258593,2287388.0,0.11773953522533125,33.40193775607811,0.21076233183856502,19.34045407716487,13.8,72780.76274422878,0.0558584715728523,34.72519747414955,0.09180777375766594,90.43726425075239,186.10306996451848,-0.04110792034798464,0.7577682666057338,-0.7988761869537184,-0.5472809759022255,0.5061730555542409,3,3
36083,1172,10,55,7899610.0,22423175.0,0.04692832764505119,159185.0,0.6540189088167855,26.880816659861168,0.023809523809523808,15.172302004133556,12.4,73125.23814532795,0.047443762781186,73.62502748374533,0.6281998932060181,49.62534158369193,140.86236140339855,-0.024685592558633108,0.9848162164892537,-1.0095018090478867,0.3261392559121484,-0.3508248484707815,3,3
36085,1701,4,78,15996663.0,52097132.0,0.04585537918871252,474893.0,0.6161324761577871,31.72556260041736,0.1743119266055046,17.622157121604236,13.1,87743.71424366486,0.0457691965477355,35.818594925593764,0.08422950011897416,33.68477320154224,109.70288464980533,0.33333521327177884,0.4601078031166251,-0.12677258984484624,-0.5625036086083375,0.8958388218801163,3,3
36087,2857,9,72,41160739.0,51315999.0,0.02520126006300315,324422.0,0.8316051315878701,35.22327123314695,0.0,15.51485126398025,15.2,98598.39911337693,0.0551380692074302,88.06431129824735,0.27741645141204974,126.874068343084,158.17669270271438,0.9522109206552716,1.311841176072505,-0.3596302554172335,-0.20414439185963681,1.1563553125149084,3,3
36089,906,16,37,12216837.0,39240398.0,0.04083885209713024,108913.0,0.5222608871300947,27.349457824134856,0.0,15.777742836640252,19.0,53992.54440612552,0.0742160204967497,83.18566195036405,1.4690624626995858,112.17060406012138,360.2912232699494,0.26881694181362503,1.4062914416747754,-1.1374744998611503,1.2361084247917078,-0.9672914829780828,3,3
36091,1312,17,67,53022054.0,105172366.0,0.051067073170731704,228502.0,0.5011378456206073,25.525559513702284,0.0,14.595729426145068,7.2,89342.08010476494,0.0346848732730024,57.41744054756632,0.7439759827047465,232.04196899808318,460.268907930784,-0.6068154520138903,1.4094407453266549,-2.016256197340545,0.4762678600969684,-1.0830833121108587,3,3
36093,984,5,35,4970178.0,13307952.0,0.03556910569105691,154859.0,0.7749178284762268,30.399441427362955,0.023255813953488372,15.644600560032032,14.0,69423.98245105645,0.0655563384792774,63.54167339321576,0.3228743566728443,32.09486048599048,85.93592881266184,0.4627352993461697,0.7174784994277491,-0.2547432000815794,-0.12772284800748115,0.5904581473536509,3,3
36095,251,8,12,2097671.0,4250804.0,0.04780876494023904,31222.0,0.20219716866312215,27.6737716994427,0.0,15.994723881429763,13.5,61172.471689342914,0.053587826315099,80.39203126000898,2.562295817052079,67.18567036064313,136.14771635385304,-0.3892762328878274,1.0933888130192266,-1.482665045907054,2.037245995033368,-2.4265222279211955,3,3
36097,142,5,6,1270018.0,3967699.0,0.04225352112676056,17920.0,0.0,28.43405133928572,0.0,16.245472547935268,13.3,55462.65942558559,0.0563267179075369,79.24107142857143,2.790178571428571,70.87154017857142,221.41177455357143,-0.5647587762733887,1.1875261873899638,-1.7522849636633526,2.172765286793069,-2.7375240630664575,3,3
36099,246,5,21,5074226.0,8764847.0,0.08536585365853659,34390.0,0.25431811573131724,29.662076184937487,0.0,17.08450608141902,14.1,57813.57154754842,0.0360837749179914,71.53242221576039,1.4539110206455363,147.54946205292237,254.86615295143937,-0.14992564734190872,1.319483201284284,-1.469408848626193,1.222655648995683,-1.3725812963375916,3,3
36101,755,18,46,30405577.0,34654711.0,0.060927152317880796,96422.0,0.4693327248968078,27.141339113480324,0.0,15.827635449772872,14.2,56878.718305180875,0.06316157816464,78.30163240754185,1.8667938852129182,315.33858455539195,359.40668104789364,-0.09616892065246764,1.6020050986006928,-1.6981740192531605,1.5625279349091048,-1.6586968555615724,3,3
36103,7963,50,386,175315045.0,300433920.0,0.04847419314328771,1483832.0,0.9540776853444325,33.92150782568377,0.0,14.989389740187569,7.0,107085.21307214897,0.0418701481374836,53.66510494449506,0.3369653707427795,118.15019827042414,202.4716544730131,0.48991152246909825,1.0697383004857317,-0.5798267780166335,-0.104566242160917,0.5944777646300152,3,3
36105,660,8,29,8620170.0,23498715.0,0.04393939393939394,75116.0,0.13188934448053677,27.52765722349433,0.0,17.092366734770224,14.5,60867.21348775351,0.0746285393888421,87.86410351988924,1.065019436604718,114.75810746046115,312.83235262793545,-0.4153712742832947,1.4151871776219676,-1.8305584519052622,0.8455591181736066,-1.2609303924569013,3,3
36107,339,6,23,3978366.0,7105550.0,0.06784660766961652,48686.0,0.24015117282175574,27.035439346013227,0.0,15.94391281043832,13.3,66774.17167337066,0.0609042991269972,69.6298730641252,1.232387133878322,81.71478453764942,145.94647331881856,-0.40726910202099026,1.0703239692582323,-1.4775930712792225,1.0158804257551846,-1.4231495277761748,3,3
36109,1098,18,34,6923059.0,15059814.0,0.030965391621129327,102642.0,0.44867598059273983,35.450806687320984,0.0,13.217937236667249,15.7,63849.84049911663,0.0381656301393168,106.97375343426667,1.7536680890863388,67.44859803978878,146.72175132986496,0.5841827542669621,1.2657144452062492,-0.6815316909392871,1.4745381305912564,-0.8903553763242943,3,3
36111,1390,23,74,11360183.0,31581542.0,0.053237410071942444,178665.0,0.4192986874877564,34.33633727926566,0.0,15.750602704178215,12.7,68157.37289932264,0.0506030128874956,77.79923320180225,1.2873254414686706,63.58370693756471,176.76401085831026,0.2876496280254919,1.1116813676932529,-0.824031739667761,1.0690141074858284,-0.7813644794603365,3,3
36113,618,4,49,40801559.0,66213414.0,0.07928802588996764,64276.0,0.6821675275374945,29.6187426099944,0.0,13.979142929444892,10.5,64680.821158998886,0.0400624193499985,96.14786234364304,0.6223162611239033,634.7868411226585,1030.1421059182276,0.09159869818414178,2.0674287740351946,-1.975830075851053,0.3182274119528554,-0.22662871376871363,3,3
36115,425,15,31,9393563.0,15893634.0,0.07294117647058823,61616.0,0.25842313684757207,30.718199818229028,0.0,14.883990568115426,11.5,60689.14620349303,0.0481183849470795,68.97559075564789,2.4344326149052193,152.45330758244612,257.9465398597767,-0.22608393353406073,1.3089587309214001,-1.535042664455461,1.9573577331205547,-2.1834416666546153,3,3
36117,595,16,34,35967577.0,34639316.0,0.05714285714285714,90519.0,0.23514400291651477,29.09326329278936,0.0,14.729251224748396,11.0,63011.44036905685,0.0511165831705867,65.73205625338326,1.7675847059733316,397.3483688507385,382.67453241860824,-0.40133499545279244,1.5689280809599662,-1.9702630764127587,1.4855555788494659,-1.8868905743022584,3,3
36119,7664,32,301,185082021.0,383251663.0,0.039274530271398746,968890.0,0.6376942574371962,31.51198639680459,0.15246636771300448,16.841475004893226,9.3,102399.2876928894,0.0537100504770107,79.10082671923541,0.33027485060223555,191.02480260917133,395.5574554386979,0.10961043435973587,1.5140032430081947,-1.4043928086484587,-0.11553058790847712,0.22514102226821298,3,3
36121,296,11,15,5518182.0,7616486.0,0.05067567567567568,40305.0,0.3925319439275524,24.320027291899265,0.0,14.586176634487039,10.6,61530.72610648603,0.0556009394465434,73.44001984865402,2.7291899268080884,136.91060662448828,188.97124426249846,-0.6062490716094922,1.2617344830735215,-1.8679835546830137,2.137311616835768,-2.7435606884452604,3,3
36123,187,7,10,1701123.0,3383891.0,0.053475935828877004,25011.0,0.0,33.32217024509216,0.0,15.98263374495222,12.3,59952.49880729638,0.041116623223745,74.76710247491104,2.7987685418415897,68.01499340290272,135.29610971172684,-0.2659821048961965,1.0549910519328742,-1.3209731568290708,2.17771288459061,-2.4436949894868065,3,3
37001,239,1,13,2348204.0,5164496.0,0.05439330543933055,163324.0,0.6956111777815875,28.88133770909358,0.1111111111111111,15.752825999938777,12.5,52665.51916866048,0.0529697959980002,14.63348926061081,0.061227988538120545,14.377580759716881,31.621170189316942,0.17370147534019764,-0.42742792268321983,0.6011293980234175,-0.6093673722787231,0.7830688476189207,3,3
37003,39,2,5,1702288.0,1808938.0,0.1282051282051282,37213.0,0.36503372477360063,23.012146292962136,0.0,15.887379909037165,12.4,51677.66971073922,0.0513769701048852,10.480208529277403,0.5374465912449949,45.74444414586301,48.61037809367694,-0.6226943584138784,-0.27306910035843857,-0.34962525805543987,0.20079538557589527,-0.8234897439897737,3,3
37005,24,0,2,159904.0,348058.0,0.08333333333333333,11008.0,0.0,34.33606468023256,0.0,16.62570861237282,16.3,40096.93668794127,0.0393049234588332,21.802325581395348,0.0,14.526162790697674,31.618640988372093,0.05218842088951048,-0.21482203955969362,0.26701046044920407,-0.7392454361446669,0.7914338570341773,3,3
37007,47,1,2,6935.0,14267.0,0.0425531914893617,24902.0,0.2235161834390812,32.328339089229786,0.6666666666666666,19.37089151630391,24.1,42622.73632123136,0.0844722687593686,18.87398602521886,0.40157417074933743,0.2784916874146655,0.5729258694080797,0.6217794011429143,-1.415373121322208,2.0371525224651226,-0.001423822587533201,0.6232032237304475,3,3
37009,48,1,5,299529.0,528791.0,0.10416666666666667,26863.0,0.3274764546029855,26.02563377135838,0.0,16.35684620396084,15.3,43416.619630226014,0.0362782099668797,17.868443584111976,0.3722592413356662,11.150243829803076,19.684733648512825,-0.2650985687934762,-0.4602566653738976,0.19515809658042138,-0.047620283706761385,-0.21747828508671482,3,3
37011,29,0,2,8994455.0,31941238.0,0.06896551724137931,17506.0,0.0,37.00257054724094,0.0,14.934592278647319,15.9,42757.3467087378,0.0455009479364153,16.565748886096195,0.0,513.7926996458357,1824.5880269621844,0.22403360354134003,1.173324542871714,-0.949290939330374,-0.7392454361446669,0.9632790396860069,3,3
37013,113,3,20,8623977.0,-17215709.0,0.17699115044247787,47168.0,0.47383819538670285,32.392499151967435,0.45454545454545453,18.711792746077847,19.3,47921.297952291854,0.0705825941021337,23.956919945725915,0.6360244233378561,182.83533327679783,-364.987046302578,0.6056469229191643,-1.3664930356732634,1.9721399585924277,0.3366168884645386,0.26903003445462575,3,3
37015,36,1,0,,,0.0,19380.0,0.7960268317853457,28.587425180598558,1.0,19.750795330701752,24.3,37655.93099953713,0.1091416777953138,18.575851393188852,0.5159958720330238,,,0.9794832271411454,-0.7275944805261043,1.7070777076672496,0.17008796607146914,0.8093952610696763,3,1
37017,64,1,4,896053.0,815559.0,0.0625,33407.0,0.5122579100188583,28.84183554344898,0.3333333333333333,17.878626784296706,19.3,38340.642104491126,0.0506456965586898,19.157661567934863,0.29933846199898223,26.822312688957403,24.412817672942797,0.3860475726792905,-0.19996865097922364,0.5860162236585141,-0.1669564786280219,0.5530040513073124,3,3
37019,210,2,11,1698160.0,2850978.0,0.05238095238095238,131815.0,0.4261578727762394,31.597545802829725,0.12121212121212122,16.47746278500171,10.3,61725.752179723706,0.0576461312403684,15.931419034252551,0.15172780032621477,12.882904070098244,21.628631035921558,-0.05257441086516349,-0.4741143932270177,0.4215399823618542,-0.43051229034179783,0.3779378794766343,3,3
37021,664,6,24,15761039.0,23504990.0,0.03614457831325301,256886.0,0.6630489789245034,31.914249900734177,0.10714285714285714,15.738255018950039,12.9,55335.46850825667,0.0324551791312817,25.848041543719784,0.23356664045529923,61.35421548858248,91.49969247059006,0.38591278117912076,0.38139451020215426,0.004518270976966499,-0.2804843910925774,0.6663971722716981,3,3
37023,109,0,9,26698001.0,-115160577.0,0.08256880733944955,89968.0,0.4551951805086253,29.183352969944867,0.1111111111111111,17.085545979903962,15.9,47227.047528538176,0.0741478687824663,12.115418815578872,0.0,296.7499666548106,-1280.0170838520362,0.14226965478982317,-1.8516428271476892,1.9939124819375125,-0.7392454361446669,0.88151509093449,3,3
37025,346,3,19,7369720.0,5445253.0,0.05491329479768786,206615.0,0.7315151368487283,26.449801321298064,0.16216216216216217,14.833321364397554,9.1,71362.58401601136,0.0501375332333649,16.74612201437456,0.14519758972001065,35.66885269704523,26.35458703385524,-0.17331295905024968,-0.1956222693274838,0.022309310277234123,-0.44293926835588454,0.26962630930563486,3,3
37027,93,1,5,314971.0,1426619.0,0.053763440860215055,81884.0,0.5346221484050608,26.32128865223975,0.23529411764705882,16.592611239204242,13.6,47178.29101022876,0.0632975748639991,11.357530164623126,0.12212398026476479,3.846551218797323,17.422439060133847,-0.12224920312077343,-0.9230958817290675,0.8008466786082941,-0.4874230265276595,0.3651738234068861,3,3
37029,18,2,1,88127.0,134565.0,0.05555555555555555,10551.0,0.0,30.955473414842192,0.0,14.077190483650837,8.0,68441.43261469055,0.0751708428246013,17.059994313335228,1.8955549237039144,8.352478438062743,12.753767415410861,-0.7019596737526671,-0.6193466945851829,-0.08261297916748422,1.5843448170985845,-2.2863044908512515,3,3
37031,132,1,5,1035790.0,890991.0,0.03787878787878788,69070.0,0.5839727812364268,25.974156652671205,0.0,13.36192994573621,10.6,60621.31104758428,0.0571314422692768,19.11104676415231,0.14478065730418416,14.996235702910091,12.899826263211235,-0.27695554271144357,-0.437560185445714,0.16060464273427044,-0.44373509480803225,0.16677955209658868,3,3
37033,27,0,1,184833.0,524328.0,0.037037037037037035,22684.0,0.2620789984129783,35.58657203315112,0.3333333333333333,17.72869286378064,16.5,48473.51851836157,0.0541534181240063,11.902662669723153,0.0,8.148166108270146,23.114441897372597,0.440555868618453,-0.7068855509331452,1.147441419551598,-0.7392454361446669,1.17980130476312,3,3
37035,257,1,7,828512.0,1294074.0,0.027237354085603113,157613.0,0.6188893048162271,24.613755210547353,0.1935483870967742,16.296251294353894,11.9,55175.419937284445,0.0650783397297057,16.30576158058028,0.06344654311509837,5.256622232937638,8.210452183512782,-0.26003397812153645,-0.807799977310351,0.5477659991888146,-0.6048032011121186,0.34476922299058216,3,3
37037,129,4,5,4449164.0,5734714.0,0.03875968992248062,71338.0,0.33680506882727296,26.903584344949397,0.15384615384615385,16.364875927051504,8.4,71047.78649562229,0.0427087341285109,18.082929154167484,0.5607109815245732,62.3673778350949,80.38792789256777,-0.6105384244247696,0.17071144785409154,-0.7812498722788611,0.23361854604524102,-0.8441569704700106,3,3
37039,58,3,3,934249.0,506254.0,0.05172413793103448,27969.0,0.2709785834316565,28.605345203618292,0.0,16.04415909628517,14.6,43921.143602297394,0.0528430430605293,20.73724480675033,1.0726161106939827,33.403017626658084,18.100539883442384,-0.1791688900528324,-0.16384502905446302,-0.015323860998369382,0.8535843171449226,-1.032753207197755,3,3
37041,40,2,4,428245.0,572846.0,0.1,14097.0,0.8331559906363056,24.684216499964535,0.0,18.006500130737038,15.1,49306.619026865985,0.0769993390614672,28.374831524437823,1.4187415762218911,30.37844931545719,40.636021848620274,0.17233779787887357,0.12909978855774096,0.043238009321132614,1.191106208550828,-1.0187684106719543,3,3
37043,20,1,0,,,0.0,10946.0,0.0,25.551434313904622,0.0,16.436154102685915,12.1,44752.124262179655,0.0314653192466697,18.27151470856934,0.913575735428467,,,-0.8499326531529469,-0.7538061125060459,-0.09612654064690096,0.6790970033833009,-1.5290296565362478,3,1
37045,143,2,8,1741111.0,1272963.0,0.055944055944055944,97282.0,0.5164470302830945,28.218768117431797,0.5454545454545454,19.09964266816061,17.2,44778.62236995651,0.0831830529367452,14.699533315515717,0.20558787853868135,17.8975658395181,13.085288131411772,0.21687129495722968,-0.535959006818934,0.7528303017761637,-0.33062530994311423,0.5474966049003439,3,3
37047,108,2,2,444142.0,888796.0,0.018518518518518517,56068.0,0.09640079902974959,34.794795605336375,0.5384615384615384,18.606209724584435,20.1,39882.83197710426,0.065655133295519,19.262324320468004,0.3567097096382964,7.921488192908611,15.852108154383963,0.4218604599381401,-0.5277616049106751,0.9496220648488152,-0.07252648420772528,0.49438694414586537,3,3
37049,218,1,7,1773270.0,941650.0,0.03211009174311927,102491.0,0.5866661462957723,28.334851840649424,0.42857142857142855,17.91452418456255,15.5,55844.232177572354,0.0709110564206361,21.270160306758644,0.0975695426915534,17.30171429686509,9.187635987550127,0.19803608208197118,-0.4086808279808527,0.6067169100628239,-0.5357777331057624,0.7338138151877336,3,3
37051,516,4,15,3926801.0,3415052.0,0.029069767441860465,332861.0,0.8219587154998633,30.3573813093153,0.17647058823529413,16.096033841525443,15.3,49683.95208160843,0.0845686652658242,15.501966286227585,0.12017028128858592,11.797119518357512,10.259693986378698,0.589807299051699,-0.6370246606700191,1.226831959721718,-0.4912314849061707,1.0810387839578697,3,3
37053,38,1,2,923810.0,1416228.0,0.05263157894736842,26363.0,0.0,34.38536206046353,0.0,14.463421309790236,7.8,74156.54450000325,0.0431600392363993,14.414141030990404,0.37931950081553695,35.04191480484012,53.72028980009862,-0.46176624928853466,-0.14849585512241972,-0.3132703941661149,-0.036404652237758246,-0.4253615970507764,3,3
37055,106,2,8,1202239.0,2215540.0,0.07547169811320754,36222.0,0.8224559659875214,32.72105902490199,0.0,12.233021188283363,8.9,62939.365515903795,0.0435730978966502,29.26398321462095,0.5521506266909613,33.19085086411573,61.165589972944616,0.37455752245627333,0.23977900890242743,0.1347785135538459,0.22159819616992213,0.1529593262863512,3,3
37057,186,5,6,901451.0,1955590.0,0.03225806451612903,165381.0,0.48761345015449176,28.035407936824665,0.14705882352941177,16.098779408692657,14.0,52515.00991648793,0.0588124694468469,11.2467574872567,0.30233219051765314,5.4507531094865795,11.824756169088348,-0.022739489480309127,-0.9319454629295096,0.9092059734492005,-0.16192675237901316,0.13918726289870403,3,3
37059,62,0,9,1512594.0,2003258.0,0.14516129032258066,42257.0,0.4172089831270559,26.323813805996636,0.14285714285714285,15.365572303760324,9.7,64055.465815465046,0.0388708247117942,14.672125328347965,0.0,35.795110869205104,47.4065361951866,-0.4868551848109354,-0.1575273240444733,-0.32932786076646214,-0.7392454361446669,0.25239025133373144,3,3
37061,61,3,2,403595.0,1116329.0,0.03278688524590164,58967.0,0.27785032306205165,28.8603083080367,0.8181818181818182,19.658860522868725,19.8,44266.67892770762,0.0796180710358151,10.344769108145233,0.5087591364661591,6.844421456068648,18.931419268404362,0.16368086731033168,-0.8485589472541841,1.0122398145645157,0.15963023695807158,0.0040506303522601095,3,3
37063,931,5,30,9545330.0,13112772.0,0.0322234156820623,311848.0,0.8205439829660603,29.12703400374541,0.18333333333333332,15.677927562969783,10.6,64610.86615446799,0.0456039032161704,29.85428798645494,0.16033452194658937,30.608918447448758,42.04860060029245,0.21155171637429301,0.16436712898785924,0.047184587386433774,-0.4142409141449277,0.6257926305192207,3,3
37065,118,2,0,,,0.0,52648.0,0.496752013371828,29.176802537608268,0.7857142857142857,19.525477589082204,22.6,39075.16965206563,0.0845680322649119,22.413007141771768,0.3798814769791825,,,0.594824802516052,-0.4281589449954284,1.0229837475114802,-0.035514388618263205,0.6303391911343151,3,1
37067,1080,3,31,12499516.0,31717606.0,0.028703703703703703,375195.0,0.891275203560815,29.419761190847424,0.16129032258064516,14.741847725774598,14.8,54659.236797791265,0.0558217379889734,28.785031783472594,0.07995842162075721,33.314719012780024,84.53632377830195,0.5655320309620919,0.29131443277575647,0.27421759818633545,-0.5711299612642465,1.1366619922263386,3,3
37069,101,3,5,807119.0,388190.0,0.04950495049504951,66362.0,0.1680178415358187,25.071334498658874,0.3333333333333333,17.07136839500015,11.3,58500.402501124576,0.0580405980308739,15.219553358849945,0.45206594135197853,12.162367017268918,5.849582592447485,-0.7517876221108838,-0.7332274470591414,-0.018560175051742345,0.07592448001039856,-0.8277121021212823,3,3
37071,265,1,13,4199587.0,7652838.0,0.04905660377358491,219271.0,0.7853022059460667,27.848034167765004,0.36923076923076925,17.45997128881612,13.5,56001.10097561134,0.0623219045868186,12.085501502706697,0.0456056660479498,19.152496226131134,34.901277414706,0.255816243292145,-0.448360053767874,0.7041762970600189,-0.64177948731972,0.8975957306118649,3,3
37073,30,1,0,,,0.0,11548.0,0.3381537928645653,23.573276757880148,0.3333333333333333,18.082412024593005,14.0,53791.1587870214,0.0630791161796151,25.978524419812956,0.8659508139937652,,,-0.5131254259322638,-0.19103043509072462,-0.32209499084153925,0.6240157366471197,-1.1371411625793835,3,1
37075,15,1,1,54131.0,151774.0,0.06666666666666667,8509.0,0.0,14.926289810788575,0.0,16.567051010459515,16.9,41942.26491352165,0.0407701019252548,17.628393465742153,1.175226231049477,6.361617111293924,17.836878599130333,-1.339451109582737,-0.5967511036487174,-0.7427000059340196,0.9591907467366617,-2.298641856319399,3,3
37077,74,2,2,21278.0,49449.0,0.02702702702702703,59328.0,0.34472761596548,30.551486650485437,0.38461538461538464,17.541813883933386,11.4,59203.13231936684,0.0556899877257583,12.473031283710895,0.33710895361380794,0.35865021574973033,0.8334850323624595,-0.15085857718089601,-1.5899197343259506,1.4390611571450544,-0.10433154209056206,-0.04652703509033396,3,3
37079,23,0,1,62091.0,19833.0,0.043478260869565216,21033.0,0.0,31.801269433746967,0.5,18.57600593077545,22.0,42224.20478026742,0.0752354570637119,10.93519707126896,0.0,2.9520753102267863,0.9429467978890316,0.21276211711683168,-1.4082775096101134,1.6210396267269451,-0.7392454361446669,0.9520075532614986,3,3
37081,1158,19,29,6221755.0,8184281.0,0.025043177892918825,527868.0,0.8312608455144089,28.594797563027118,0.14285714285714285,14.557528968124606,14.8,56452.628732129,0.0565369971612287,21.937302507445043,0.3599384694658513,11.786573537323726,15.504408299044458,0.43975652071239585,-0.3821498701683456,0.8219063908807415,-0.06733147158205319,0.507087992294449,3,3
37083,92,0,3,278645.0,500302.0,0.03260869565217391,51190.0,0.38763430357491696,33.27314319202969,0.6666666666666666,18.81851640058605,25.5,37629.43289176027,0.0763815726462982,17.97226020707169,0.0,5.443348310216839,9.773432310998242,0.9545029829708005,-0.720683328385063,1.6751863113558634,-0.7392454361446669,1.6937484191154675,3,3
37085,155,1,11,2484709.0,-12751043.0,0.07096774193548387,132283.0,0.3530461208167338,29.352566089369006,0.18518518518518517,16.18517615218131,13.7,56763.186555273765,0.0710679680442137,11.7173030548143,0.0755955035794471,18.78328281033844,-96.39215167481838,-0.09000388403185293,-1.99281100206469,1.9028071180328372,-0.5799770995607623,0.4899732155289093,3,3
37087,113,2,4,146963.0,124549.0,0.035398230088495575,61053.0,0.270371644309043,29.654629584131822,0.0625,16.458998034674792,11.0,54754.62998578795,0.0433712920005623,18.508509000376723,0.32758423009516324,2.4071380603737738,2.0400144137061242,-0.3218316619887602,-1.0837759408772787,0.7619442788885185,-0.11995550059643713,-0.20187616139232306,3,3
37089,183,4,5,3047388.0,1593424.0,0.0273224043715847,114913.0,0.5580221558918487,28.294250432936224,0.0,15.42808721651162,10.6,59297.465583052464,0.0253597978540301,15.925091155917954,0.34808942417307004,26.51908835379809,13.86635106558875,-0.1343813070028955,-0.4000479812104268,0.2656666742075313,-0.08645715919814727,-0.04792414780474823,3,3
37091,36,0,2,136997.0,126712.0,0.05555555555555555,24012.0,0.5463934699317008,30.120310677994336,0.2,17.527210982217223,22.7,43486.57463475692,0.0923706240487062,14.992503748125937,0.0,5.70535565550558,5.277028152590371,0.7241645344458579,-0.9079794062820769,1.6321439407279348,-0.7392454361446669,1.4634099705905248,3,3
37093,53,2,2,132952.0,241243.0,0.03773584905660377,53957.0,0.292343903478696,31.553790981707653,0.3333333333333333,16.84296425233056,18.5,50952.68148196439,0.0980382932680999,9.822636543914598,0.3706655299590415,2.464036176955724,4.471023222195452,0.29842383373929837,-1.2988567806735176,1.597280614412816,-0.05015996889115,0.34858380263044836,3,3
37095,19,0,0,,,0.0,5213.0,1.0,43.4,0.0,16.32037,23.3,42039.77795014049,0.0659025787965616,36.44734318051026,0.0,,,2.229674552883747,0.3574949456234523,1.8721796072602945,-0.7392454361446669,2.968919989028414,3,1
37097,308,18,10,2559491.0,4380304.0,0.032467532467532464,175538.0,0.5454374551379189,26.334644920188225,0.09090909090909091,15.374845902830154,9.2,64607.68638153477,0.0486071191686933,17.546058403308685,1.025418997595962,14.580837197643815,24.953594093586574,-0.3774640244987333,-0.37194863312961624,-0.005515391369117051,0.8032408614144662,-1.1807048859131994,3,3
37099,91,1,4,2217072.0,4314051.0,0.04395604395604396,42938.0,0.10757371093204154,29.929209557967305,0.0,15.595264737877871,17.0,50083.543546883455,0.0504630788485607,21.193348549070752,0.23289394009967862,51.634263356467464,100.47163351809586,-0.1128004612699206,0.25468252641796857,-0.3674829876878892,-0.28167654286696864,0.16887608159704803,3,3
37101,240,6,4,795132.0,753346.0,0.016666666666666666,196870.0,0.25471123076141616,27.800490679128362,0.44,16.71869094178392,10.8,63452.368882463765,0.0471967472784688,12.190785797734545,0.3047696449433636,4.038868288718444,3.8266165489917205,-0.4874187753554875,-1.128259797249793,0.6408410218943055,-0.15784014706185484,-0.32957862829363266,3,3
37103,19,0,0,,,0.0,9594.0,0.0,33.416020429435065,1.0,20.80322047342089,19.1,40444.59186197365,0.1027878787878787,19.804044194288096,0.0,,,0.1549889927949,-0.6257991666684535,0.7807881594633534,-0.7392454361446669,0.8942344289395668,3,1
37105,87,1,3,220960.0,209753.0,0.034482758620689655,60481.0,0.5221143830293812,26.814953456457395,0.38461538461538464,17.744161450885404,14.7,52989.856007849216,0.0700523560209424,14.384682792943238,0.1653411815280832,3.6533787470445263,3.4680808849060036,-0.03250643257501406,-1.0746569643470094,1.0421505317719955,-0.4048310438142338,0.3723246112392197,3,3
37107,106,1,4,1926697.0,867209.0,0.03773584905660377,56756.0,0.6306117414898865,28.681756994855174,0.6,18.12926583376207,23.1,41763.137704950095,0.1139368094591975,18.676439495383747,0.17619282542814857,33.947018817393754,15.27960039467193,0.733991526996356,-0.2457398922359496,0.9797314192323056,-0.3845737123743065,1.1185652393706624,3,3
37109,97,1,2,-3833.0,290409.0,0.020618556701030927,82919.0,0.423461450331046,26.0230996514671,0.2777777777777778,16.48623757018295,10.7,60983.805161971686,0.0547630331753554,11.698163267767338,0.12059962131718906,-0.04622583485087857,3.502321542710356,-0.44131013755300713,-1.5336281373390264,1.0923179997860193,-0.49039397841063365,0.049083840857626515,3,3
37111,61,0,1,220397.0,149645.0,0.01639344262295082,45227.0,0.13392442567492868,24.39122205762045,0.0,17.253728081035668,15.1,46261.45648114948,0.0566789370178004,13.487518517699604,0.0,4.873128883189246,3.308753620624848,-0.6074088683898233,-1.0629705262067248,0.4555616578169015,-0.7392454361446669,0.13183656775484354,3,3
37113,95,1,6,814658.0,853095.0,0.06315789473684211,34813.0,0.22396805790940166,27.87053399592107,0.0,15.45987436644357,13.5,48233.975624058774,0.0468571428571428,27.288656536351365,0.2872490161721196,23.40097090167466,24.50506994513544,-0.3511919007579349,-0.03962203621396705,-0.31156986454396784,-0.18738638825629902,-0.16380551250163586,3,3
37115,45,0,2,269662.0,485447.0,0.044444444444444446,21499.0,0.21991720545141635,31.739843713661102,0.3333333333333333,16.01531217996186,13.8,48621.907921911974,0.0467173030902091,20.931206102609423,0.0,12.543002000093027,22.579980464207637,-0.05261220062574671,-0.32767557952933823,0.2750633789035915,-0.7392454361446669,0.6866332355189202,3,3
37117,55,1,1,35797.0,47559.0,0.01818181818181818,22849.0,0.170904634776139,32.63410214889054,0.5,17.761267388200793,19.7,42492.365630969216,0.1197459368578367,24.071075320582956,0.43765591491969014,1.5666768786380147,2.0814477657665544,0.3193051601285734,-1.004601461135876,1.3239066212644495,0.05412749653607084,0.26517766359250255,3,3
37119,2459,14,94,25459417.0,32403521.0,0.03822692151281008,1074475.0,0.928068113178221,28.735068568370597,0.15450643776824036,15.176910223900045,10.2,70634.41601430331,0.0476235743030157,22.885595290723376,0.13029619116312618,23.694750459526745,30.157538332674097,0.2749441815200139,-0.09389322452220909,0.368837406042223,-0.471564014668472,0.7465081961884859,3,3
37121,19,0,1,68100.0,336.0,0.05263157894736842,15004.0,0.16415622500666488,23.091842175419888,0.0,15.785031084244203,14.8,48865.690513459056,0.0344150943396226,12.663289789389497,0.0,4.5387896560917085,0.022394028259130897,-0.6885042449125529,-1.3774681747967163,0.6889639298841634,-0.7392454361446669,0.05074119123211396,3,3
37123,38,1,0,,,0.0,27252.0,0.23561573462498164,25.914402612652285,0.3333333333333333,17.750342425730224,15.6,46791.418636686634,0.0397545357524012,13.94393072068105,0.36694554528108025,,,-0.35462144091618014,-1.179255414965355,0.8246339740491748,-0.056099521447767746,-0.2985219194684124,3,1
37125,192,2,7,4058153.0,4765441.0,0.036458333333333336,97294.0,0.45619462659567905,26.270862540341646,0.1111111111111111,15.953310661921599,10.5,63556.241464949046,0.0478288231592196,19.734002096737726,0.20556252184101795,41.710208234834624,48.97980348222912,-0.3997649872723053,0.03780502033448124,-0.43757000760678655,-0.33067127760895515,-0.06909370966335016,3,3
37127,200,2,10,1771141.0,2145596.0,0.05,94030.0,0.40122301393172394,29.185002658725935,0.3333333333333333,17.872026619536317,14.4,52505.470597688254,0.0635308359092972,21.26980750824205,0.21269807508242047,18.835914069977665,22.818206955227055,-0.00746984951135025,-0.23205048030293027,0.22458063079158003,-0.3177736488507672,0.31030379933941693,3,3
37129,460,2,31,10164078.0,24550868.0,0.06739130434782609,227938.0,0.9573787608911195,31.493279312795583,0.15555555555555556,14.400306069668066,12.1,58180.30535918013,0.0501101181112405,20.180926392264563,0.08774315822723723,44.591415209399045,107.70853477700076,0.6253706290765916,0.20944518392940173,0.4159254451471899,-0.5554324661615381,1.1808030952381297,3,3
37131,31,1,0,,,0.0,19946.0,0.0,34.73936628898025,0.4,18.623390151910158,20.7,39371.94845916645,0.0628025477707006,15.541963300912464,0.501353654868144,,,0.34978821566154855,-1.0092998555727555,1.359088071234304,0.14887659743103723,0.20091161823051132,3,1
37133,186,2,8,1023715.0,2117067.0,0.043010752688172046,195069.0,0.6411423650093044,29.41107454285407,0.15625,16.213691504088295,12.4,53290.87451219432,0.0868610849796174,9.535087584393215,0.10252782348809908,5.2479635411059675,10.852913584423973,0.14752899349427734,-1.0377495637126972,1.1852785572069746,-0.5259268761547575,0.6734558696490349,3,3
37135,381,6,19,36269189.0,36579364.0,0.049868766404199474,144836.0,0.5767764920323677,29.825798144107825,0.0,13.904043851383635,11.7,76020.95136318298,0.0352205184231404,26.305614626197904,0.41426164765665996,250.41556657184677,252.55712668121186,0.06562707641314876,0.8905039572411843,-0.8248768808280355,0.018271129796361765,0.04735594661678699,3,3
37137,29,0,0,,,0.0,12701.0,0.27919061491221164,29.453720179513425,0.25,17.41548087567908,15.0,49528.143207880516,0.0511307767944936,22.83284780725927,0.0,,,-0.08348406912240595,-0.3984269075363775,0.3149428384139715,-0.7392454361446669,0.655761367022261,3,1
37139,59,1,0,,,0.0,39514.0,0.39348079161816063,29.285397580604343,0.1,14.8618041470618,15.5,53587.653319295125,0.0654025207221528,14.931416713063724,0.253074859543453,,,0.05850340762752763,-1.0722120660711432,1.1307154736986709,-0.2461920276883647,0.3046954353158923,3,1
37141,103,2,6,3836115.0,6977746.0,0.05825242718446602,60399.0,0.3491282968261064,33.694695276411856,0.3125,16.711397317025117,11.4,60670.06756589369,0.0773476778117638,17.053262471232966,0.33113131012102853,63.51288928624646,115.5275087335883,0.08519100871480911,0.2108331061746567,-0.12564209745984758,-0.11412395828940797,0.19931496700421708,3,3
37143,26,0,0,,,0.0,13430.0,0.4782576321667908,47.001712583767684,0.3333333333333333,17.610936415860014,15.1,49988.15035888676,0.0692240627724498,19.3596425912137,0.0,,,1.4296411536501605,-0.6619210741032435,2.0915622277534043,-0.7392454361446669,2.1688865897948273,3,1
37145,52,3,0,,,0.0,39345.0,0.38312364976490026,30.11331300038124,0.5714285714285714,17.53024729185411,14.3,54077.338351011465,0.0666,13.216418858813064,0.7624857033930614,,,0.03512075980205864,-1.2627445446230796,1.2978653044251383,0.49934164616687204,-0.4642208863648134,3,1
37147,328,3,14,3587650.0,8640293.0,0.042682926829268296,178433.0,0.736926465395975,32.3471532732174,0.03125,14.997450996827943,19.4,50279.6295444322,0.0814291331702202,18.38224992013809,0.16813033463540936,20.106426501824213,48.423178447932834,0.8936704263090106,-0.1592519251966937,1.0529223515057042,-0.3996064309164284,1.293276857225439,3,3
37149,62,1,4,2471002.0,2355837.0,0.06451612903225806,20557.0,0.13931993967991438,29.65776134649998,0.0,15.712400037213602,12.8,51710.52736438252,0.0511918274687854,30.160042807802693,0.4864523033516564,120.20246144865496,114.6002334971056,-0.3540971110837872,0.6544878973840883,-1.0085850084678756,0.12707637464122085,-0.48117348572500807,3,3
37151,167,3,10,1330647.0,4773711.0,0.059880239520958084,143118.0,0.4664752162551182,27.93253958272195,0.17857142857142858,16.634135241590858,15.5,50121.70082208213,0.0476985760974415,11.668692966642912,0.2096172389217289,9.297551670649394,33.35507064100952,0.03810890650818569,-0.6245410635068903,0.662649970015076,-0.3233329758863309,0.36144188239451663,3,3
37153,56,0,1,38346.0,33257.0,0.017857142857142856,44997.0,0.5860612929750872,35.81557659399516,0.8181818181818182,19.719482466475544,22.6,38314.14399671428,0.0870213312773066,12.445274129386403,0.0,0.852190146009734,0.739093717358935,1.1801464874374392,-1.53175938159211,2.7119058690295494,-0.7392454361446669,1.919391923582106,3,3
37155,197,1,6,2227427.0,4964335.0,0.030456852791878174,132596.0,0.2750460044043561,29.33014721409394,0.41935483870967744,18.152217558689554,27.7,37071.91270413518,0.066757519338183,14.85716009532716,0.07541705632145766,16.798598751093547,37.43955322935835,0.6762577122544863,-0.3562001267510726,1.0324578390055588,-0.5803397189266215,1.256597431181108,3,3
37157,131,3,12,1450045.0,4553222.0,0.0916030534351145,91077.0,0.39113058181538696,28.151990074332705,0.3333333333333333,16.658615379964207,13.6,46190.4415523075,0.0596061352922878,14.38343379777551,0.3293916136895154,15.921088749080448,49.99310473555343,-0.14313608677492548,-0.33160334234504657,0.1884672555701211,-0.11698214496059489,-0.02615394181433059,3,3
37159,226,2,7,1376732.0,1523822.0,0.030973451327433628,140296.0,0.4801348577293722,26.325871728345785,0.3333333333333333,17.332038410638933,14.6,52828.747512565926,0.0719768820391227,16.10879854022923,0.14255573929406398,9.813052403489765,10.861478588127959,-0.12010143143404424,-0.6447723470235883,0.524670915589544,-0.4479868491926115,0.3278854177585673,3,3
37161,117,0,7,456439.0,559676.0,0.05982905982905983,66599.0,0.34793315214943166,26.756224567936457,0.46153846153846156,18.82046302564603,15.2,45161.255046254344,0.0724612617598229,17.567831348819052,0.0,6.853541344464632,8.403669724770642,-0.195249238585272,-0.7139158674243125,0.5186666288390405,-0.7392454361446669,0.5439961975593949,3,3
37163,92,7,0,,,0.0,63385.0,0.23808472035970654,28.055872840577425,0.5454545454545454,18.332330435923325,18.5,44676.869636093375,0.0690762503416233,14.514475033525283,1.1043622308117063,,,-0.01778772163785004,-1.1165759232201824,1.0987882015823323,0.8868059408341064,-0.9045936624719564,3,1
37165,55,0,2,557164.0,393275.0,0.03636363636363636,35076.0,0.6714847759151557,31.31329969209716,0.5714285714285714,18.887634794588894,28.6,39469.461495785275,0.1184775489411251,15.68023719922454,0.0,15.884479416124986,11.212082335500057,1.3068461912009781,-0.5539797899821082,1.8608259811830863,-0.7392454361446669,2.046091627345645,3,3
37167,94,3,4,2831034.0,3479314.0,0.0425531914893617,61588.0,0.2145872572579074,24.862236149899328,0.15384615384615385,17.289313909186856,11.0,55776.397021663586,0.0573461424964752,15.262713515619927,0.48710787815808276,45.967298824446324,56.49337533285705,-0.7349447457308035,-0.050263415178188886,-0.6846813305526146,0.12804004741722186,-0.8629847931480253,3,3
37169,62,1,0,,,0.0,45781.0,0.3426312225595771,27.819313689084993,0.0,15.437498418645289,10.5,50933.60284436505,0.0604528369429031,13.542736069548504,0.21843122692820166,,,-0.4089683066838567,-1.224780283815098,0.8158119771312413,-0.3074657475365037,-0.10150255914735301,3,1
37171,122,1,4,426255.0,1450178.0,0.03278688524590164,71971.0,0.258367953759153,28.16895694099012,0.18181818181818182,17.36340271487127,13.9,46209.520189906834,0.0401828164780221,16.95127204012727,0.13894485278792848,5.922593822511845,20.149476872629254,-0.26757672484065737,-0.6094919183873905,0.3419151935467331,-0.45490480328141053,0.18732807844075317,3,3
37173,37,1,1,16458.0,76375.0,0.02702702702702703,14260.0,0.0,25.69955119214586,0.0,16.846202774053296,15.6,41673.044138508776,0.0694375721589972,25.94670406732118,0.7012622720897616,1.1541374474053296,5.355890603085554,-0.6259121947035139,-0.8682335240751636,0.24232132937164974,0.42207346745703606,-1.04798566216055,3,3
37175,76,0,7,363479.0,1309947.0,0.09210526315789473,33775.0,0.3732938564026647,29.66320059215396,0.2857142857142857,17.176989998430795,12.5,53220.91950766342,0.0594887580299785,22.501850481125093,0.0,10.761776461880089,38.78451517394522,-0.11826279180134773,-0.22286463186225847,0.10460184006091074,-0.7392454361446669,0.6209826443433192,3,3
37177,9,0,1,47385.0,23856.0,0.1111111111111111,4095.0,0.0,27.2,0.0,16.552061,21.4,37415.328180923265,0.0518518518518518,21.978021978021978,0.0,11.571428571428571,5.825641025641025,-0.1623353147568902,-0.5499054855002646,0.3875701707433744,-0.7392454361446669,0.5769101213877766,3,3
37179,325,2,17,4982589.0,4311202.0,0.052307692307692305,231053.0,0.7401894803356805,26.983583420254224,0.0975609756097561,14.42472188458492,8.4,84828.92238821051,0.0455968639564848,14.066036796752261,0.08656022644155238,21.564701605259398,18.658931067763675,-0.16725584371044014,-0.45704158515573273,0.28978574144529257,-0.5578105308426893,0.39055468713224917,3,3
37181,85,0,4,2851697.0,1402746.0,0.047058823529411764,44479.0,0.46590525866139076,28.305838710402664,0.6,18.81304836428427,23.2,42957.67240353084,0.0837638729429774,19.110141864700196,0.0,64.11333438251759,31.537264776636164,0.533826691443175,0.034726716335945707,0.49909997510722925,-0.7392454361446669,1.2730721275878418,3,3
37183,2396,15,90,412318604.0,954323816.0,0.037562604340567615,1069079.0,0.9037526693537148,27.39584661189678,0.053475935828877004,14.477167151735278,7.2,85420.36015378998,0.040360396456475,22.411814281264526,0.14030768540023703,385.67645983131274,892.6597716352112,-0.03263763274201573,1.1361753132357004,-1.1688129459777161,-0.452291233003488,0.41965360026147225,3,3
37185,36,1,0,,,0.0,19898.0,0.18670218112373102,30.384842697758568,0.5,18.373464568298324,20.3,38651.199927635906,0.0883113683951225,18.092270579957784,0.502563071665494,,,0.20746897813166287,-0.7694382763036676,0.9769072544353304,0.1506364334036267,0.05683254472803617,3,1
37187,25,0,0,,,0.0,11922.0,0.0,39.452591847005536,0.6666666666666666,18.388888850612314,22.6,38135.01678814272,0.0745820831547364,20.96963596711961,0.0,,,0.812282996299777,-0.5346044163205819,1.346887412620359,-0.7392454361446669,1.5515284324444438,3,1
37189,141,6,6,5224558.0,17710864.0,0.0425531914893617,54925.0,0.4384160218479745,36.88096859353664,0.0,14.797142164278561,18.6,50373.962808117816,0.0744787922358015,25.671370050068276,1.0923987255348202,95.12167501137915,322.45542102867546,0.8548760790387496,0.7082174858944258,0.14665859314432383,0.8743456135602389,-0.01946953452148925,3,3
37191,192,5,5,301419.0,210710.0,0.026041666666666668,123603.0,0.4698995979061997,29.127071349400904,0.15384615384615385,15.92822813671189,17.1,47077.5982006767,0.0657530330373255,15.533603553311814,0.4045209258674951,2.43860585908109,1.704732085790798,0.22714307757987506,-1.1958177812402677,1.4229608588201428,0.0031663168823978186,0.22397676069747724,3,3
37193,107,1,5,1493607.0,2269620.0,0.04672897196261682,68469.0,0.1508565920343513,30.334297273218535,0.21428571428571427,17.393303450977815,16.3,46750.081588554734,0.0548103459341505,15.627510260117717,0.1460514977581095,21.814353941199666,33.14814003417605,-0.07868610538983074,-0.2964338908802664,0.21774778549043566,-0.44131026163097364,0.3626241562411429,3,3
37195,143,3,2,1922730.0,2973372.0,0.013986013986013986,81435.0,0.55632099220237,29.471546632283417,0.3157894736842105,17.39504904948732,18.8,46506.298997007645,0.0792135558142543,17.56001719162522,0.3683919690550746,23.610609688708784,36.512212193774175,0.4497141409980607,-0.20064792090084801,0.6503620618989087,-0.053788155394701075,0.5035022963927618,3,3
37197,60,2,2,38698.0,324765.0,0.03333333333333333,37602.0,0.1751768522950907,31.05525769905856,0.0,16.83553675549173,12.9,47359.538067422465,0.043880315702674,15.956598053295037,0.5318866017765013,1.0291473857773523,8.636907611297271,-0.20629964847248775,-1.0621124201402983,0.8558127716678106,0.1928774043385989,-0.3991770528110866,3,3
37199,29,1,2,670011.0,1746382.0,0.06896551724137931,17760.0,0.0,25.582218468468465,0.2,17.16160188643018,15.9,44752.124262179655,0.0515383616772685,16.32882882882883,0.5630630630630631,37.7258445945946,98.33231981981982,-0.616277958329818,0.04422239723178967,-0.6605003555616077,0.2369097659699865,-0.8531877242998045,3,3
38001,16,0,0,,,0.0,2311.0,1.0,22.6,0.0,14.40155,11.8,60077.56987600315,0.0099750623441396,69.23409779316313,0.0,,,-0.0010511649082890855,1.4095604306941694,-1.4106115956024585,-0.7392454361446669,0.7381942712363778,3,1
38003,42,0,2,621807.0,628240.0,0.047619047619047616,10706.0,1.0,21.933915561367456,0.0,12.770317965813563,11.5,61862.482415852304,0.0190731136021415,39.23033812815244,0.0,58.08023538202877,58.681113394358306,-0.06832937711710614,0.5130065526098209,-0.581335929726927,-0.7392454361446669,0.6709160590275607,3,3
38005,11,0,0,,,0.0,6873.0,0.6898006692856103,21.09822493816383,0.5,15.40014239255056,22.7,50523.41213597929,0.0590050134978789,16.00465589989815,0.0,,,0.21581658463645534,-0.9631506971945594,1.1789672818310146,-0.7392454361446669,0.9550620207811222,3,1
38007,3,0,0,,,0.0,922.0,1.0,12.7,0.0,13.505079,10.5,79714.78758727695,0.0366379310344827,32.53796095444685,0.0,,,-0.8086545441120235,0.17304786168400624,-0.9817024057960297,-0.7392454361446669,-0.06940910796735666,3,1
38009,36,0,1,685540.0,1819369.0,0.027777777777777776,6502.0,0.6393417410027684,19.880036911719472,0.0,13.456613810519839,10.8,63999.289826978114,0.0365597842373389,55.36757920639803,0.0,105.43525069209474,279.8168255921255,-0.6531461131919462,1.1218354506204042,-1.7749815638123505,-0.7392454361446669,0.08609932295272071,3,3
38011,19,0,0,,,0.0,3148.0,0.42280813214739515,22.851747141041933,0.0,12.296261546696316,9.5,66183.79383210227,0.0322003577817531,60.35578144853875,0.0,,,-0.7484376268621972,1.1834810935426054,-1.9319187204048025,-0.7392454361446669,-0.009192190717530302,3,1
38013,11,0,0,,,0.0,2182.0,1.0,15.400000000000002,0.0,12.79707,9.0,81860.07439289136,0.0240963855421686,50.41246562786435,0.0,,,-0.7013260545742895,0.8877028806096905,-1.58902893518398,-0.7392454361446669,0.03791938157037733,3,1
38015,203,0,13,4588136.0,14921555.0,0.06403940886699508,94793.0,0.78047957127636,24.56499108583967,0.21052631578947367,13.273299675176437,7.7,75810.02642527918,0.0213695598252275,21.4150833922336,0.0,48.40163303197493,157.41199244669966,-0.3441535049322457,0.32929054944938824,-0.673444054381634,-0.7392454361446669,0.39509193121242114,3,3
38017,365,3,12,2773513.0,4116326.0,0.03287671232876712,176975.0,0.9574459669444837,25.82418590196356,0.18181818181818182,12.02635821492866,9.7,68346.03942669387,0.0268472721822541,20.624381974855208,0.16951546828648115,15.671778499788106,23.259364316993924,0.06216979352039431,-0.2838200786678958,0.34598987218829014,-0.39701644690279236,0.4591862404231867,3,3
38019,27,0,0,,,0.0,3803.0,0.49750197212726793,25.174020510123583,0.0,10.767065501972127,9.2,68680.97550899335,0.0145681581685744,70.99658164606889,0.0,,,-0.5148401961884844,1.4510220770381002,-1.9658622732265845,-0.7392454361446669,0.22440523995618245,3,1
38021,31,0,1,142451.0,47358.0,0.03225806451612903,4938.0,0.24058323207776428,20.75157958687728,0.0,11.545968776427703,11.5,69416.56298087892,0.0248240088921822,62.77845281490482,0.0,28.847914135277442,9.59052247873633,-0.9787737413260903,0.2944825247170929,-1.2732562660431832,-0.7392454361446669,-0.23952830518142343,3,3
38023,18,0,0,,,0.0,2335.0,1.0,20.0,0.0,13.769518,9.8,66632.1418156867,0.0124444444444444,77.08779443254818,0.0,,,-0.3141436283279591,1.5868845009401948,-1.901028129268154,-0.7392454361446669,0.42510180781670776,3,1
38025,14,0,0,,,0.0,4395.0,1.0,22.0,0.0,14.449211,11.2,81316.33322131024,0.0252260828177058,31.85437997724687,0.0,,,-0.08173447153022306,0.13859861068261567,-0.22033308221283873,-0.7392454361446669,0.6575109646144438,3,1
38027,13,0,1,351514.0,786961.0,0.07692307692307693,2301.0,1.0,31.3,0.0,14.614798999999998,11.5,58155.92710002542,0.0117746005046257,56.497175141242934,0.0,152.7657540199913,342.00825727944374,0.6208288019791043,1.2524124589030208,-0.6315836569239165,-0.7392454361446669,1.3600742381237712,3,3
38029,20,0,0,,,0.0,3310.0,1.0,23.1,1.0,15.148334,13.7,59251.888837676255,0.014762516046213,60.42296072507553,0.0,,,0.15143372069697833,1.185311740659248,-1.0338780199622697,-0.7392454361446669,0.8906791568416452,3,1
38031,24,0,0,,,0.0,3260.0,1.0,24.3,0.0,13.103868,11.4,65105.85080773969,0.0051078320090805,73.61963190184049,0.0,,,0.09967834205670571,1.5108857560706943,-1.4112074140139885,-0.7392454361446669,0.8389237782013725,3,1
38033,14,1,0,,,0.0,1845.0,1.0,24.1,0.0,14.73411,11.7,62206.95781695145,0.0297324083250743,75.88075880758808,5.420054200542006,,,0.1032299053566526,1.5608243010688507,-1.4575943957121982,3.324561758152512,-3.2213318527958594,3,1
38035,175,1,11,2167118.0,2674094.0,0.06285714285714286,70224.0,0.9407609933925724,28.51157296650718,0.2222222222222222,13.285595094312487,12.5,57289.968937877704,0.0383584295843459,24.92025518341308,0.14240145819093186,30.86007632718159,38.07948849396218,0.412314024646141,0.05089563339279705,0.3614183912533439,-0.4482819828415507,0.8605960074876917,3,3
38037,12,0,0,,,0.0,2353.0,1.0,19.6,0.0,14.534040999999998,16.3,53990.42455750337,0.026196928635953,50.99872503187421,0.0,,,0.05222228459091386,0.9066707865034098,-0.854448501912496,-0.7392454361446669,0.7914677207355807,3,1
38039,13,0,0,,,0.0,2409.0,1.0,17.1,0.0,14.024352,11.6,56774.845722695594,0.018363939899833,53.964300539643006,0.0,,,-0.417920554565746,0.9994560645261176,-1.4173766190918635,-0.7392454361446669,0.32132488157892086,3,1
38041,13,0,2,226843.0,238250.0,0.15384615384615385,2547.0,1.0,29.748763250883396,0.5,15.38118586925795,12.7,63769.286251474994,0.0239520958083832,51.04043973301924,0.0,89.06281900274833,93.54142127993718,0.5797589199397198,0.836613968615219,-0.25685504867549913,-0.7392454361446669,1.3190043560843867,3,3
38043,18,0,0,,,0.0,2466.0,1.0,19.0,0.0,14.731618000000001,14.2,57917.4441300337,0.0051679586563307,72.99270072992701,0.0,,,-0.1197990185527944,1.4967714334769333,-1.6165704520297277,-0.7392454361446669,0.6194464175918725,3,1
38045,26,0,2,243826.0,605311.0,0.07692307692307693,4125.0,1.0,19.022690909090908,0.0,12.569974760484849,9.4,64449.757659184696,0.0058167716917111,63.03030303030303,0.0,59.10933333333333,146.74206060606062,-0.41041100624669963,0.9453578583020947,-1.3557688645487944,-0.7392454361446669,0.32883442989796724,3,3
38047,12,0,0,,,0.0,1872.0,1.0,23.6,0.0,13.01362,14.1,62933.00597003735,0.0073298429319371,64.1025641025641,0.0,,,0.21258060978047155,1.2826397390790945,-1.070059129298623,-0.7392454361446669,0.9518260459251384,3,1
38049,28,0,0,,,0.0,5878.0,1.0,20.44538958829534,0.0,14.906922366110923,12.3,68024.88236043835,0.0241332426920462,47.63525008506295,0.0,,,-0.1291417880382885,0.7948048629846476,-0.923946651022936,-0.7392454361446669,0.6101036481063784,3,1
38051,16,0,0,,,0.0,2597.0,1.0,23.2,0.0,14.445268,13.5,55738.23974646491,0.0028469750889679,61.60954948016943,0.0,,,0.1466133391629457,1.2173206145102153,-1.0707072753472697,-0.7392454361446669,0.8858587753076126,3,1
38053,25,1,0,,,0.0,13334.0,0.49722513874306284,19.942597870106496,0.25,12.564722750112493,8.1,82509.80799557992,0.0365329512893982,18.749062546872658,0.7499625018749062,,,-0.9670505881725465,-0.7128576756949286,-0.2541929124776179,0.483757201156488,-1.4508077893290345,3,1
38055,42,0,2,289777.0,393926.0,0.047619047619047616,9584.0,1.0,21.989357262103507,0.0,13.870770723706176,9.9,72635.55311361162,0.0117238384715588,43.82303839732888,0.0,30.235496661101838,41.10246243739566,-0.1616771630861121,0.36580450762476335,-0.5274816707108755,-0.7392454361446669,0.5775682730585547,3,3
38057,30,0,0,,,0.0,8462.0,0.6890805956038761,18.81431103757977,0.0,13.937304780666508,8.1,87105.63980839813,0.0155286595113039,35.45261167572678,0.0,,,-0.8420381649950212,0.3124568124118255,-1.1544949774068467,-0.7392454361446669,-0.10279272885035429,3,1
38059,77,3,2,170198.0,836128.0,0.025974025974025976,30868.0,0.6696255021381365,22.8516521964494,0.0,13.346268505183362,7.9,74784.01969215923,0.0212085050987198,24.944926785020087,0.9718802643514319,5.513735907736167,27.087210055721137,-0.578243747406586,-0.3647002468849497,-0.21354350052163634,0.744692942867723,-1.3229366902743092,3,3
38061,16,0,2,129647.0,378175.0,0.125,10321.0,0.5238833446371476,14.654917159190001,0.3333333333333333,15.596108762716792,11.6,76470.3592710785,0.0439627228525121,15.502373800988277,0.0,12.561476601104545,36.64131382617963,-1.1140911715640616,-0.3985837911819137,-0.7155073803821479,-0.7392454361446669,-0.3748457354193947,3,3
38063,19,0,1,190359.0,957832.0,0.05263157894736842,2894.0,1.0,19.9,0.0,13.870497,9.8,55157.40122399619,0.004118050789293,65.65307532826537,0.0,65.77712508638562,330.97166551485833,-0.32150164633016315,1.1424806611299447,-1.463982307460108,-0.7392454361446669,0.4177437898145037,3,3
38065,14,1,0,,,0.0,1842.0,1.0,51.0,0.0,13.970344,10.8,83658.76594878448,0.024330900243309,76.0043431053203,5.428881650380022,,,2.0277339500364646,1.5635112490633518,0.4642227009731128,3.3275647366754213,-1.2998307866389567,3,1
38067,39,1,1,21234.0,74394.0,0.02564102564102564,6947.0,0.3843385634086656,19.779588311501367,0.0,12.838484537498198,8.9,68417.05435553585,0.0329418504726439,56.13934072261408,1.4394702749388226,3.056571181805096,10.708795163379877,-1.0527360000906076,-0.19364764963098655,-0.8590883504596211,1.2097563567008505,-2.262492356791458,3,3
38069,21,1,2,107739.0,290718.0,0.09523809523809523,4126.0,0.0,39.47653902084343,0.0,13.716192354338343,11.0,58995.387154396274,0.0089241447694595,50.89675230247213,2.423654871546292,26.112215220552592,70.46000969461949,0.10769786056006654,0.5147441067740018,-0.4070462462139353,1.9504884845059862,-1.8427906239459197,3,3
38071,58,0,0,,,0.0,11583.0,1.0,19.24654234654235,0.0,12.44037167858068,12.4,62440.141165387795,0.005530253741054,50.073383406716744,0.0,,,-0.21126398413728134,0.8766331984683534,-1.0878971826056347,-0.7392454361446669,0.5279814520073856,3,1
38073,42,0,1,32760.0,74558.0,0.023809523809523808,5314.0,0.0,22.121264584117423,0.0,12.297518348136997,9.3,67732.34325058185,0.0134465675866949,79.03650733910425,0.0,6.164847572450132,14.030485509973655,-1.2728227528841536,0.1679282230490209,-1.4407509759331745,-0.7392454361446669,-0.5335773167394867,3,3
38075,12,0,1,23778.0,67255.0,0.08333333333333333,2442.0,1.0,23.7,0.0,14.218227999999998,8.3,77567.38093304039,0.022167487684729,49.140049140049136,0.0,9.737100737100738,27.54095004095004,-0.1332349587681854,0.11726712478048003,-0.25050208354866543,-0.7392454361446669,0.6060104773764815,3,3
38077,68,1,2,120098.0,1304936.0,0.029411764705882353,16254.0,0.8317952503999015,26.837049341700503,0.16666666666666666,13.713882392088102,10.9,65048.61489494168,0.0326850040280814,41.83585578934416,0.6152331733727083,7.388827365571552,80.28399163282884,0.07352176304816843,0.1699027941512443,-0.09638103110307586,0.30866448216673564,-0.2351427191185672,3,3
38079,25,0,2,237483.0,389541.0,0.08,14511.0,0.14209909723657915,25.085597133209287,0.5,14.699362591964716,23.5,45744.213417345214,0.0832179930795847,17.228309558266144,0.0,16.365722555302874,26.844531734546205,-0.03595991636149084,-0.34423175411588186,0.30827183775439104,-0.7392454361446669,0.703285519783176,3,3
38081,15,0,2,1110195.0,2034816.0,0.13333333333333333,3872.0,0.0,20.00025826446281,0.0,12.981689684400827,8.7,66852.60607239016,0.0132137800849457,38.739669421487605,0.0,286.7239152892562,525.5206611570248,-1.4654219783209343,1.2663874601130916,-2.731809438434026,-0.7392454361446669,-0.7261765421762675,3,3
38083,6,0,1,89867.0,237221.0,0.16666666666666666,1409.0,1.0,47.7,1.0,15.483712,16.5,54114.435701899056,0.0224137931034482,42.583392476933994,0.0,63.78069552874379,168.361249112846,2.1320037427464755,0.7730748383145345,1.358928904431941,-0.7392454361446669,2.8712491788911425,3,3
38085,10,0,0,,,0.0,4373.0,0.39332266178824604,15.874594100160074,1.0,16.222647817745255,34.9,41272.392748922684,0.1868131868131868,22.867596615595698,0.0,,,0.2528673655819129,-0.3959896017643473,0.6488569673462602,-0.7392454361446669,0.9921128017265798,3,1
38089,71,1,3,200731.0,431579.0,0.04225352112676056,31081.0,0.9433415913258905,21.068212090988062,0.0,12.858308557092757,9.6,76362.24699134889,0.0254381694255112,22.843537852707442,0.32173996975644287,6.458318586918053,13.885621440751585,-0.3091584177885604,-0.5001838721386848,0.19102545435012436,-0.12959776890469946,-0.17956064888386095,3,3
38091,11,0,0,,,0.0,1744.0,1.0,14.3,0.0,11.126609,8.3,74962.08697641973,0.0413650465356773,63.07339449541285,0.0,,,-0.8248886509753617,1.2559830075177147,-2.080871658493076,-0.7392454361446669,-0.08564321483069481,3,1
38093,64,1,2,452084.0,140972.0,0.03125,20965.0,0.7159551633675173,23.498373479608873,0.16666666666666666,12.798762111185308,11.0,61130.074716899944,0.0323956442831216,30.527068924397806,0.4769854519437157,21.563749105652278,6.724159313140949,-0.2916566859973287,-0.21982827187644197,-0.07182841412088672,0.11311284251589887,-0.40476952851322756,3,3
38095,20,1,1,46132.0,56019.0,0.05,2224.0,1.0,22.2,0.0,13.876357,9.4,55434.041469186595,0.0326188257222739,89.92805755395683,4.496402877697842,20.742805755395683,25.18839928057554,-0.17662403135194424,0.5906517413069465,-0.7672757726588908,2.985079589886794,-3.161703621238738,3,3
38097,43,2,0,,,0.0,8008.0,0.3006993006993007,20.76869380619381,0.0,12.7082097239011,8.4,68315.30162167271,0.0298757170172084,53.6963036963037,2.4975024975024973,,,-1.1010948423766498,0.9912794719433696,-2.0923743143200193,1.9971284645725442,-3.098223306949194,3,1
38099,53,0,4,1525925.0,4317386.0,0.07547169811320754,10751.0,0.697330480885499,24.767509999069855,0.16666666666666666,13.509094335131616,9.6,59037.78412683925,0.0252661974372856,49.297739745139985,0.0,141.93330852943913,401.5799460515301,-0.30371723328633715,1.191424025979401,-1.495141259265738,-0.7392454361446669,0.4355282028583297,3,3
38101,142,0,3,1036008.0,495902.0,0.02112676056338028,68812.0,0.8858919955821659,24.452418182875082,0.15384615384615385,12.40303101441609,7.4,72998.04722799904,0.0289406826466364,20.635935592629192,0.0,15.055629832006046,7.206620938208452,-0.25640384401717337,-0.4944230297357793,0.23801918571860592,-0.7392454361446669,0.4828415921274935,3,3
38103,29,0,1,91283.0,67703.0,0.034482758620689655,3976.0,0.551056338028169,26.393661971830984,0.0,12.216869220070423,12.1,61032.561680281106,0.0258264462809917,72.93762575452716,0.0,22.95850100603622,17.02791750503018,-0.190442100444234,0.4272150862361898,-0.6176571866804238,-0.7392454361446669,0.5488033357004328,3,3
38105,56,0,3,107871.0,635313.0,0.05357142857142857,35208.0,1.0,19.89946319018405,0.14285714285714285,13.34398466388321,7.7,92384.06287754822,0.02163399032711,15.905476028175414,0.0,3.063820722563054,18.044563735514657,-0.4494143400235424,-0.7814741998892077,0.33205985986566533,-0.7392454361446669,0.28983109612112445,3,3
39001,203,6,1,18174264.0,22308831.0,0.0049261083743842365,27776.0,0.3326972926267281,32.874755184331796,0.0,17.17580350770449,19.0,41420.78215247309,0.0544793087767166,73.08467741935483,2.1601382488479266,654.3153801843318,803.1693188364055,0.469822448201675,1.876605905395354,-1.406783457193679,1.7754441836540045,-1.3056217354523294,3,3
39003,951,10,53,16943130.0,40685382.0,0.05573080967402734,103175.0,0.6332638720620305,27.536036830627577,0.15151515151515152,15.606346594019868,14.1,56314.838571689346,0.0535336519627046,92.17349164041677,0.9692270414344559,164.21739762539374,394.3337242549067,0.10453699995333506,1.5641549909780508,-1.4596179910247158,0.7417502861185735,-0.6372132861652384,3,3
39005,462,6,16,2800017.0,7166298.0,0.03463203463203463,53536.0,0.24047369994022713,23.95827854154214,0.0,14.88604816484235,13.5,55988.38188387845,0.0350215110574382,86.2970711297071,1.12074118350269,52.30157277346085,133.85942169754932,-0.6211590270692954,1.0743177328688527,-1.6954767599381482,0.9037506851915629,-1.5249097122608584,3,3
39007,857,11,26,12234243.0,23862318.0,0.030338389731621937,97830.0,0.48390064397424104,30.70917305530001,0.04,16.03512394717367,17.8,49498.46532717043,0.0688115621835588,87.60094040682817,1.1243994684657057,125.05614842072984,243.91616068690587,0.4013603647380639,1.3862390183857736,-0.9848786536477097,0.9075174596397408,-0.5061570949016769,3,3
39009,614,8,20,2861570.0,6511341.0,0.03257328990228013,65917.0,0.46699637422819607,35.39332342187903,0.0,14.798003194805586,25.3,43356.203944494795,0.071638343507672,93.14744299649558,1.2136474657523857,43.411714732163176,98.78090629124505,1.184381401784358,1.0194235323132974,0.1649578694710605,0.9974567751242125,0.18692462666014542,3,3
39011,423,16,20,3447916.0,7192134.0,0.04728132387706856,45729.0,0.5013448796168734,23.673323274071155,0.0,13.355828356972598,8.5,67913.59030777555,0.0298878171958438,92.50147608738436,3.4988737999956263,75.39889348116075,157.2773076166109,-0.6637192406768292,1.2228942349423926,-1.8866134756192219,2.547393312653136,-3.211112553329965,3,3
39013,587,8,22,1992684.0,4651639.0,0.03747870528109029,68024.0,0.6188992120428084,25.22803128307656,0.4,17.355952691123722,15.3,53954.38713092684,0.0533215640120308,86.29307303304715,1.1760555098200636,29.293837469128544,68.38232094554863,-0.007791899439743473,0.8239778106824439,-0.8317697101221874,0.9600237897166429,-0.9678156891563864,3,3
39015,275,6,16,8294212.0,13334395.0,0.05818181818181818,43572.0,0.23703295694482696,25.105792710915267,0.0,15.947243937230331,15.1,57845.36927688065,0.0488312442530126,63.11392637473607,1.3770311209033326,190.35646745616452,306.03128155696317,-0.44302838483657364,1.3412807691839046,-1.7843091540204783,1.1530889014435322,-1.5961172862801059,3,3
39017,2366,12,69,52310466.0,68746014.0,0.029163144547759933,380019.0,0.8807822766756399,27.6304258471287,0.2625,15.071748430333745,11.9,70079.01567530037,0.0458526612911594,62.260044892492225,0.31577368499996056,137.65223844070954,180.90151808199064,0.2459079708339764,1.1640747643652334,-0.918166793531257,-0.1394854411431028,0.3853934119770792,3,3
39019,227,7,10,27338158.0,29881560.0,0.04405286343612335,27332.0,0.18575296355919801,24.925980535635887,0.0,15.316577795111957,11.9,58578.83690014407,0.0516574376090419,83.05283184545587,2.5611005414898287,1000.2253036733499,1093.2811356651544,-0.7067171149352504,2.099182997513686,-2.8059001124489367,2.036512554352447,-2.7432296692876976,3,3
39021,360,4,8,870496.0,13265555.0,0.022222222222222223,38845.0,0.2975929978118162,21.472071051615394,0.0,15.04012378519758,8.8,63714.17018729912,0.0499303657089802,92.67602007980436,1.0297335564422705,22.40947354871927,341.4996782082636,-1.0283516333680136,1.1040642899326771,-2.132415923300691,0.8078915089251699,-1.8362431422931835,3,3
39023,1137,6,26,7207274.0,10674111.0,0.022867194371152155,134726.0,0.6991597761382361,25.89789053337886,0.06818181818181818,15.152938569815774,15.2,53921.52947728353,0.0667932211693023,84.39350979024093,0.44534833662396267,53.4957914582189,79.22829297982572,0.12243509133222215,0.9699418059222182,-0.847506714589996,0.0657902982690364,0.05664479306318575,3,3
39025,955,8,32,8087715.0,17905929.0,0.033507853403141365,204275.0,0.7518100599681802,26.75759588789622,0.025,14.202684260443029,8.9,70981.01126402461,0.0373617530924266,46.75070370823644,0.39162893158732104,39.59228980540937,87.65599804185534,-0.1408376659494934,0.598708060571673,-0.7395457265211665,-0.01698701229479314,-0.12385065365470026,3,3
39027,297,7,6,579075.0,1729833.0,0.020202020202020204,41957.0,0.5576185141931025,26.352544271516074,0.0,15.382776309364349,12.5,55979.902489389846,0.055914287080882,70.7867578711538,1.6683747646399885,13.801630240484306,41.22871034630693,-0.16199527553090726,0.4622534489872903,-0.6242487245181976,1.4057724122699935,-1.5677676878009008,3,3
39029,843,12,27,13093508.0,63162576.0,0.03202846975088968,103190.0,0.46100397325322223,26.882298672351972,0.041666666666666664,15.53697970811125,15.7,51242.040818887675,0.0656250643282076,81.69396259327455,1.1629033821106696,126.88737280744259,612.0997771101851,-0.03292216638577005,1.5224187416522932,-1.5553409080380631,0.9467744000734015,-0.9796965664591716,3,3
39031,348,7,12,3547577.0,5364549.0,0.034482758620689655,36585.0,0.34432144321443214,24.56437611042777,0.3,17.290299317835178,16.2,49398.83244192944,0.0551092066892816,95.12095120951209,1.913352466858002,96.96807434741014,146.63247232472324,-0.29955007933647654,1.2808143582822555,-1.580364437618732,1.5977369891831983,-1.8972870685196748,3,3
39033,425,3,24,4774995.0,11775488.0,0.05647058823529412,41821.0,0.6742067382415533,24.779538987589966,0.0,15.512144578441454,12.4,47665.85619332294,0.0533576790424021,101.62358623657971,0.7173429616699744,114.17696850864398,281.5687812343081,-0.15740799236706499,1.4747338195037776,-1.6321418118708426,0.44263440807416204,-0.600042400441227,3,3
39035,13089,70,336,230724777.0,796477433.0,0.025670410268164107,1247451.0,0.8224018418358717,30.1507697697144,0.33408071748878926,16.173426470521083,16.0,53384.147851568865,0.0761463362233372,104.92596502788486,0.5611442854268424,184.95698588561794,638.4839428562725,0.6177096721952072,1.751937534192841,-1.1342278619976338,0.23422523194105763,0.38348444025414963,3,3
39037,483,7,33,9622496.0,31853596.0,0.06832298136645963,51513.0,0.3483780793197834,22.039003746627063,0.16666666666666666,15.880241006930287,9.8,58952.990181953304,0.033378509196515,93.76273950264982,1.3588802826470987,186.79742977500825,618.360336225807,-0.8706775415804028,1.6860634807215025,-2.5567410223019054,1.1363364138773993,-2.007013955457802,3,3
39039,366,4,19,5849907.0,9948163.0,0.05191256830601093,38160.0,0.5341719077568134,26.16709905660377,0.0,14.58831415547694,8.9,63522.32388699467,0.0433172711133654,95.9119496855346,1.0482180293501047,153.2994496855346,260.69609538784067,-0.42027509363559673,1.493753428183317,-1.9140285218189137,0.827704591077985,-1.2479796847135818,3,3
39041,1077,16,54,24734407.0,32333476.0,0.05013927576601671,201135.0,0.7345514206875979,22.48672931115917,0.0,11.231609058637233,5.0,113314.38824833267,0.0279253073097494,53.54612573644567,0.7954856191115419,122.97415666094912,160.75509483680116,-0.7112814098696827,1.0345184445833615,-1.7457998544530442,0.5398838078676463,-1.251165217737329,3,3
39043,698,9,22,6090306.0,10395968.0,0.03151862464183381,74780.0,0.6260497459213693,26.216220914683067,0.0,14.257141749558706,12.4,57475.455692315714,0.0497120819905964,93.34046536507087,1.203530355710083,81.44297940625836,139.02070072211822,-0.10391408231932624,1.2219775960289556,-1.325891678348282,0.987445338311709,-1.0913594206310353,3,3
39045,1026,12,25,5246310.0,8704176.0,0.024366471734892786,154457.0,0.5708902801426934,27.27296852845776,0.0,13.463869247350393,8.4,71660.42274742325,0.03958703058409,66.42625455628428,0.7769152579682371,33.96615239192785,56.353392853674485,-0.3295366932676664,0.6764317133615322,-1.0059684066291985,0.517161725249398,-0.8466984185170643,3,3
39047,210,1,4,2303454.0,1252142.0,0.01904761904761905,28620.0,0.603424178895877,27.097969951083154,0.0,15.814201735639411,14.4,50142.89930830361,0.0576055608962508,73.37526205450735,0.3494060097833683,80.48406708595388,43.75059399021663,0.05821589801824497,0.8736606582196026,-0.8154447602013576,-0.08432375826483197,0.14253965628307694,3,3
39049,11151,80,335,404380480.0,674283309.0,0.030042148686216484,1290360.0,0.8900384388852723,28.309391410149104,0.2535211267605634,15.712540338823276,15.1,64978.659890410774,0.0490037030753332,86.41774388542733,0.6199820205214049,313.38578381226944,522.5544103970985,0.5007573779931543,1.7247193550524906,-1.2239619770593362,0.31508055654537054,0.1856768214477838,3,3
39051,344,7,9,775303.0,1344919.0,0.02616279069767442,42253.0,0.48197761105720305,24.97508342602892,0.0,15.171804248171725,8.0,66872.74463430057,0.0403036327489607,81.41433744349514,1.6566870991408893,18.349063971788986,31.83014223842094,-0.6193817353816748,0.5520190430584964,-1.1714007784401712,1.3961786738314006,-2.0155604092130757,3,3
39053,294,4,9,1176916.0,5731338.0,0.030612244897959183,30088.0,0.42924089337942034,28.442714703536293,0.0,16.460685704865725,17.4,47546.084746171546,0.0417516873332286,97.71337410263227,1.3294336612603033,39.11579367189577,190.4858415315076,0.15096870149444608,1.1448980091895538,-0.9939293076951077,1.1088822287403959,-0.9579135272459498,3,3
39055,643,11,22,8574915.0,4681132.0,0.03421461897356143,93843.0,0.3769700457146511,28.681031083831503,0.0,13.33450383445755,6.3,87234.9505743492,0.0253676994120878,68.51869612011551,1.172170540157497,91.37511588504204,49.8825911362595,-0.5640752351968474,0.8880057673111942,-1.4520810025080415,0.9561184421226455,-1.5201936773194928,3,3
39057,1125,2,39,19510099.0,53536768.0,0.034666666666666665,166502.0,0.7255708640136455,25.691610310987254,0.17142857142857143,15.73606625359455,9.9,72837.99865702682,0.0535111431489157,67.56675595488343,0.1201186772531261,117.1763642478769,321.53828782837445,-0.18683266300397072,1.2803232991303082,-1.467155962134279,-0.4913321696540708,0.30449950665010006,3,3
39059,395,8,18,8808234.0,23712833.0,0.04556962025316456,39111.0,0.5743652680831479,29.042952110659403,0.4,18.18724543092736,15.4,48668.544591599246,0.058571991222641,100.99460509830995,2.0454603564214673,225.21116821354607,606.2957479992841,0.23071098667972667,1.764948912328814,-1.5342379256490872,1.6946594073047112,-1.4639484206249844,3,3
39061,7660,27,224,222755675.0,334640806.0,0.029242819843342035,813589.0,0.9046152295569384,28.93165074749044,0.23873873873873874,16.05301874820333,13.6,60640.38968518361,0.0544598647046516,94.15073212641764,0.33186289391818224,273.7938627488818,411.3143196380482,0.4710111851567402,1.6973100622048733,-1.2262988770481331,-0.11292313824572285,0.583934323402463,3,3
39063,587,5,14,62034957.0,32173263.0,0.02385008517887564,75837.0,0.558764191621504,26.01676622229255,0.0,13.96577726021599,10.6,61952.57598229361,0.0363649866323398,77.40285085116764,0.659308780674341,818.0038371771035,424.2422959768978,-0.30115440388964676,1.8389420942370123,-2.140096498126659,0.3675025003240919,-0.6686569042137387,3,3
39065,312,9,19,28438830.0,33901351.0,0.060897435897435896,31425.0,0.5935719968178202,23.5225584725537,0.0,15.583436475131263,14.8,53532.53725511927,0.0506402793946449,99.28400954653938,2.863961813842482,904.9747016706444,1078.8019411296739,-0.19118960334837723,2.172829381933203,-2.36401898528158,2.214901822409937,-2.406091425758314,3,3
39067,139,2,8,2137485.0,3035759.0,0.05755395683453238,15211.0,0.3637499178226284,22.968621392413382,0.2,17.461857337584647,14.5,52666.57909297155,0.0530561588582066,91.3812372625074,1.314837946223128,140.52231937413714,199.57655643941885,-0.4994157859189385,1.3980630623046644,-1.897478848223603,1.0951451858074426,-1.5945609717263811,3,3
39069,309,7,12,11986810.0,19096571.0,0.038834951456310676,27208.0,0.31887680094089976,22.25921420170538,0.0,13.975446930094089,8.5,63272.181749581134,0.0313543329946291,113.56953837106734,2.5727727139076744,440.56196706850926,701.8733828285798,-0.965622726398255,2.0064170917244812,-2.9720398181227363,2.043664278470671,-3.009287004868926,3,3
39071,316,5,12,4245321.0,28511892.0,0.0379746835443038,43016.0,0.33678166263715825,28.186302771061932,0.0,15.644298384856796,12.1,46815.79689584135,0.0665114556325731,73.46103775339408,1.1623581923005395,98.69167286591036,662.8206248837641,-0.29088076000352925,1.423181823886761,-1.7140625838902903,0.946223440903393,-1.2371042009069222,3,3
39073,222,6,6,337461.0,812590.0,0.02702702702702703,28390.0,0.16040859457555479,23.848474815075733,0.0,15.414302330362803,15.9,55500.816700784264,0.0489084962348824,78.19654808030997,2.113420218386756,11.88661500528355,28.6224022543149,-0.569913497848829,0.41985461546008856,-0.9897681133089176,1.7428933088900045,-2.3128068067388337,3,3
39075,235,6,16,2093826.0,7842514.0,0.06808510638297872,43901.0,0.1110225279606387,20.41299742602674,0.0,14.425587900002277,8.8,67573.3546039207,0.0214182344428364,53.529532356893924,1.366711464431334,47.694266645406714,178.64089656272066,-1.308579836029604,0.8452979737955238,-2.153877809825128,1.1435800322874081,-2.452159868317012,3,3
39077,535,7,19,2800493.0,3862857.0,0.03551401869158879,58339.0,0.5264745710416703,25.579036322185843,0.0,14.555269204957233,13.2,55709.6217900659,0.0430380627652912,91.70537719192993,1.1998834398944103,48.00378820343167,66.21397349971717,-0.21005561202524503,0.9589703393777625,-1.1690259514030075,0.9838252397137361,-1.1938808517389812,3,3
39079,265,9,2,433956.0,143798.0,0.007547169811320755,32450.0,0.3343297380585516,24.467796610169486,0.14285714285714285,16.280869133035438,17.3,50399.4009915836,0.0789044447464999,81.66409861325116,2.773497688751926,13.37306625577812,4.431371340523883,-0.2505093862260242,0.15120383940119794,-0.4017132256272221,2.163125423826484,-2.4136348100525082,3,3
39081,656,7,14,19333584.0,18783803.0,0.021341463414634148,66371.0,0.5785358063009447,28.752553072878214,0.13043478260869565,15.895261265010319,16.1,49372.33433415259,0.0601753139066571,98.83834807370688,1.0546774946889454,291.295656235404,283.0122041252957,0.2564899535458646,1.6682689091518164,-1.4117789556059517,0.8345862086330129,-0.5780962550871482,3,3
39083,460,16,18,2469444.0,6655654.0,0.0391304347826087,61481.0,0.37998731315365725,25.633720986971586,0.0,14.17385947663506,11.4,61209.56904023052,0.0443168924781418,74.81986304712025,2.6024300190302694,40.16596997446366,108.25546103674306,-0.47447600070259766,0.8987004007159486,-1.3731764014185464,2.0617311951831474,-2.536207195885745,3,3
39085,1445,6,52,7082224.0,12327092.0,0.035986159169550176,229954.0,0.9487506196891552,25.932950068274522,0.01694915254237288,14.398162217356516,10.1,68329.08063771667,0.0416524936423862,62.838654687459226,0.26092174956730474,30.798437948459256,53.60677352861877,0.08510097402169353,0.6155729561616685,-0.530471982139975,-0.2325487616103288,0.31764973563202237,3,3
39087,253,6,7,2147748.0,2749712.0,0.02766798418972332,60184.0,0.49022996145154857,30.213410541007576,0.625,19.075469115961052,16.9,47821.665067050875,0.0556132456443982,42.037750897248436,0.9969427090256546,35.686361823740526,45.68842217200585,0.3169422529703142,0.3983682808594755,-0.08142602788916131,0.7722956410409564,-0.4553533880706422,3,3
39089,1170,10,45,15892043.0,51148600.0,0.038461538461538464,173750.0,0.6704287769784173,27.004844316546762,0.03125,14.257789871953955,9.7,68459.45132797882,0.0436650372041614,67.33812949640289,0.5755395683453237,91.46499568345324,294.3804316546763,-0.16217452383079967,1.2072503342484753,-1.369424858079275,0.25428549231853836,-0.41646001614933803,3,3
39091,348,6,5,635850.0,4415722.0,0.014367816091954023,45316.0,0.35528290228616827,23.195107688233737,0.09090909090909091,13.87277705042369,11.2,60154.94435071159,0.0448997576558713,76.79406832024009,1.3240356606937949,14.031467914202489,97.44288992850207,-0.6928753975845118,0.6686319424446966,-1.3615073400292084,1.1038118508769652,-1.796687248461477,3,3
39093,1873,16,65,13949303.0,44718670.0,0.034703683929524824,307670.0,0.8196086716286931,28.225293333766697,0.2602739726027397,16.069052988588417,11.0,61928.197723138896,0.054529457682283,60.87691357623427,0.5200377027334482,45.33852179282998,145.3462151005948,0.1685441014228307,0.8664166135433051,-0.6978725121204744,0.17590706667082445,-0.0073629652479937635,3,3
39095,3387,17,93,54003065.0,105011394.0,0.02745792736935341,431102.0,0.8182750254000214,28.090201390854133,0.31496062992125984,16.100649659495897,18.2,51656.47122451773,0.0721663823158519,78.5660934071287,0.3943382308595182,125.26748890053862,243.58827841206954,0.5955803010965911,1.3263878450611715,-0.7308075439645804,-0.012736266005178435,0.6083165671017695,3,3
39097,280,8,8,1503503.0,4356173.0,0.02857142857142857,44135.0,0.4920811147615271,20.848183980967487,0.0,14.089252797235753,9.3,72098.17148789695,0.0415797317436661,63.44171292624901,1.8126203693214002,34.06600203919792,98.7010989010989,-0.8329247502009487,0.7551271252595102,-1.588051875460459,1.5208332489089165,-2.353757999109865,3,3
39099,2188,15,75,37326803.0,93578460.0,0.034277879341864714,229961.0,0.8242702023386574,29.386334639351883,0.2714285714285714,15.287104320615237,19.5,48801.035130483535,0.0773219889075423,95.14656833115181,0.6522845178095417,162.31797130817833,406.9318710563965,0.7766102830499242,1.58494929519331,-0.8083390121433858,0.3582310329976079,0.4183792500523163,3,3
39101,638,7,19,19745899.0,45122872.0,0.029780564263322883,65299.0,0.6823075391659903,26.61642291612429,0.16666666666666666,15.483391494938667,16.0,50344.28492740773,0.0661359890591577,97.70440588676703,1.0719919141181335,302.3920580713334,691.0193417969647,0.20574527874273127,1.836604490849792,-1.6308592121070609,0.8529260199840981,-0.6471807412413668,3,3
39103,954,9,40,5574212.0,11726939.0,0.041928721174004195,177980.0,0.6392740757388471,24.645843353185747,0.0,12.78420236664232,7.6,81190.2022282924,0.0276141729821013,53.601528261602425,0.5056747949207776,31.319316777165973,65.88908304303854,-0.4974049803972939,0.5699484310273742,-1.067353411424668,0.15515783420666504,-0.6525628146039589,3,3
39105,196,7,12,2203691.0,6257009.0,0.061224489795918366,23078.0,0.8495536874945836,30.32494583586099,0.16666666666666666,17.33577625938123,20.8,47589.54164292559,0.0780105252295944,84.92936996273508,3.0331917843833955,95.48882052170899,271.1244041944709,0.9522483522720068,1.3291682379752565,-0.37691988570324975,2.3085840578196173,-1.3563357055476106,3,3
39107,355,6,31,12361560.0,45000579.0,0.08732394366197183,40884.0,0.5568437530574308,20.288508952157322,0.0,14.477609341062516,7.6,66724.35523075017,0.0254503464203233,86.83103414538694,1.46756677428823,302.3569122395069,1100.6892427355444,-0.9073989606433385,1.858367070874334,-2.7657660315176726,1.234784099444493,-2.1421830600878313,3,3
39109,861,17,50,96007227.0,147026019.0,0.05807200929152149,105371.0,0.6176652020005504,25.560599216103103,0.19047619047619047,17.222466985859487,9.6,64698.83987228716,0.0485805005603287,81.71128678668704,1.6133471258695469,911.1351984891479,1395.3176775393608,-0.3317439348659386,2.1149416820974904,-2.4466856169634292,1.3602311438304622,-1.6919750786964007,3,3
39111,146,2,6,2600036.0,7510784.0,0.0410958904109589,13942.0,0.0,30.953744082628027,0.5,18.72170716245876,14.8,48002.912124244576,0.0523791958686831,104.71955243150194,1.4345144168698896,186.489456319036,538.7163964997849,-0.28802133409625946,1.720993316927004,-2.0090146510232634,1.2053118976486163,-1.4933332317448758,3,3
39113,4093,30,136,59957309.0,138349079.0,0.033227461519667725,531670.0,0.9039272481050276,28.063533770948144,0.40522875816993464,17.546384829994167,15.2,54630.61884139226,0.0641180023475872,76.98384336148362,0.5642597852051084,112.77166099272105,260.2160719995486,0.5038161886293399,1.3042087161813194,-0.8003925275519795,0.2385824144886804,0.26523377414065946,3,3
39115,138,3,5,2005089.0,1913783.0,0.036231884057971016,14640.0,0.5180327868852459,31.91188524590164,0.25,17.940081337295084,15.2,44878.2552551975,0.0456417861262151,94.26229508196722,2.0491803278688523,136.959631147541,130.7228825136612,0.36854698425285837,1.3309359677245043,-0.9623889834716459,1.6973273445767014,-1.328780360323843,3,3
39117,230,4,8,928115.0,1374815.0,0.034782608695652174,35043.0,0.0,27.335687583825585,0.0,15.020257165853383,10.8,63014.620141990075,0.0320071126917092,65.63365008703592,1.141454784122364,26.485032674143195,39.23222897582969,-0.7978065733327867,0.5498476310828502,-1.3476542044156368,0.9249933826525861,-1.7227999559853728,3,3
39119,725,19,33,61260342.0,79339144.0,0.04551724137931035,86131.0,0.5771325074595675,29.669642753480165,0.3684210526315789,17.164221597891583,17.3,50085.6633955056,0.0613429327064354,84.17410688370042,2.2059421114349074,711.2461483089712,921.1450464989376,0.39551835495336524,1.9985627787557474,-1.6030444238023822,1.806894248213263,-1.4113758932598979,3,3
39121,122,7,4,617138.0,649058.0,0.03278688524590164,14416.0,0.7980022197558269,26.031021087680354,0.0,17.652084167591564,15.0,49707.27041645207,0.0529384328358208,84.62819089900111,4.855715871254162,42.8092397336293,45.0234461709212,0.22722892043029,0.8189143088646805,-0.5916853884343906,3.123476103413339,-2.896247182983049,3,3
39123,348,4,16,5282291.0,12641329.0,0.04597701149425287,40632.0,0.447258318566647,28.08068763536129,0.0,13.744208783372713,8.8,62640.466860180844,0.0380488774090999,85.64678086237448,0.9844457570387871,130.0032240598543,311.11756743453435,-0.37980391019846094,1.4276955462602559,-1.8074994564587168,0.7585756118961349,-1.1383795220945958,3,3
39125,171,6,3,379440.0,347250.0,0.017543859649122806,18809.0,0.6352809825083736,24.711840076559096,0.0,15.852452249614547,10.1,58645.61213174176,0.0409317803660565,90.91392418523048,3.1899622521133497,20.173321282364824,18.461906534106014,-0.34464871090863697,0.5352788290938293,-0.8799275400024662,2.3919257881119553,-2.7365744990205925,3,3
39127,252,3,14,14661319.0,17838946.0,0.05555555555555555,36022.0,0.1708400421964355,25.618830159347063,0.0,15.886214579395924,13.7,53155.204200376815,0.0713538139506248,69.95724834823164,0.8328243850979956,407.01013269668533,495.22364110821167,-0.5623018406304183,1.6565699104079157,-2.218871751038334,0.5848674863813452,-1.1471693270117636,3,3
39129,366,10,12,3050452.0,10725679.0,0.03278688524590164,57762.0,0.2952979467469963,23.294749143035215,0.07692307692307693,14.348121272376302,11.6,67446.16368659178,0.0424216667310589,63.36345694401164,1.7312419930057825,52.81070600048475,185.68745888300268,-0.7262296187195189,0.9672490254484135,-1.6934786441679324,1.4566662338454928,-2.1828958525650117,3,3
39131,190,3,2,525102.0,1171337.0,0.010526315789473684,28000.0,0.1324642857142857,29.19143928571429,0.0,16.808438695964284,19.5,45398.678091934984,0.0641940085592011,67.85714285714286,1.0714285714285714,18.753642857142857,41.833464285714285,0.012133515846531348,0.5061106099715375,-0.4939770941250061,0.8523317309495348,-0.8401982151030035,3,3
39133,1066,8,34,4575810.0,7957569.0,0.03189493433395872,162511.0,0.6669333152832732,31.180363175415813,0.02857142857142857,15.469923303862508,12.9,61070.71895547977,0.0552523874488403,65.59555968519054,0.4922743691196288,28.15692476201611,48.96634074001145,0.3361251124823556,0.6031944119480629,-0.2670692994657073,0.13561978105051636,0.20050533143183924,3,3
39135,313,3,8,2663112.0,3877565.0,0.025559105431309903,41093.0,0.3383301292190884,25.13434161536028,0.0,15.032750361253743,10.4,62489.95760800829,0.0359677262564401,76.16869053123403,0.7300513469447351,64.80695008882292,94.36071837052539,-0.6172819799870091,0.9878577938772809,-1.6051397738642899,0.4587477432124724,-1.0760297231994815,3,3
39137,266,6,17,3887568.0,5858387.0,0.06390977443609022,33911.0,0.40060747250154816,20.631010586535343,0.0,13.022126140514874,6.5,68706.41369245913,0.0304790352915145,78.44062398631712,1.7693373831500103,114.640323198962,172.757718734334,-1.118588349288818,1.2420004058399585,-2.3605887551287763,1.4869392012790774,-2.6055275505678956,3,3
39139,986,14,39,12940260.0,22998846.0,0.03955375253549696,121100.0,0.7321056977704377,25.608695293146155,0.06666666666666667,14.523058500924854,14.4,52516.069840799,0.0530264588619064,81.42031379025599,1.1560693641618496,106.85598678777869,189.916151940545,0.08816625043930748,1.2645681808660678,-1.1764019304267603,0.9398580005157376,-0.8516917500764302,3,3
39141,660,8,36,13037446.0,15050860.0,0.05454545454545454,76948.0,0.4039351250194937,30.836798877163798,0.11764705882352941,15.381064313224515,16.5,54153.652901408816,0.0613194717277645,85.77220980402349,1.0396631491396786,169.43190206373134,195.59780631075532,0.24488359460000964,1.400891945895883,-1.1560083512958734,0.8185571343589337,-0.5736735397589241,3,3
39143,515,13,20,2305260.0,6925142.0,0.038834951456310676,59029.0,0.548781107591184,24.60291043385455,0.0,14.389474005641299,10.3,57330.246061698526,0.045566295086384,87.24525233359873,2.202307340459774,39.053007843602295,117.31762354097138,-0.43427858593015306,0.9920928358079989,-1.426371421738152,1.8044149900647795,-2.2386935759949327,3,3
39145,507,5,17,7586288.0,14609269.0,0.03353057199211045,76040.0,0.327669647553919,32.96780247238295,0.05,16.369096746935824,18.6,43806.67177670137,0.076522369852626,66.67543398211468,0.6575486586007364,99.76706996317728,192.12610468174645,0.44686052855704955,1.1416271187290954,-0.6947665901720459,0.36518296983809934,0.08167755871895022,3,3
39147,596,16,24,5176043.0,8372954.0,0.040268456375838924,55351.0,0.50418239959531,24.711125363588728,0.0,14.538716226174778,12.8,55646.026331401445,0.0436257184677448,107.67646474318441,2.89064334881032,93.51308919441384,151.27014868746724,-0.32244521731908027,1.3470352751145185,-1.6694804924335989,2.2299414435028764,-2.5523866608219565,3,3
39149,447,5,27,4173645.0,10307300.0,0.06040268456375839,48749.0,0.38876694906562187,21.164813637202812,0.0,14.294851093560894,10.4,67629.53059240764,0.0448735070782615,91.6941885987405,1.025662064862869,85.61498697409178,211.43613202322098,-0.8546711046211711,1.3010611487694381,-2.1557322533906094,0.8035031259726786,-1.6581742305938496,3,3
39151,2746,27,118,67053112.0,61924550.0,0.04297159504734159,372404.0,0.8080793976434195,25.680063049806126,0.13953488372093023,14.632927047085959,12.3,57087.523394462514,0.0543402786979958,73.73712419845114,0.725019065316162,180.05475773622194,166.28325689305163,0.047923817871400654,1.3009659045002897,-1.2530420866288892,0.4523813654748172,-0.40445754760341657,3,3
39153,4139,23,145,797912956.0,231002083.0,0.035032616574051705,541334.0,0.9175684512703802,27.83558394632519,0.3037037037037037,15.696013095907515,12.9,60607.532031540315,0.0539013357834475,76.45926544425438,0.4248763240439359,1473.975320227438,426.72746031100945,0.3617833818061024,1.9646279132907303,-1.6028445314846278,0.03461317261011565,0.32717020919598677,3,3
39155,1560,10,47,8871824.0,18341558.0,0.03012820512820513,200367.0,0.6887661141804788,29.821228046534603,0.32727272727272727,16.841415301127434,17.2,50113.221427593526,0.0482695212451566,77.85713216248185,0.49908418052872977,44.27787010835117,91.53981444050169,0.5216289516222407,0.9108364059202886,-0.38920745429804793,0.14557043043257803,0.37605852118966265,3,3
39157,709,18,30,8842163.0,23158572.0,0.04231311706629055,92335.0,0.32939838631071644,25.82732549953972,0.14285714285714285,16.83884217632534,13.4,56433.550094529666,0.0421245022737657,76.78561758813018,1.9494232956083826,95.76176964314723,250.81033194346674,-0.393300941127176,1.2597822943726367,-1.6530832354998126,1.6246301827139185,-2.0179311238410946,3,3
39159,390,10,28,8616591.0,24037660.0,0.07179487179487179,56707.0,0.5658384326449998,24.442809529687697,0.0,12.25100677099829,5.4,91911.3366348091,0.018560696196077,68.77457809441516,1.7634507203696193,151.94933606080377,423.89228842999984,-0.7259340947895409,1.3991388169068737,-2.1250729116964147,1.4822885974563713,-2.2082226922459123,3,3
39161,271,4,12,27524533.0,38871871.0,0.04428044280442804,28261.0,0.5072361204486748,27.30979087788825,0.0,15.057030754608828,10.9,57505.13357302579,0.0391674284508824,95.8918651144687,1.4153780828703868,973.9405187360674,1375.4598563391246,-0.24361853769783273,2.215370609811239,-2.4589891475090715,1.1880649222361204,-1.4316834599339532,3,3
39163,119,2,4,280147.0,601455.0,0.03361344537815126,13083.0,0.22120308797676375,36.35582053045937,0.0,17.034386714591456,18.8,48409.92305969711,0.070054945054945,90.9577314071696,1.5287013681877244,21.413055109684322,45.972254070167395,0.5928864961343004,0.712860422840962,-0.11997392670666152,1.2882709503935634,-0.695384454259263,3,3
39165,1063,11,49,27147709.0,63758476.0,0.04609595484477893,229132.0,0.8084684810502243,25.32747673829932,0.030303030303030304,13.068239696493723,5.9,92345.90560234957,0.030495401957876,46.39247246128869,0.480072621894803,118.48065307333763,278.260897648517,-0.36730644213823865,1.0499017814047515,-1.4172082235429901,0.11767620431789652,-0.4849826464561352,3,3
39167,545,6,30,11862983.0,26607250.0,0.05504587155963303,60426.0,0.4343494522225532,27.16342964948863,0.125,16.813718675586667,12.8,53018.47396424822,0.0402520621658937,90.1929632939463,0.9929500546122529,196.32249362857047,440.3278390096978,-0.21772521952942872,1.6123826631802654,-1.8301078827096942,0.7679215813717903,-0.985646800901219,3,3
39169,775,17,32,9920609.0,17269343.0,0.04129032258064516,116099.0,0.3921480805174894,23.12010008699472,0.0,14.069799228175953,9.2,61793.587335632474,0.0345284610220837,66.75337427540289,1.464267564750773,85.44956459573295,148.74669893797534,-0.7802049574104771,1.0605252887077354,-1.8407302461182127,1.231860044398486,-2.012065001808963,3,3
39171,404,5,21,3575363.0,8159592.0,0.05198019801980198,36816.0,0.4404878313776619,26.474951108213823,0.0,14.574222866742721,11.1,56369.9546358652,0.0382062489881819,109.7348978704911,1.3581051716644936,97.11437961755759,221.63168187744458,-0.3652440469081206,1.436815615064523,-1.8020596619726437,1.135618151005408,-1.5008621979135286,3,3
39173,1017,9,31,16130485.0,25698731.0,0.03048180924287119,130150.0,0.588029197080292,25.799755666538612,0.0,14.138301568520937,9.8,66128.6777679264,0.0451951890316489,78.14060699193239,0.6915097963887823,123.93764886669227,197.45471379177872,-0.33410315957835013,1.2819845864908375,-1.6160877460691876,0.40950896055210195,-0.7436121201304521,3,3
39175,221,8,8,2495955.0,5197895.0,0.03619909502262444,22000.0,0.34454545454545454,21.195572727272726,0.0,14.325747854636363,8.8,59108.79905568123,0.0265989498149264,100.45454545454545,3.6363636363636362,113.4525,236.26795454545456,-0.9977851224633506,1.4342919870497803,-2.432077109513131,2.6131844827984643,-3.6109696052618148,3,3
40001,33,1,0,,,0.0,22220.0,0.20162016201620162,24.30820882088209,0.2,19.355687857830784,23.1,36774.073972723294,0.0483641536273115,14.851485148514852,0.45004500450045004,,,-0.05297743525765245,-1.0806263687885145,1.027648933530862,0.0728806327025778,-0.12585806796023025,3,1
40003,32,1,0,,,0.0,5847.0,0.7571404138874637,23.017256712844194,0.0,16.41579929707542,19.8,65558.43848856843,0.0231846019247594,54.7289208140927,1.710278775440397,,,0.25345006780180473,1.0225673520480785,-0.7691172842462737,1.4398269406191595,-1.1863768728173547,3,1
40005,27,0,0,,,0.0,13823.0,0.7255299139115966,28.053193952108806,0.25,18.833601362294726,20.0,41671.9842141977,0.0478766025641025,19.532662953049268,0.0,,,0.6018978601695765,-0.6477647446790731,1.2496626048486497,-0.7392454361446669,1.3411432963142433,3,1
40007,30,0,0,,,0.0,5377.0,0.7041100985679747,17.804761019155666,0.0,16.558998510693698,13.5,55485.977760429225,0.0423695566888976,55.793193230425885,0.0,,,-0.5712075167375797,1.0542134613956329,-1.6254209781332127,-0.7392454361446669,0.16803791940708712,3,1
40009,55,0,1,210030.0,531268.0,0.01818181818181818,22268.0,0.648509071313095,24.624429674869766,0.0,16.336710849604813,21.8,53760.42098200024,0.032979194333776,24.69911981318484,0.0,9.431920244296748,23.857912699838334,0.37569941926895617,-0.2876784315803087,0.6633778508492649,-0.7392454361446669,1.114944855413623,3,3
40011,39,0,0,,,0.0,9556.0,0.8861448304730013,19.93643784010046,0.0,16.35630699853495,16.3,48536.05405271496,0.0298058517910855,40.81205525324404,0.0,,,-0.046477558295141407,0.5419271954995196,-0.5884047537946611,-0.7392454361446669,0.6927678778495254,3,1
40013,71,0,1,165279.0,80074.0,0.014084507042253521,46457.0,0.5769636437996427,25.91779710269712,0.0,17.97722204442818,18.1,46861.373641217535,0.0554052129326306,15.282949824568957,0.0,3.5576769916266655,1.7236153862711754,0.16798737310422193,-1.140132009255786,1.308119382360008,-0.7392454361446669,0.9072328092488888,3,3
40015,67,0,2,986283.0,669118.0,0.029850746268656716,29242.0,0.6281718076738937,21.54645715067369,0.125,18.131455360679844,21.1,49383.993501574405,0.0669966996699669,22.912249504137886,0.0,33.72830175774571,22.88208740852199,0.08454522493238843,-0.06682777207645436,0.1513729970088428,-0.7392454361446669,0.8237906610770553,3,3
40017,212,3,9,1065561.0,1923167.0,0.04245283018867924,140455.0,0.742992417500267,25.356252892385463,0.13793103448275862,16.580284529763983,7.9,76373.90615877071,0.037246126430058,15.093802285429495,0.21359154177494574,7.586493894841764,13.6924068206899,-0.3144018456960333,-0.6903655679076967,0.37596372221166335,-0.3161640420163061,0.001762196320272802,3,3
40019,121,3,1,108680.0,810948.0,0.008264462809917356,48319.0,0.5673130652538338,24.01333222955773,0.2727272727272727,17.661900199817875,17.1,54500.24815113011,0.0542518069063977,25.041908979904385,0.6208737763612657,2.249218733831412,16.78321157308719,-0.04349977101717839,-0.603291120399239,0.5597913493820607,0.3162832925888089,-0.3597830636059873,3,3
40021,88,2,0,,,0.0,48664.0,0.8067770836758179,29.96503164556962,0.0,18.434213006267466,18.7,45337.20248189267,0.0763269140441521,18.083182640144663,0.4109814236396515,,,0.7515092436211869,-0.7702347541462184,1.5217439977674054,0.013196177771664437,0.7383130658495224,3,1
40023,63,0,3,185935.0,-856566.0,0.047619047619047616,14807.0,0.5650030391031269,31.957175660160736,0.4,19.490310669750794,23.5,36555.729564641995,0.0764422218253259,42.547443776592154,0.0,12.557236442223273,-57.84872019990545,0.928213645157785,-1.2966966682139514,2.2249103133717365,-0.7392454361446669,1.667459081302452,3,3
40025,12,0,0,,,0.0,2174.0,0.4392824287028519,17.16071757129715,0.0,15.96931821803128,17.4,49104.173483450795,0.0051124744376278,55.19779208831647,0.0,,,-0.6682744795247274,1.0365830544352341,-1.7048575339599616,-0.7392454361446669,0.07097095661993946,3,1
40027,414,4,17,3467486.0,3148424.0,0.04106280193236715,279274.0,0.8318783703459685,27.03448405508569,0.06451612903225806,16.871010697558674,12.9,67852.11469773324,0.0429422142311565,14.824151192019308,0.14322851393255367,12.416071671548371,11.27360226873966,0.20992316846439665,-0.6337587069479104,0.843681875412307,-0.446700323546857,0.6566234920112537,3,3
40029,13,0,0,,,0.0,5581.0,0.3205518724242967,25.257821179000178,0.0,18.663657051962012,21.3,43391.18144676024,0.0542222222222222,23.293316609926535,0.0,,,0.0362491921969648,-0.3664140336228776,0.40266322581984243,-0.7392454361446669,0.7754946283416316,3,1
40031,227,1,2,1133916.0,290863.0,0.00881057268722467,121762.0,0.8182684252886779,26.00399057177116,0.0,14.281051350183146,19.5,55286.711989947245,0.0752642624718408,18.642926364547233,0.08212742891871028,9.312560568978828,2.3887830357582827,0.521228973842717,-0.8123916183029207,1.3336205921456377,-0.5667449341339443,1.0879739079766613,3,3
40033,14,0,0,,,0.0,5858.0,0.6601229088426084,21.61043018094913,0.0,17.338606797883237,17.3,53934.24856901643,0.0687450039968025,23.898941618299762,0.0,,,-0.10749212398258227,-0.32522122217612254,0.21772909819354025,-0.7392454361446669,0.6317533121620846,3,1
40035,46,1,0,,,0.0,14390.0,0.6729673384294649,25.923168867268938,0.2,18.863655351633078,18.8,45925.46047453892,0.0498250291618063,31.96664350243224,0.6949270326615705,,,0.3151053839782626,0.14430507249533558,0.17080031148292701,0.41391974908391405,-0.09881436510565145,3,1
40037,146,0,1,65552.0,34638.0,0.00684931506849315,71427.0,0.2870763156789449,25.33266971873381,0.0,17.228177622901704,15.7,54393.19579571161,0.0379412319889259,20.44044968989318,0.0,0.9177481904601901,0.4849426687387123,-0.33553671278935226,-1.2932937650656007,0.9577570522762484,-0.7392454361446669,0.4037087233553146,3,3
40039,67,0,2,494347.0,59119.0,0.029850746268656716,29152.0,1.0,28.101289791437978,0.2,16.832906090079586,18.2,52890.22312260823,0.0317582187478188,22.98298572996707,0.0,16.957567233809,2.0279569154774975,0.7934435134586987,-0.5982739484468217,1.3917174619055204,-0.7392454361446669,1.5326889496033655,3,3
40041,86,3,2,422732.0,190950.0,0.023255813953488372,42433.0,0.44510168972262154,28.396064383852195,0.3333333333333333,19.023150236679,21.0,44194.60407455457,0.0631201925899829,20.267244833030894,0.7069969127801475,9.962340631112577,4.500035349845639,0.3839454719432945,-0.66396912735534,1.0479145992986345,0.42942805070799334,-0.045482578764698856,3,3
40043,28,0,0,,,0.0,4922.0,1.0,20.744737911418124,0.0,16.439859248273063,13.8,55569.711781004095,0.0256527714154832,56.88744412840309,0.0,,,-0.0157776880118438,1.0861385744717684,-1.1019162624836123,-0.7392454361446669,0.7234677481328231,3,1
40045,11,0,0,,,0.0,4015.0,1.0,24.997459526774595,0.0,17.351598451805724,14.0,56435.669943151814,0.0664225941422594,27.397260273972602,0.0,,,0.30931673356594275,-0.10529326389239581,0.41460999745833854,-0.7392454361446669,1.0485621697106096,3,1
40047,148,1,3,2352152.0,1058440.0,0.02027027027027027,61898.0,0.8248893340657211,24.481317651620405,0.16666666666666666,16.28481123042748,14.4,57242.27234387936,0.0490787213258328,23.91030404859608,0.16155610843645996,38.00045235710362,17.09974474134867,0.10582039644159953,-0.06991709668157753,0.17573749312317705,-0.4119412386237269,0.5177616350653265,3,3
40049,62,0,1,71879.0,192395.0,0.016129032258064516,27835.0,0.32642356745105083,23.852911801688524,0.0,17.147626736267288,18.0,49948.93315937701,0.0309484482308962,22.27411532243578,0.0,2.5823244117118733,6.911981318483923,-0.2617011112693923,-0.7954642660754269,0.5337631548060346,-0.7392454361446669,0.4775443248752746,3,3
40051,95,1,0,,,0.0,55071.0,0.658749614134481,23.495077263895702,0.1,16.75177002070055,13.1,64522.89243664881,0.0348414343252649,17.250458499028525,0.18158377367398448,,,-0.22605492824087448,-0.8448736650903724,0.618818736849498,-0.37457952870020045,0.14852460045932597,3,1
40053,25,0,1,44818.0,1068889.0,0.04,4397.0,1.0,19.69274505344553,0.0,17.195891634523537,14.0,61186.25070538688,0.0370187561697926,56.856947919035704,0.0,10.192858767341368,243.09506481692063,-0.08100511234713108,0.6073427548301659,-0.6883478671772969,-0.7392454361446669,0.6582403237975358,3,3
40055,18,0,0,,,0.0,5861.0,0.5572427913325371,26.978740829210032,0.0,17.149259450776317,25.7,43974.139817851115,0.064319248826291,30.711482682136154,0.0,,,0.6874473469372374,0.07936856565623951,0.6080787812809979,-0.7392454361446669,1.4266927830819043,3,1
40057,13,0,0,,,0.0,2710.0,0.0,14.2,0.0,17.444971,25.1,51240.9808945766,0.0380047505938242,47.97047970479705,0.0,,,-0.8935772636230336,0.8062959530599952,-1.6998732166830288,-0.7392454361446669,-0.1543318274783667,3,1
40059,12,0,0,,,0.0,3760.0,0.45478723404255317,26.23590425531915,0.0,17.08161042287234,12.5,48919.746653323855,0.0282840980515399,31.914893617021274,0.0,,,-0.28207928729790793,0.14167699475200998,-0.4237562820499179,-0.7392454361446669,0.45716614884675894,3,1
40061,35,0,0,,,0.0,12687.0,0.6682430834712698,36.865933632852524,0.5,19.623435225348786,17.4,44885.67472537502,0.0859835100117785,27.587294080554898,0.0,,,1.0299046026403171,-0.09413574138925439,1.1240403440295714,-0.7392454361446669,1.769150038784984,3,1
40063,22,0,0,,,0.0,13372.0,0.5371672150762787,25.702183667364647,0.2,18.63857619810051,24.2,41723.920505440336,0.0824151608638166,16.45228836374514,0.0,,,0.48041177296902093,-0.9196834938873987,1.4000952668564195,-0.7392454361446669,1.219657209113688,3,1
40065,72,1,0,,,0.0,25063.0,0.9342457008338986,26.05874795515301,0.25,16.71590953074253,16.5,52681.41803332659,0.050611290902553,28.727606431791884,0.3989945337748873,,,0.4683380724924578,-0.02870345399004941,0.4970415264825072,-0.005450033716193447,0.47378810620865125,3,1
40067,20,0,0,,,0.0,6158.0,0.25073075673920103,26.216368950958103,0.3333333333333333,18.85223031049042,24.2,42285.68039030973,0.0649078726968174,32.47807729782397,0.0,,,0.2076579393471809,0.17005819944181755,0.03759973990536336,-0.7392454361446669,0.9469033754918478,3,1
40069,16,0,0,,,0.0,11064.0,0.536062906724512,24.87273138105568,0.0,18.46130641666667,19.9,43808.79162532352,0.0791814946619217,14.461315979754158,0.0,,,0.1563475150069444,-1.1223177186147015,1.278665233621646,-0.7392454361446669,0.8955929511516113,3,1
40071,120,0,3,392418.0,5616847.0,0.025,44402.0,0.8957929822980947,24.534770956263234,0.2727272727272727,18.757143649272557,18.8,49613.997077077525,0.0665344571145265,27.025809648214047,0.0,8.837845142110716,126.49986487095175,0.4545602612928734,0.053007988060815116,0.4015522732320583,-0.7392454361446669,1.1938056974375404,3,3
40073,54,0,1,377296.0,350816.0,0.018518518518518517,15694.0,0.7002038995794572,22.844787817000125,0.0,16.390161444628518,12.0,61239.2469209406,0.049165242539766,34.40805403338856,0.0,24.040779915891424,22.353510895883776,-0.2959349888286399,0.07486624605793753,-0.3708012348865774,-0.7392454361446669,0.443310447316027,3,3
40075,28,1,0,,,0.0,8886.0,0.8488633805986946,26.45210443394103,0.0,18.16756705221697,21.7,40297.26238273432,0.0514705882352941,31.510240828269186,1.1253657438667566,,,0.7213382717153946,0.12098340181671115,0.6003548698986834,0.9085113078370606,-0.18717303612166603,3,1
40077,21,0,2,91279.0,404494.0,0.09523809523809523,10348.0,0.21308465403942792,26.202183996907618,0.0,18.0794215644569,23.1,46863.49348983969,0.1034645298138109,20.29377657518361,0.0,8.820931580981831,39.08909934286819,0.09881273306913661,-0.31672083567344134,0.41553356874257796,-0.7392454361446669,0.8380581692138035,3,3
40079,90,2,1,18400.0,2617.0,0.011111111111111112,50026.0,0.6053252308799424,28.176943989125654,0.16666666666666666,18.28172445274457,21.0,43114.54120156984,0.0560098522167487,17.990644864670372,0.39979210810378607,0.36780873945548315,0.0523127973453804,0.5415555280514541,-1.5007426867963412,2.0422982148477953,-0.004204414077466624,0.5457599421289208,3,3
40081,49,0,0,,,0.0,34895.0,0.6596073936093996,24.564602378564267,0.0,17.835164885055168,20.5,53707.42476644653,0.0470335281865215,14.042126379137413,0.0,,,0.304171809217958,-1.168299039030641,1.4724708482485989,-0.7392454361446669,1.043417245362625,3,1
40083,125,1,2,135532.0,17984.0,0.016,46683.0,0.757020757020757,29.825407535933852,0.5,18.16888907002549,11.2,69273.47319888389,0.0398777204909431,26.776342565816247,0.21421074052653,2.903241008504166,0.3852365957629115,0.23059410505005948,-1.003242372864853,1.2338364779149125,-0.31504923209141406,0.5456433371414735,3,3
40085,13,0,2,-307516.0,1973253.0,0.15384615384615385,10063.0,0.22130577362615522,32.22950412401868,0.0,17.633980929543874,14.4,52359.20104276,0.0437079731027857,12.91861273973964,0.0,-30.55907780979827,196.08993341945742,0.02145794603188511,-1.5370215467241632,1.5584794927560484,-0.7392454361446669,0.760703382176552,3,3
40087,74,1,7,1829907.0,684995.0,0.0945945945945946,39247.0,0.3895839172420822,28.111458200626796,0.0,16.379601549850946,9.5,71716.59873591019,0.0370389503047835,18.854944326954925,0.25479654495885035,46.6253981196015,17.45343593140877,-0.39745269321595345,-0.14817952673999094,-0.2492731664759625,-0.24319125799064836,-0.15426143522530508,3,3
40089,52,0,1,315982.0,294502.0,0.019230769230769232,33016.0,0.6838805427671432,24.917152289798885,0.375,19.23422797258905,22.2,39281.854892725125,0.0563988095238095,15.749939423309911,0.0,9.570571843954447,8.919978192391568,0.45994865899256493,-0.6950508681071342,1.154999527099699,-0.7392454361446669,1.1991940951372317,3,3
40091,35,0,3,91688.0,48587.0,0.08571428571428572,19725.0,0.46565272496831434,20.38860836501901,0.16666666666666666,18.75367475376426,19.2,41426.08177402846,0.0653702937525858,17.743979721166035,0.0,4.648314321926489,2.4632192648922686,-0.2925663597341028,-0.9688611803437018,0.6762948206095991,-0.7392454361446669,0.4466790764105641,3,3
40093,29,0,0,,,0.0,7692.0,0.0,15.3798751950078,0.0,16.130637570202808,12.3,57587.80766928959,0.0290528762347472,37.70150806032241,0.0,,,-1.5861794046899613,0.41260400548079607,-1.9987834101707573,-0.7392454361446669,-0.8469339685452945,3,1
40095,26,0,0,,,0.0,16505.0,0.5586791881248107,21.658963950318086,0.0,18.014427302696152,15.7,48487.29753440554,0.0404504371017928,15.752802181157227,0.0,,,-0.3113452620527048,-0.9881126833925038,0.676767421339799,-0.7392454361446669,0.42790017409196207,3,1
40097,101,0,2,109523.0,59295.0,0.019801980198019802,41044.0,0.3874135074554137,23.13599064418673,0.0,17.904467911265957,16.9,53361.88944103631,0.0556284153005464,24.60773803722834,0.0,2.668429003021148,1.4446691355618362,-0.3153011192680306,-0.9562996736025245,0.6409985543344939,-0.7392454361446669,0.42394431687663625,3,3
40099,28,0,1,13813.0,140570.0,0.03571428571428571,13946.0,0.45769396242650223,22.145568621827046,0.0,17.487800361178834,12.6,55622.707996557816,0.0395061728395061,20.07744156030403,0.0,0.9904632152588556,10.07959271475692,-0.573805907245787,-0.9190378830994744,0.3452319758536875,-0.7392454361446669,0.16543952889887992,3,3
40101,142,0,2,79451.0,34181.0,0.014084507042253521,68736.0,0.595437616387337,29.957032704841716,0.1875,18.360634701510126,20.8,45659.419472459274,0.0626723223753976,20.65875232774674,0.0,1.1558862895716946,0.4972794459962756,0.6496350765372475,-1.259965837207201,1.9096009137444483,-0.7392454361446669,1.3888805126819144,3,3
40103,32,0,0,,,0.0,11335.0,1.0,20.534591971768858,0.0,17.093746737979707,13.3,59479.772564557235,0.0418151134445902,28.2311424790472,0.0,,,-0.061686262922728975,-0.056877043082251784,-0.004809219840477191,-0.7392454361446669,0.6775591732219379,3,1
40105,29,0,1,30172.0,1884483.0,0.034482758620689655,10322.0,0.5992055803138927,26.13456694439062,0.25,18.805070653652393,17.4,45730.434401301245,0.0763769363166953,28.09533036233288,0.0,2.923076923076923,182.56956016275916,0.16543022979876862,-0.06327570304922307,0.22870593284799168,-0.7392454361446669,0.9046756659434355,3,3
40107,24,0,0,,,0.0,12067.0,0.8234026684345737,27.885340183972822,0.25,18.800426209745588,25.0,40712.75271267545,0.0751932536893886,19.888953343830284,0.0,,,1.0001321470297486,-0.618985444498456,1.6191175915282048,-0.7392454361446669,1.7393775831744156,3,1
40109,1668,12,62,27168575.0,27954826.0,0.03717026378896882,787216.0,0.8476606166541331,28.379618554500926,0.3775933609958506,18.325680004566724,16.0,57787.07343977156,0.0449527717185189,21.188593727769764,0.15243592609906303,34.51222409097376,35.51099825206805,0.5147765445419046,-0.0242566028929377,0.5390331474348423,-0.42916896521022696,0.9439455097521315,3,3
40111,98,1,1,55329.0,123777.0,0.01020408163265306,38749.0,0.4356757593744355,27.09741412681618,0.3,18.976610342873364,19.3,45574.62552757332,0.0844816174258379,25.290975250974217,0.2580711760303492,1.427882009858319,3.194327595550853,0.1746534676279644,-0.9329155908467617,1.1075690584747262,-0.23749516518117225,0.41214863280913666,3,3
40113,82,0,2,203174.0,4075102.0,0.024390243902439025,47226.0,0.7243891076949138,27.599011137932496,0.0,17.597309833947403,14.2,52045.463446682006,0.0602095528555265,17.363316817007583,0.0,4.302164062169144,86.28937449709906,0.214068425777446,-0.39153010410637074,0.6055985298838167,-0.7392454361446669,0.9533138619221129,3,3
40115,91,0,1,174445.0,27626.0,0.01098901098901099,31454.0,0.6207477586316525,25.750391047243593,0.4444444444444444,19.373294029630568,21.6,42261.302131155026,0.0571365703388587,28.931137534176894,0.0,5.546035480384053,0.8782984676034844,0.4162674203662176,-0.7892521330310278,1.2055195533972454,-0.7392454361446669,1.1555128565108845,3,3
40117,37,1,0,,,0.0,16412.0,0.23257372654155495,25.27930782354375,0.0,17.43594771673166,17.2,50885.906250366716,0.0400291120815138,22.544479649037292,0.6093102607847917,,,-0.30722313205055024,-0.41879144535749546,0.11156831330694522,0.30063566365774425,-0.6078587957082945,3,1
40119,210,4,9,746329.0,4018379.0,0.04285714285714286,81815.0,0.5600195563160789,36.076379636985884,0.0,16.832457999755547,22.0,44096.031113624646,0.0412076491373934,25.667664853633198,0.48890790197396566,9.122153639308195,49.115431155656054,1.1345637479007122,-0.14278589789268525,1.2773496457933975,0.13068383850870396,1.0038799093920083,3,3
40121,108,2,1,100.0,1275.0,0.009259259259259259,44146.0,0.6483033570425406,27.076724958093596,0.07692307692307693,18.22267703203008,18.4,49587.49896930067,0.063795510686285,24.46427762424682,0.45304217822679294,0.0022652108911339645,0.02888143886195805,0.3488838962527252,-1.4108057161415444,1.7596896123942696,0.07739332844410601,0.2714905678086192,3,3
40123,78,0,2,467909.0,1677642.0,0.02564102564102564,38355.0,0.7304132446877851,23.980318081084604,0.0,16.526283846773563,13.9,53411.7058836568,0.0441683542225384,20.336331638639027,0.0,12.19942641115891,43.73985138834572,-0.0639311910288269,-0.22909139068109008,0.1651601996522632,-0.7392454361446669,0.6753142451158399,3,3
40125,129,4,3,906795.0,1218983.0,0.023255813953488372,72154.0,0.5664828006763312,25.83282978074673,0.3125,18.925987175527343,17.1,52201.27232040993,0.0599171623431223,17.878426698450536,0.5543698201069933,12.567494525598027,16.89418466058708,0.08947891705408666,-0.46240414527825835,0.551883062332345,0.22472071505044314,-0.1352417979963565,3,3
40127,28,0,1,251256.0,245306.0,0.03571428571428571,11128.0,0.48400431344356576,27.561250898634075,0.0,19.18792594248742,23.6,39950.66713301303,0.0796480666821023,25.16175413371675,0.0,22.578720345075485,22.044033069734006,0.5230216827865174,-0.10981763080539796,0.6328393135919154,-0.7392454361446669,1.2622671189311843,3,3
40129,15,0,0,,,0.0,3667.0,1.0,18.8,0.0,17.040062,18.3,54376.237006734416,0.0630952380952381,40.905372238887374,0.0,,,0.11514213593564764,0.5456565825346605,-0.4305144465990129,-0.7392454361446669,0.8543875720803145,3,1
40131,136,2,4,178656.0,2771450.0,0.029411764705882353,91353.0,0.40336934747627334,23.803591562400797,0.03571428571428571,16.645407139754575,9.6,69355.08737083661,0.0452910328089108,14.887305288277341,0.21893096012172564,1.9556664805753505,30.337810471467822,-0.6933893314833829,-0.7941525637130914,0.10076323222970851,-0.30656955320114476,-0.3868197782822381,3,3
40133,43,1,0,,,0.0,24832.0,0.4848985180412371,26.58510389819588,0.0,18.769966962065077,19.0,41732.39989992895,0.0776785714285714,17.31636597938144,0.4027061855670103,,,0.1720630219246058,-0.8388433447681112,1.010906366692717,0.0003406493911680197,0.17172237253343778,3,1
40135,59,0,5,699857.0,1021680.0,0.0847457627118644,41709.0,0.5414898463161428,26.603102447912928,0.2222222222222222,18.730329291040302,22.3,42769.005876159616,0.0716160261270193,14.14562804190942,0.0,16.779520007672204,24.495432640437315,0.4356938423212248,-0.458747947182446,0.8944417895036708,-0.7392454361446669,1.1749392784658916,3,3
40137,81,3,4,739647.0,666512.0,0.04938271604938271,43647.0,0.6867825967420441,25.09826104886934,0.18181818181818182,18.710678040415146,14.9,50043.266423062625,0.0655796360662441,18.557976493229773,0.6873324627122138,16.946113134923362,15.270511146241438,0.03190983502556962,-0.3980091321191926,0.4299189671447622,0.40410495817301995,-0.37219512314745035,3,3
40139,46,0,0,,,0.0,20805.0,0.8151886565729392,22.433655371304976,0.0,16.3410604383081,11.5,55414.96283158725,0.0270587174167944,22.110069694784908,0.0,,,-0.23195235737033656,-0.4499452269429258,0.21799286957258926,-0.7392454361446669,0.5072930787743303,3,1
40141,18,0,0,,,0.0,7413.0,1.0,21.529987859166333,0.0,16.86183998974774,19.7,44813.59987222197,0.0360128617363344,24.281667341157423,0.0,,,0.40126393082474593,-0.2997028718206224,0.7009668026453684,-0.7392454361446669,1.1405093669694129,3,1
40143,1569,3,47,17613207.0,88652490.0,0.02995538559592097,646419.0,0.8690617076540139,27.870990487593954,0.28,17.172324279400822,15.1,58843.81797791265,0.0537870075445114,24.272182593642825,0.04640952694769182,27.247353496725808,137.144004121166,0.4457543506221114,0.2458099901054099,0.19994436051670147,-0.640099909416514,1.0858542600386254,3,3
40145,87,0,0,,,0.0,78958.0,0.5888826971301198,27.27973099622584,0.0,16.812833103409407,10.4,66557.9471139115,0.0592717172489361,11.01851617315535,0.0,,,-0.18774564589016618,-1.5437016899980367,1.3559560441078706,-0.7392454361446669,0.5514997902545007,3,1
40147,149,1,6,2732582.0,801759.0,0.040268456375838924,51886.0,0.9564236981073893,25.879817291755,0.23076923076923078,17.067346673630652,15.1,58292.65733615401,0.052123223555442,28.71680222025209,0.19273021624330264,52.66511197625564,15.452318544501408,0.3939714860589933,0.08190015322963427,0.312071332829359,-0.3540591494898484,0.7480306355488417,3,3
40149,44,0,0,,,0.0,11225.0,1.0,21.160035634743874,0.0,16.36767178244989,17.4,56466.40774817297,0.0508910891089108,39.198218262806236,0.0,,,0.23399118488546655,0.47607959957149254,-0.242088414686026,-0.7392454361446669,0.9732366210301334,3,1
40151,52,1,0,,,0.0,9043.0,1.0,25.611058277120424,0.0,16.446604111688597,18.0,57534.81145373587,0.0465318547510328,57.503041026208116,1.1058277120424638,,,0.5980334308024194,1.1038345880863478,-0.5058011572839284,0.8883274082259105,-0.29029397742349106,3,1
40153,43,1,1,3906.0,4.0,0.023255813953488372,20727.0,0.7814444926906933,24.109509335649154,0.0,15.372741278284362,14.7,63751.26753818672,0.0481413772090188,20.745887007285184,0.4824624885415159,0.1884498480243161,0.00019298499541660637,0.04962232953879483,-1.4660693906637567,1.5156917202025515,0.12120230181718182,-0.071579972278387,3,3
41001,69,12,4,270165.0,1019096.0,0.057971014492753624,16019.0,0.8295149509956926,27.273038267057867,0.0,14.36759611074349,16.2,48754.398460796256,0.0807622504537205,43.07384980335851,7.491104313627567,16.865284974093264,63.617953680004995,0.42585692889005583,0.3117013355653087,0.11415559332474712,3.9356157538786607,-3.5097588249886047,3,3
41003,243,13,13,2591399.0,4813420.0,0.053497942386831275,91107.0,0.8321863303588088,34.32495636998255,0.0,13.441687036561408,16.2,65796.92145856014,0.0542822159688956,26.671935197075964,1.4268936525184674,28.44346757109772,52.83260342234954,0.9476349522053393,0.12958612873749012,0.8180488234678492,1.1984598421612893,-0.25082488995595,3,3
41005,753,27,47,13028785.0,14425406.0,0.06241699867197875,410463.0,0.7410801948044038,30.685512701510245,0.1375,17.43682751836097,6.9,85306.94825250503,0.0451313280146225,18.345137076910706,0.657793759729866,31.741679518007714,35.14422980877692,0.014760598800007648,-0.1207492807144702,0.13550987951447785,0.36550611747385026,-0.3507455186738426,3,3
41007,116,12,5,768736.0,475206.0,0.04310344827586207,39102.0,0.4363715410976421,25.97601657204235,0.0,15.705892310700222,15.3,58175.00573762476,0.0528953823184387,29.666001739041484,3.068896731624981,19.65976164902051,12.152984502071506,-0.15067270968999477,-0.15550580701042496,0.004833097320430191,2.32784680762856,-2.478519517318555,3,3
41009,120,10,3,320154.0,1046756.0,0.025,51375.0,0.4203406326034063,30.730561557177616,0.1,16.245119459328468,9.8,65987.70783455353,0.062704765064488,23.357664233576646,1.9464720194647203,6.231708029197081,20.374812652068126,-0.15312099407803761,-0.42757992708601894,0.2744589330079813,1.6224421985209696,-1.7755631925990072,3,3
41011,182,9,6,856139.0,1204641.0,0.03296703296703297,63686.0,0.5485507018811042,29.936274848475332,0.0,16.578711960258143,16.0,47750.65013820889,0.0755365123924205,28.577709386678393,1.413183431209371,13.443127217912885,18.91531890839431,0.30498588196972604,-0.17807414940439373,0.4830600313741198,1.1860782239377756,-0.8810923419680496,3,3
41013,54,5,0,,,0.0,23011.0,0.48242145061057756,30.333462257181345,0.0,14.725507540741384,12.8,51942.650788507795,0.0690809494826536,23.46703750380253,2.1728738429446786,,,0.06765159490874499,-0.3544939447931996,0.4221455397019446,1.7842342780212823,-1.7165826831125373,3,1
41015,67,4,4,34858.0,265309.0,0.05970149253731343,22650.0,0.31920529801324504,29.144128035320087,0.0,15.45891636874172,15.8,51342.733628439746,0.0826207394917499,29.58057395143488,1.7660044150110374,1.5389845474613686,11.713421633554084,-0.014161749329375048,-0.6314711076701137,0.6173093583407386,1.4843072925047696,-1.4984690418341446,3,3
41017,468,8,21,5891731.0,3555526.0,0.04487179487179487,186251.0,0.7485543701778783,29.780059167467556,0.0,12.532958499036244,8.7,71060.50558735519,0.053963110667996,25.12738186640609,0.42952789515224077,31.633285190415084,19.089969986738325,0.06584712969759728,-0.06362193444254664,0.12946906414014392,0.04173626593731919,0.024110863760278087,3,3
41019,247,14,2,125848.0,98608.0,0.008097165991902834,109114.0,0.5977967996774016,26.698767344245468,0.045454545454545456,16.794326273915356,16.0,50099.44241154957,0.066380555974897,22.636875194750445,1.2830617519291752,1.1533625382627344,0.9037153802445149,0.12016783643096968,-1.1666243447137064,1.286792181144676,1.0649363934483842,-0.9447685570174145,3,3
41021,7,0,0,,,0.0,1878.0,1.0,26.2,0.0,17.544634,11.8,50346.40477602988,0.0688073394495412,37.27369542066028,0.0,,,0.2638374831710549,0.39400885541305825,-0.13017137224200337,-0.7392454361446669,1.0030829193157218,3,1
41023,42,3,1,1329109.0,320016.0,0.023809523809523808,7189.0,1.0,27.336528028933092,0.0,15.056525981916817,15.3,47391.335796754705,0.0866625691456668,58.422590068159685,4.173042147725692,184.8809291973849,44.5146751982195,0.5605854120241863,0.9357925287737258,-0.37520711674953944,2.852565356052614,-2.2919799440284274,3,3
41025,36,4,2,12303.0,102042.0,0.05555555555555555,7267.0,1.0,24.89720655015825,0.0,13.475311991193065,15.2,43176.01681161215,0.0871700429711479,49.53901197192789,5.504334663547544,1.6929957341406356,14.04183294344296,0.375010498716186,-0.3067639242851166,0.6817744230013026,3.353065843702923,-2.978055344986737,3,3
41027,80,5,2,210031.0,122754.0,0.025,23209.0,0.5559481235727519,27.193110431298205,0.0,14.649474551854883,10.0,69614.76882704982,0.0362195812110922,34.46938687578095,2.1543366797363093,9.049549743633936,5.289068895687018,-0.2541874919126185,-0.37310826572933636,0.11892077381671784,1.7714281956257607,-2.0256156875383793,3,3
41029,480,15,15,6359622.0,4349360.0,0.03125,216574.0,0.8188425203394682,32.1293797962821,0.0975609756097561,16.382685947048124,12.6,56612.67730310121,0.0589773444900536,22.16332523756314,0.6926039136738481,29.364660577908705,20.082558386509923,0.5524039322256076,-0.13784473635173722,0.6902486685773448,0.4109221585296576,0.14148177369595,3,3
41031,41,2,3,84767.0,138008.0,0.07317073170731707,23607.0,0.582327275808023,26.157025458550432,0.0,14.821060427203797,13.9,56469.587521106194,0.0883777239709443,17.36772991061973,0.8472063371034015,3.590756978862202,5.846062608548312,-0.06434067882682366,-0.8991369670094903,0.8347962881826666,0.6019500348721147,-0.6662907136989384,3,3
41033,170,12,5,1634228.0,1991864.0,0.029411764705882353,86251.0,0.678334164241574,34.338922447275976,0.0,16.72278061966818,15.1,48349.50737396588,0.0861950745671675,19.7099164067663,1.3912882169482093,18.947351335056986,23.09380760802773,0.7148569919287721,-0.2691445283998351,0.9840015203286072,1.1661581644288204,-0.4513011725000483,3,3
41035,181,8,5,5699819.0,8004737.0,0.027624309392265192,66921.0,0.79314415504849,30.47663961985027,0.1,16.131149293599915,19.3,49276.94114615591,0.081409943518583,27.04681639545135,1.1954393986939824,85.17235247530671,119.61472482479341,0.8109062443182068,0.5275660415836813,0.28334020273452554,0.9794057563316081,-0.1684995120134013,3,3
41037,58,7,1,2007850.0,376554.0,0.017241379310344827,7837.0,0.36455276253668495,28.37291055250734,0.0,16.23413544991706,17.0,40169.011541094325,0.0698158051099227,74.00791119050656,8.931989281612863,256.2013525583769,48.04823274212071,0.05133331506885295,1.1521487664316752,-1.1008154513628223,4.278177358961133,-4.22684404389228,3,3
41039,706,33,26,7329598.0,20871596.0,0.036827195467422094,356896.0,0.6980576974804985,32.83882615663947,0.24096385542168675,17.405721910340826,14.7,55567.591932381954,0.0689636674766786,19.781673092441498,0.9246391105532143,20.537069622523088,58.48089079171523,0.6015093834791118,-0.08126157160124163,0.6827709550803533,0.6916962222525832,-0.09018683877347144,3,3
41041,127,8,6,313305.0,803859.0,0.047244094488188976,48547.0,0.6152594393062393,30.129161431190397,0.0,16.085847945928688,15.4,50751.29586286027,0.061416934090348,26.16021587327744,1.6478876140647207,6.453642861556842,16.558366119430655,0.3549766745567391,-0.3968475535800338,0.7518242281367729,1.388927786662865,-1.033951112106126,3,3
41043,232,9,9,959010.0,1108946.0,0.03879310344827586,125048.0,0.7901925660546351,30.094148646919585,0.14285714285714285,17.024451978032435,14.2,59242.349518876596,0.0658313614000442,18.55287569573284,0.719723626127567,7.669135052139978,8.868162625551788,0.4690128458681371,-0.6540241102902828,1.12303695615842,0.44566197932038565,0.023350866547751425,3,3
41045,93,5,4,694197.0,1385150.0,0.043010752688172046,30412.0,0.502203077732474,27.239237800868075,0.125,16.068130715868737,19.7,45908.50168556173,0.0656952965235173,30.580034197027487,1.6440878600552413,22.826417203735367,45.54616598711035,0.28158232425887225,0.12882060153413943,0.15276172272473282,1.3857892891114352,-1.104206964852563,3,3
41047,633,46,23,7152385.0,8786357.0,0.036334913112164295,339641.0,0.8485400761392176,29.879112945727993,0.1206896551724138,17.032110839627723,14.1,63197.98704780593,0.0551273540836898,18.637325882328692,1.3543712331550077,21.05866194010735,25.86954166310899,0.5103684283241354,-0.25596551421555286,0.7663339425396882,1.1321547552191653,-0.6217863268950299,3,3
41049,37,4,1,75045.0,1571920.0,0.02702702702702703,11303.0,0.0,23.119180748473855,0.0,16.26915263496417,13.2,57521.03243769191,0.0497973364215402,32.73467221091745,3.5388834822613466,6.639387773157569,139.0710430859064,-0.9619171109072905,0.11749144453984513,-1.0794085554471355,2.566743774107245,-3.528660885014536,3,3
41051,1877,23,72,32966410.0,33639261.0,0.038359083644112946,804606.0,0.7107926115390638,31.917168527204616,0.43859649122807015,18.917996869633086,12.8,73321.32414287669,0.0493238984207027,23.328187957832778,0.2858541944753084,40.9721155447511,41.808364590868074,0.4318075266473788,0.09411848463656863,0.3376890420108102,-0.18975582757287826,0.6215633542202571,3,3
41053,128,6,3,787046.0,5384420.0,0.0234375,83037.0,0.5563423534087214,30.30250129460362,0.08333333333333333,16.07171964323133,11.8,66447.71498555977,0.063689164830763,15.414815082433133,0.7225694569890531,9.478256680756772,64.84362392668329,0.08463511317460609,-0.3546681975742189,0.439303310748825,0.4492756236055223,-0.3646405104309162,3,3
41055,18,4,0,,,0.0,1642.0,1.0,28.1,0.0,17.076843,14.5,54131.39449087626,0.0453938584779706,109.62241169305724,24.360535931790498,,,0.5680482189521249,2.169526974858542,-1.6014787559064172,6.32695356602012,-5.758905347067995,3,1
41057,81,9,2,507308.0,1905361.0,0.024691358024691357,26389.0,0.0,29.914729622191068,0.125,17.044841398006746,11.5,52884.923501052865,0.0506585612968591,30.6946076016522,3.4105119557391337,19.224222213801205,72.20284967221191,-0.5654157974886173,0.17883639086614223,-0.7442521883547595,2.504040696651236,-3.069456494139853,3,3
41059,178,9,13,1687789.0,6323206.0,0.07303370786516854,77129.0,0.6377238133516576,29.4475994762022,0.0,16.96696370186311,16.5,57976.799891453855,0.0721932787542222,23.07821960611443,1.1668762722192692,21.88267707347431,81.9822116194946,0.3961669043667306,0.07657927470896066,0.31958762965776993,0.9507851440448697,-0.5546182396781392,3,3
41061,97,5,7,1469164.0,2549436.0,0.07216494845360824,26337.0,0.6466188252268672,25.85437217602612,0.0,13.491274289288834,13.6,55297.311233058,0.0588329721486475,36.830314766298365,1.8984698333143486,55.78327068382883,96.800546759312,-0.035165195434426304,0.5621291387002446,-0.5972943341346709,1.586543835393597,-1.6217090308280233,3,3
41063,55,9,3,877857.0,2169364.0,0.05454545454545454,7004.0,0.2709880068532267,26.36996002284409,0.0,14.021324998001143,13.0,54293.562910470624,0.047339108910891,78.52655625356938,12.849800114220445,125.33652198743575,309.7321530553969,-0.44106591239444076,1.370950367781924,-1.8120162801763646,5.00488343459471,-5.445949346989151,3,3
41065,88,8,5,408908.0,1107406.0,0.056818181818181816,26130.0,0.8141982395713739,24.148932261768085,0.0,16.620587713088405,13.6,56287.28053960141,0.0446977044940187,33.6777650210486,3.0616150019135095,15.648985840030615,42.380635285112895,0.02105729499240161,0.08781245121678283,-0.06675515622438122,2.3239320863181203,-2.302874791325719,3,3
41067,930,21,49,13845236.0,14564855.0,0.05268817204301075,589481.0,0.8882864757303458,29.01878449008534,0.15384615384615385,16.618084565407536,8.1,87141.67723497466,0.0436660135028463,15.776589915535869,0.3562455787379067,23.487162436109053,24.70792951766045,0.1248109827999125,-0.3286999367732557,0.4535109195731682,-0.07327427809651514,0.19808526089642764,3,3
41069,12,1,0,,,0.0,1415.0,1.0,23.7,0.0,15.732549999999998,18.4,43378.462355027346,0.0681818181818181,84.80565371024734,7.067137809187279,,,0.48177421781176183,1.7445544920515978,-1.262780274239836,3.8236729161833973,-3.3418986983716357,3,1
41071,221,4,10,1027065.0,1720619.0,0.04524886877828054,104831.0,0.6309583997100094,31.057687134530816,0.11764705882352941,17.30995898720798,10.6,67731.28332627077,0.0407966465274634,21.08155030477626,0.38156652135341645,9.797340481346167,16.41326516011485,0.14803881048727574,-0.43109043263625496,0.5791292431235306,-0.03284717016552924,0.18088598065280498,3,3
42001,663,16,33,13132157.0,46376594.0,0.049773755656108594,102470.0,0.32658339026056404,28.055094173904557,0.0,15.063177493119937,9.3,71283.08969268079,0.0376808852738106,64.70186396018347,1.5614326144237336,128.15611398458086,452.5870401093003,-0.48209085720818173,1.3400604555928195,-1.8221513128010012,1.3163785251022841,-1.7984693823104658,3,3
42003,14072,48,459,444760525.0,1181598612.0,0.0326179647527004,1221744.0,0.8600500595869511,27.752249407404495,0.26865671641791045,17.671186705856545,11.6,64700.959720909304,0.0479267049596351,115.17961209549628,0.3928809963462067,364.03741291137914,967.1409165913644,0.2141238930931165,2.0315291030609237,-1.8174052099678073,-0.015021561793477443,0.22914545488659394,3,3
42005,555,14,32,9523361.0,76534661.0,0.05765765765765766,65867.0,0.20026720512548013,25.63922449785173,0.0,16.811718105910398,11.9,54490.70883233045,0.0586554941915825,84.26070718265595,2.1254953163192494,144.58470857941003,1161.9575963684395,-0.6384984691778781,1.6880053833599253,-2.3265038525378037,1.7513532269833492,-2.3898516961612275,3,3
42007,1235,15,78,14365517.0,33893796.0,0.06315789473684211,165833.0,0.6539892542497573,25.55403508348761,0.2549019607843137,18.013416884872132,10.4,61271.04465027283,0.0488957322018359,74.47251150253568,0.9045244312048869,86.62640728926088,204.38511032182979,-0.2441265700866101,1.1827344899215084,-1.4268610600081186,0.6687348809742398,-0.9128614510608499,3,3
42009,428,14,22,9371329.0,33439631.0,0.0514018691588785,48337.0,0.4728261993917703,27.486548606657422,0.0,16.228658512299063,11.2,53535.71702805249,0.044823123382226,88.54500693050872,2.896332002399818,193.8748577694106,691.801952955293,-0.24965630620835177,1.6836770466811437,-1.9333333528894956,2.2331346339830276,-2.4827909401913795,3,3
42011,2506,28,110,38984876.0,101923658.0,0.04389465283320032,415501.0,0.5479072252533689,29.48273457825613,0.30337078651685395,18.328113234273804,11.9,67546.85649614384,0.0589441218328002,60.312730895954516,0.6738852614073131,93.8261905506846,245.30303898185565,0.021259384643640817,1.1184423705795656,-1.0971829859359248,0.38661770334295614,-0.36535831869931534,3,3
42013,933,10,61,111887244.0,98592624.0,0.06538049303322616,123157.0,0.5608288607224924,29.285112498680547,0.0,15.032387739714347,14.4,52128.1375429458,0.0426854956943765,75.75696062749174,0.8119717109055921,908.4927693919144,800.5442159195173,0.1729594487521957,1.9689345140074996,-1.795975065255304,0.5598595808881064,-0.3869001321359107,3,3
42015,613,30,39,5080052.0,16198480.0,0.0636215334420881,60963.0,0.3552974755179371,26.163454882469694,0.0,16.611865017108737,13.9,55495.517079228885,0.0455837419171463,100.55279431786494,4.921017666453422,83.33008546167348,265.71002083230815,-0.31003968093487116,1.3884950079828597,-1.6985346889177309,3.1477136570562583,-3.4577533379911296,3,3
42017,3488,17,161,65047056.0,321823637.0,0.046158256880733946,626806.0,0.817412405114182,28.95356410117325,0.0979020979020979,17.269300162204893,6.7,94480.5931648532,0.0406618756612685,55.6472018455471,0.27121629339859543,103.77542014594627,513.4341997364415,-0.04208664169957629,1.2341833236927036,-1.2762699653922798,-0.21477799422718474,0.17269135252760845,3,3
42019,1175,23,45,54051968.0,192209572.0,0.03829787234042553,186899.0,0.5814958881534946,25.716976013782844,0.0,14.696327329279445,9.3,74902.73121499957,0.0389491824467103,62.86818014007566,1.2306111857206299,289.20415839571103,1028.4141274164122,-0.3777242725903087,1.6581383647305221,-2.0358626373208306,1.0141410731021934,-1.391865345692502,3,3
42021,1257,12,72,82460266.0,162939367.0,0.057279236276849645,133009.0,0.57719402446451,27.760178634528486,0.0,16.197451288431612,13.2,49455.00843041638,0.0578300497907465,94.50488312820937,0.9021945883361275,619.9600478163131,1225.0251261192852,0.0054291547247334775,2.08499063242853,-2.0795614777037965,0.6660596583747747,-0.6606305036500412,3,3
42023,66,2,3,610841.0,341545.0,0.045454545454545456,4611.0,0.44589026241596186,29.277054868792018,0.0,16.692654735849054,15.3,43631.78426537411,0.0463700234192037,143.1359791802212,4.337453914552158,132.47473433094774,74.07178486228584,0.10253958575145279,1.4494383523947942,-1.3468987666433414,2.920945367549149,-2.818405781797696,3,3
42025,446,9,27,2761231.0,9915321.0,0.06053811659192825,63887.0,0.29824533942742654,26.263659273404606,0.0,17.09567430686994,12.0,60422.045277102305,0.0636234402148159,69.8107596224584,1.4087373017984879,43.22054565091489,155.20091724450984,-0.48022397228465646,0.9433496293021966,-1.423573601586853,1.1820478418877742,-1.6622718141724306,3,3
42027,1295,27,50,22722788.0,28637768.0,0.03861003861003861,161960.0,0.5589466534946901,32.44249259076315,0.0,14.344163893930599,17.1,64022.60816182174,0.040812268535779,79.95801432452458,1.6670782909360335,140.2987651271919,176.82000493949124,0.5676475303593717,1.301609238504574,-0.7339617081452025,1.4047102851983686,-0.837062754838997,3,3
42029,3390,36,150,54784950.0,93826578.0,0.04424778761061947,519560.0,0.8417256909692817,27.574400839171606,0.0603448275862069,16.70963912010355,6.2,106219.25491000124,0.0396117173392168,65.24751712987913,0.6928939872199553,105.44489568096081,180.5885326045115,-0.14764843298745484,1.1304656716223127,-1.2781141046097675,0.41129667389190727,-0.558945106879362,3,3
42031,405,5,8,2779417.0,5173321.0,0.019753086419753086,38715.0,0.41126178483791814,27.198835076843597,0.0,16.608125511532997,14.2,49477.26684094894,0.0593807513261881,104.61061604029445,1.2914890869172155,71.79173446984373,133.62575229239312,-0.15490561579957876,1.249766448145051,-1.4046720639446297,1.0729888121859492,-1.227894427985528,3,3
42033,751,30,23,39356616.0,62562692.0,0.03062583222370173,79908.0,0.5312609500926065,28.90953221204385,0.0,17.608683933135605,15.4,51952.190107307455,0.064131840316945,93.98308054262401,3.754317465084848,492.52410271812585,782.9340241277469,0.17415521814395718,1.9471027433848427,-1.7729475252408855,2.6680907414501034,-2.4939355233061464,3,3
42035,347,9,9,3420351.0,12401915.0,0.025936599423631124,38915.0,0.38943851985095723,25.006771167930108,0.0,17.860429065784402,15.5,53974.525692837255,0.056007179054054,89.16870101503277,2.312732879352435,87.892869073622,318.6924065270461,-0.26070179464696347,1.3678124352418433,-1.6285142298888067,1.878508143641159,-2.1392099382881224,3,3
42037,508,10,38,3451775.0,80538116.0,0.07480314960629922,65715.0,0.47135357224377994,29.268355778741537,0.0,16.293110188617515,12.6,53579.173924806535,0.045923972753241,77.30350757056989,1.521722589971848,52.52643993000076,1225.5667047097313,-0.034898610376057106,1.4270929750912023,-1.4619915854672594,1.2822309648799644,-1.3171295752560215,3,3
42039,865,25,27,31129249.0,79992151.0,0.03121387283236994,85665.0,0.41247884200081714,23.74511760929201,0.043478260869565216,16.790376647977588,12.6,53318.432544282245,0.0530235769951662,100.97472713476917,2.9183447148777213,363.3835171890504,933.7786844102026,-0.5051382903530527,1.951856211310204,-2.4569945016632566,2.2454471767920956,-2.7505854671451484,3,3
42041,1826,66,85,29621086.0,39907302.0,0.04654983570646221,249328.0,0.7686822178014503,25.7724455335943,0.0,14.947939827773054,8.2,75539.74572595523,0.033962805518012,73.23686068151191,2.6471154463197077,118.80368831418853,160.05944779567477,-0.2376548514246779,1.1979408795167859,-1.4355957309414638,2.088674117429565,-2.326328968854243,3,3
42043,2938,25,110,517569907.0,439311384.0,0.037440435670524165,275632.0,0.7866720845184885,27.643655308527308,0.12307692307692308,16.290861683628897,12.9,64353.304546876934,0.0465220078280574,106.59139722528589,0.9070064433737737,1877.7569621814594,1593.8330237418006,0.2057281928954359,2.4477496915664134,-2.2420214986709777,0.6715812328375799,-0.465853039942144,3,3
42045,3273,8,102,40406043.0,111352244.0,0.031164069660861594,564554.0,0.8339715952769797,29.702399416176313,0.2777777777777778,18.707571858171228,10.8,78939.98291588163,0.0559781489396901,57.974967850728184,0.14170477934794545,71.57161759548245,197.23931457398228,0.2806253834967137,0.9964902699215848,-0.7158648864248711,-0.4496151984698781,0.7302405819665918,3,3
42047,355,8,21,10085258.0,30878978.0,0.059154929577464786,30340.0,0.47099538562953197,25.274446275543838,0.0,15.597413236816084,10.0,56642.355183811305,0.0448558648111332,117.00725115359262,2.6367831245880025,332.40797626895187,1017.7646011865525,-0.48747877211673657,2.0295198490441173,-2.516998621160854,2.082473736340414,-2.569952508457151,3,3
42049,2280,22,102,45393886.0,85940399.0,0.04473684210526316,273835.0,0.7597020103346906,28.47943871309365,0.1267605633802817,15.751560713425967,14.5,54616.83982534829,0.0542341978823406,83.26181824821516,0.8034035094126024,165.7709423557982,313.8400825314514,0.3354083953951215,1.4676504423732568,-1.1322420469781354,0.5495005013566846,-0.21409210596156308,3,3
42051,916,14,51,7129492.0,21498547.0,0.055676855895196505,131302.0,0.42917091895020637,30.799212502475203,0.0,17.22730103469102,18.9,50202.255069723775,0.0734561542748104,69.76283681893649,1.066244230857108,54.29842652815646,163.7335836468599,0.4156223558796048,1.002820846656665,-0.5871984907770602,0.846854996717252,-0.4312326408376472,3,3
42053,44,1,3,2048.0,340625.0,0.06818181818181818,7313.0,0.3094489265691235,37.15507999453028,0.0,16.87887404252701,24.8,42097.013862938504,0.0462873674059787,60.166826199917956,1.3674278681799537,0.2800492274032545,46.578011759879665,1.1127345259301047,-0.1512549421592867,1.2639894680893913,1.1442414881615601,-0.03150696223145544,3,3
42055,1015,15,43,21540468.0,68080495.0,0.042364532019704436,154147.0,0.5294297002212174,26.16224707584319,0.0,15.280374779405374,8.2,67176.9429115789,0.0479797008957748,65.84623768221243,0.9730971086041246,139.73978085853113,441.65955224558377,-0.46839855387473034,1.3643098463186245,-1.832708400193355,0.7460412056699567,-1.214439759544687,3,3
42057,122,5,6,882577.0,3445347.0,0.04918032786885246,14506.0,0.0,22.94005928581277,0.0,16.66186625892734,12.7,56680.51245900998,0.0531135531135531,84.10312973941818,3.4468495794843514,60.84220322625121,237.51185716255344,-1.0055428992162956,1.1998316513875442,-2.20537455060384,2.5219731061935065,-3.527516005409802,3,3
42059,274,5,10,2785688.0,7608438.0,0.0364963503649635,36870.0,0.5962299972877678,23.31752644426363,0.0,16.861134594494168,15.5,58058.414063406584,0.0479207920792079,74.31516137781394,1.3561160835367507,75.55432601030648,206.35850284784377,-0.16076938567202256,1.1531980819791643,-1.3139674676511868,1.1337738655142848,-1.2945432511863073,3,3
42061,372,12,26,26388477.0,57691326.0,0.06989247311827956,45369.0,0.1537834203971875,24.413469549692522,0.0,16.771000839956802,13.0,54774.76854769836,0.0557471847418078,81.99431329762614,2.6449778483105204,581.6411426304305,1271.6023275805064,-0.7121116602355109,1.999442433872898,-2.7115540941084086,2.0873927965807466,-2.7995044568162575,3,3
42063,875,12,24,3128649.0,6134215.0,0.027428571428571427,85032.0,0.2744848998024273,28.82466953617462,0.0,16.489725674134444,16.5,52275.467022185134,0.0658311905534613,102.90243672970175,1.4112334180073385,36.79378351679368,72.14007667701571,-0.04353421509809156,0.9803458303689595,-1.0238800454670511,1.184311466980904,-1.2278456820789956,3,3
42065,453,13,27,5196906.0,14040529.0,0.059602649006622516,43846.0,0.3623591661725129,26.397183323450257,0.0,16.671867030858003,18.8,50455.576980070546,0.0416950803701899,103.3161519864982,2.964922683939242,118.52634219769192,320.223714820052,0.013185993729782694,1.5160854474014431,-1.5028994536716604,2.2712735489097677,-2.258087555179985,3,3
42067,217,18,10,1093127.0,6532390.0,0.04608294930875576,24624.0,0.07537361923326835,23.442811890838207,0.0,17.528039074074076,10.8,57107.661956372925,0.0331989362614737,88.12540610786225,7.309941520467836,44.39274691358025,265.2854938271605,-1.0025162345788121,1.177120632958536,-2.179636867537348,3.8884818312776526,-4.890998065856465,3,3
42069,1716,11,55,25571723.0,65163780.0,0.03205128205128205,210652.0,0.6437584262195469,27.23740671818924,0.0,15.373159280984751,16.1,55986.2620352563,0.0435167457209655,81.46136756356455,0.5221882536125932,121.39321250213622,309.343277063593,0.21572715250223806,1.38384427509866,-1.168117122596422,0.178996952176288,0.03673020032595006,3,3
42071,3245,28,108,73379943.0,106309463.0,0.033281972265023115,534808.0,0.6056266921960779,28.860741237976995,0.09375,17.05522363172391,8.6,70014.36029232484,0.0373579178621082,60.67598091277617,0.5235523776757266,137.20801296914033,198.78061472528458,-0.1628644391507554,1.1667330460209548,-1.3295974851717103,0.1809546472246002,-0.34381908637535563,3,3
42073,652,10,14,4118350.0,11926649.0,0.02147239263803681,86727.0,0.5953509287765056,30.165492868426213,0.25,17.559375396842967,13.6,53212.440113174816,0.0628595780950351,75.17843347515768,1.1530434582079399,47.48636526110669,137.51944607792268,0.22645723281977906,0.9822111823400735,-0.7557539495202945,0.9367886132104966,-0.7103313803907175,3,3
42075,827,8,66,18011319.0,40176920.0,0.07980652962515115,139729.0,0.6102240766054291,27.048742923802504,0.03225806451612903,16.363940108288187,8.7,63893.29739587068,0.0444590328798502,59.18599574891397,0.5725368391672452,128.90179561866185,287.53458480344096,-0.2851173833502555,1.2079343616443334,-1.493051744994589,0.2501162696393442,-0.5352336529895997,3,3
42077,2245,18,103,61627720.0,119646624.0,0.045879732739420934,365052.0,0.7229463199763322,30.748556096117813,0.3157894736842105,18.035988097629925,12.1,67725.9837047154,0.0577785979805436,61.498087943635426,0.4930804378554288,168.81901756462094,327.7522763880214,0.3163748776252578,1.3131585318594896,-0.9967836542342319,0.13679999350616764,0.17957488411909014,3,3
42079,2341,11,70,46712703.0,145650838.0,0.0299017513882956,317663.0,0.6496790624026091,27.686639614937842,0.038461538461538464,16.371279307797884,16.4,56677.332686076756,0.0580540265478488,73.6944497785389,0.34627891822465945,147.05112965627094,458.50740564686475,0.27346923068643053,1.4444980746746783,-1.1710288439882477,-0.0893943158813272,0.3628635465677577,3,3
42081,1046,14,44,17996003.0,54697373.0,0.04206500956022945,114330.0,0.6331671477302545,28.39339455960815,0.034482758620689655,16.497977400734715,12.8,57491.35455698182,0.0504994549775736,91.48954780022741,1.2245254963701566,157.40403218752732,478.41662730691854,0.08835705925388243,1.5866715992734723,-1.4983145400195899,1.0081702654941807,-0.9198132062402982,3,3
42083,519,7,21,14681675.0,25041929.0,0.04046242774566474,41401.0,0.25692616120383566,25.33746286321586,0.0,16.19035548865969,15.9,51562.137960832115,0.0604293528743936,125.35929083838555,1.6907804159319824,354.62126518683124,604.8629018622738,-0.35569793241314523,1.9849606551403982,-2.3406585875535435,1.4240470102019693,-1.7797449426151146,3,3
42085,1075,26,34,5587927.0,10576054.0,0.03162790697674418,111518.0,0.43189440269732243,26.192793091698203,0.06666666666666667,16.91074948734734,12.6,53733.92287422339,0.0515721337610203,96.39699420721318,2.331462185476784,50.1078480604028,94.8371922021557,-0.30398528158708354,1.0621658530798601,-1.3661511346669437,1.8908296703993652,-2.194814951986449,3,3
42087,305,7,18,4058853.0,13955596.0,0.05901639344262295,46276.0,0.46447402541274097,25.253783818826175,0.0,17.877075229622267,15.2,53228.33897784095,0.0347645491895796,65.90889445933097,1.5126631515256288,87.70967672227505,301.57308323969227,-0.17943194769970494,1.1907023494485751,-1.37013429714828,1.274365229731127,-1.453797177430832,3,3
42089,816,6,39,8991613.0,31422778.0,0.04779411764705882,168032.0,0.39219910493239385,32.546377475718906,0.0,15.341778185839603,9.6,67765.20090422513,0.0652434413355825,48.562178632641405,0.3570748428870691,53.51131332127214,187.00472529042088,-0.06220564454057764,0.825733650530274,-0.8879392950708517,-0.07193837215724155,0.009732727616663911,3,3
42091,6462,33,241,83255802.0,278644517.0,0.03729495512225317,823823.0,0.9201855252888059,28.3402966413902,0.09004739336492891,17.13854521785262,6.9,97031.83098160909,0.0420421811380349,78.43917928972608,0.40057148198095954,101.06030300197979,338.233476122905,0.036405982320111184,1.3390910590391483,-1.302685076719037,-0.002987904606753018,0.0393938869268642,3,3
42093,187,4,9,3071487.0,2363681.0,0.0481283422459893,18259.0,0.4821184073607536,24.510345583000163,0.0,16.137005543896162,9.8,61828.56483789792,0.0199797957122011,102.41524727531629,2.1907004764773537,168.21770085984994,129.4529273235117,-0.5438189660020548,1.4205135608741237,-1.9643325268761784,1.7964791264186197,-2.3402980924206744,3,3
42095,1880,10,84,32521655.0,53354151.0,0.04468085106382979,302809.0,0.7949532543616603,30.77898840523234,0.16176470588235295,17.253863003081147,9.8,74693.92612571793,0.0476078932874136,62.085340924477144,0.3302411751301976,107.39989564378865,176.19737524314007,0.2566407800173441,1.10268258701508,-0.846041806997736,-0.1155859142397975,0.3722266942571416,3,3
42097,794,13,34,10969381.0,26421589.0,0.042821158690176324,91761.0,0.21479713603818615,26.007609986813566,0.041666666666666664,17.487560544294418,12.3,51587.576144297906,0.047240668651248,86.5291354714966,1.4167238805156874,119.54295397826964,287.9392007497739,-0.5712807606803886,1.4003499311855052,-1.9716306918658937,1.1892823066741514,-1.76056306735454,3,3
42099,271,9,18,2595968.0,12620791.0,0.06642066420664207,46053.0,0.0700280112044818,24.872655418756654,0.0,15.725667700714393,10.1,67536.25725303311,0.0343208400922052,58.845243523766094,1.9542700801250732,56.369139904023626,274.04926932013115,-0.9457288179156479,1.0133571316749235,-1.9590859495905715,1.6282186920183543,-2.573947509934002,3,3
42101,11875,53,237,169943857.0,264881197.0,0.019957894736842105,1579075.0,0.4470509633804601,34.89074635466966,0.6614583333333334,21.747116223603694,20.3,48679.14383470998,0.0917152759181424,75.20225448442918,0.33563953580418915,107.6224099551953,167.74453208365657,0.8213145710841672,1.1993452718605975,-0.3780307007764303,-0.10673463914227496,0.9280492102264422,3,3
42103,301,3,17,6108179.0,16835265.0,0.05647840531561462,55453.0,0.2391033848484302,38.0728382594269,0.0,13.601140813373489,10.0,69878.68998050733,0.077354136908032,54.28020125151029,0.5409986835698699,110.1505599336375,303.59520675166357,0.20278497122793948,1.1358370180260284,-0.933052046798089,0.20583894405555275,-0.0030539728276132716,3,3
42105,205,9,18,2823497.0,8055717.0,0.08780487804878048,16806.0,0.1782101630370106,27.76052005236225,0.0,16.78419482399143,12.7,48140.70228468424,0.0607001693958215,121.98024515054146,5.355230274901821,168.0052957277163,479.33577293823635,-0.45761636933534183,1.760375489192344,-2.217991858527686,3.3023822180983204,-3.759998587433662,3,3
42107,1178,9,56,9708031.0,21223379.0,0.04753820033955857,142674.0,0.4940493712939989,27.48931199798141,0.15,17.658600967884826,14.2,55412.84298296511,0.0578226170757416,82.5658494189551,0.6308086967492325,68.04344870123498,148.75435608450033,-0.0437643541651541,1.1273066135002596,-1.1710709676654136,0.3296382243388778,-0.3734025785040319,3,3
42109,284,6,10,1490254.0,6323976.0,0.035211267605633804,40483.0,0.23493812217474003,23.476022033940172,0.0,16.86637775162414,10.9,62532.35458045126,0.0259200154746361,70.1529036879678,1.482103599041573,36.811846948101675,156.2131264975422,-0.8209650580887163,0.9122881813562568,-1.7332532394449731,1.247621544155572,-2.0685866022442885,3,3
42111,677,18,43,49261593.0,79230468.0,0.06351550960118169,74361.0,0.24551848415163863,26.904971692150454,0.0,15.871102921289383,12.0,52030.62450632697,0.0510540572370745,91.04234746708624,2.4206237140436517,662.465445596482,1065.4841650865374,-0.49020867007719765,2.053135445663635,-2.5433441157408327,1.9485526647680997,-2.4387613348452972,3,3
42113,88,5,8,11010993.0,13843760.0,0.09090909090909091,6135.0,0.4363488182559087,22.66189079054605,0.0,17.02650803765281,13.8,50247.83181509997,0.0617880566102865,143.43928280358597,8.149959250203748,1794.7828850855747,2256.521597392013,-0.4858893165743458,2.6668170805107816,-3.1527063970851272,4.098940182841694,-4.584829499416039,3,3
42115,355,15,15,3334980.0,7322968.0,0.04225352112676056,40970.0,0.5529655845740786,26.86799365389309,0.0,16.91157677053942,12.0,58259.799682510704,0.0623506183102982,86.64876739077374,3.6612155235538197,81.40053697827679,178.7397608005858,-0.15955966278114145,1.2274908218354799,-1.3870504846166214,2.6248680263981146,-2.784427689179256,3,3
42117,466,28,28,7757733.0,29815148.0,0.060085836909871244,40944.0,0.3008010941774131,28.012001758499412,0.0,16.25395176580207,13.0,54399.555341578045,0.0519959921953277,113.81398983978117,6.838608831574834,189.47179073856975,728.1933372411098,-0.2879173736446268,1.826748747522566,-2.114666121167193,3.760866912076664,-4.048784285721291,3,3
42119,368,3,20,2710354.0,7722388.0,0.05434782608695652,45111.0,0.35401565028485293,24.24128483075081,0.0,15.700766452860721,11.3,62958.44415350314,0.0368418221911472,81.57655560727983,0.6650262685376072,60.08188690119926,171.18636252798652,-0.6111823971533995,1.119388474337923,-1.7305708714913224,0.37502019964257266,-0.9862025967959722,3,3
42121,504,12,22,7257746.0,17807497.0,0.04365079365079365,51818.0,0.2645412790922073,23.65741441198039,0.0,16.849438597128408,13.8,52937.91971660658,0.0675436793422405,97.26349917017252,2.315797599289822,140.06225635879423,343.6546566830059,-0.5989321996774443,1.5328949730866916,-2.131827172764136,1.880529103220432,-2.4794613028978763,3,3
42123,444,8,12,1542349.0,3736054.0,0.02702702702702703,39756.0,0.3647751282825234,24.394254955226884,0.0,17.12030466772311,11.4,53261.19663148424,0.0452644783608613,111.68125565952309,2.012274876748164,38.79537679847067,93.97459502968105,-0.5821709522686799,1.0859019866288964,-1.6680729388975761,1.6707137801108634,-2.252884732379543,3,3
42125,1652,33,73,12389988.0,29939089.0,0.04418886198547216,207212.0,0.5753527787965947,26.190142945389262,0.03389830508474576,15.693203385889813,9.5,67350.77049859508,0.0502968416053194,79.72511244522518,1.592571858772658,59.79377642221493,144.48530490512132,-0.3373912377678486,1.0742076041315993,-1.4115988418994478,1.3427875656285668,-1.6801788033964153,3,3
42127,379,10,30,8702850.0,24539151.0,0.079155672823219,51422.0,0.08346622068375403,29.50761930691144,0.0,16.059882587705655,12.8,59457.51415402468,0.0470795341699016,73.7038621601649,1.9446929329858815,169.2437089183618,477.21113531173427,-0.4257076792484577,1.4832064274396544,-1.9089141066881121,1.621122180228928,-2.0468298594773855,3,3
42129,2806,33,144,49809930.0,175055225.0,0.05131860299358518,352590.0,0.646059162199722,25.814442270058702,0.07,15.791152163254775,10.8,64094.6830149748,0.0413679077224548,79.58251793868233,0.9359312515953373,141.2686973538671,496.4838055531921,-0.20920769027315975,1.4927487888528626,-1.7019564791260222,0.7044814986327066,-0.9136891889058664,3,3
42131,212,6,11,1355005.0,3957539.0,0.05188679245283019,27327.0,0.0,26.48470011344092,0.0,15.438781555897096,13.5,62975.40294248032,0.0525577618660958,77.57895122040473,2.195630694917115,49.58484282943609,144.82156841219307,-0.696013990860997,1.0185691378399782,-1.7145831287009752,1.7998535443688606,-2.4958675352298574,3,3
42133,2479,24,103,38715737.0,83262103.0,0.04154901169826543,445565.0,0.7146050520126132,28.549650219384375,0.2222222222222222,18.180221912757958,8.5,70439.38994106564,0.0436193790172665,55.63722464735785,0.5386419489861187,86.89133347547497,186.86858931917902,-0.07367677590056321,1.006659183393219,-1.0803359592937822,0.2024939544005118,-0.276170730301075,3,3
44001,144,2,10,2981939.0,1680020.0,0.06944444444444445,48764.0,1.0,31.907325075875644,0.0,13.371430533221229,7.9,88071.23085578685,0.0334307917211664,29.529981133623167,0.41013862685587726,61.150418341399394,34.45205479452055,0.4463046987416747,0.27315704678459507,0.17314765195707965,0.011890351579845025,0.4344143471618297,3,3
44003,395,2,10,1460846.0,5634161.0,0.02531645569620253,163869.0,0.907914248576607,29.860613660912065,0.0,14.760100916860422,9.0,77926.69527449459,0.0398325125290174,24.104620153903422,0.12204870964001734,8.914718464139037,34.382103997705485,0.2628384338476137,-0.24612752340889846,0.5089659572565122,-0.4875696330554951,0.7504080669031088,3,3
44005,287,3,22,6125259.0,28087554.0,0.07665505226480836,82801.0,0.8600499993961426,27.81490078622239,0.0,14.582873649847226,11.3,84215.22621209848,0.0427961381359079,34.66141713264332,0.36231446480114976,73.97566454511418,339.2175698361131,0.20046612825494523,0.8241638007848614,-0.6236976725299161,-0.06351641239762777,0.263982540652573,3,3
44007,2020,17,77,11619332.0,49950775.0,0.03811881188118812,635737.0,0.7877062370131045,29.586810426324096,0.3262411347517731,16.72655384111669,12.7,62507.976321296555,0.0594240320155284,31.774145597943804,0.26740617582427956,18.276947857368693,78.57144542475898,0.33764884499479403,0.20238799137440042,0.1352608536203936,-0.2213383084927575,0.5589871534875516,3,3
44009,425,7,26,5017845.0,8775319.0,0.0611764705882353,126060.0,0.6242344915119784,30.01869506584167,0.034482758620689655,13.59427774488339,9.1,90656.38625049709,0.0611322171984919,33.714104394732665,0.5552911312073615,39.80521180390291,69.6122402030779,-0.02703925177861492,0.37956499380852876,-0.4066042455871437,0.22601573761804267,-0.2530549893966576,3,3
45001,39,0,1,39784.0,129370.0,0.02564102564102564,24627.0,0.323669143622853,32.58377796727169,0.16666666666666666,18.543006073983836,15.3,41062.52773532997,0.0548175865294667,15.83627725666951,0.0,1.6154627035367686,5.253177406911114,0.21332253294683126,-1.0902168934545562,1.3035394264013875,-0.7392454361446669,0.9525679690914981,3,3
45003,279,4,16,3957569.0,12285830.0,0.05734767025089606,168301.0,0.5764136873815366,29.779618065252137,0.09090909090909091,16.225543239030074,14.1,54479.049664908634,0.0754034141026306,16.577441607595915,0.23766941372897368,23.514827600549015,72.99915033184593,0.20797653738809893,-0.10492261410233839,0.31289915149043734,-0.2732275477865346,0.48120408517463353,3,3
45005,16,0,1,17092.0,6189.0,0.0625,9024.0,0.0,31.815913120567373,0.3333333333333333,19.145675888519502,32.6,28814.042396555207,0.1601278698052891,17.73049645390071,0.0,1.8940602836879432,0.6858377659574468,0.8592947776498026,-1.2530619530182714,2.1123567306680737,-0.7392454361446669,1.5985402137944695,3,3
45007,268,1,11,1894538.0,3657385.0,0.041044776119402986,198064.0,0.6094141287664593,29.51662694886501,0.15384615384615385,16.77325174913664,13.5,53913.05008279494,0.0506583817258671,13.530979885289602,0.05048873091525971,9.56528192907343,18.465672711850715,0.18787331682997785,-0.6484679887124113,0.8363413055423892,-0.631596703999889,0.8194700208298669,3,3
45009,33,0,0,,,0.0,14376.0,0.34641068447412354,38.16536588759043,0.5,19.935731699290482,27.7,33304.941702577074,0.0439285714285714,22.954924874791317,0.0,,,1.403736568329698,-0.3898799667769428,1.7936165351066409,-0.7392454361446669,2.142982004474365,3,1
45011,49,0,0,,,0.0,21346.0,0.0,33.54812142790219,0.5,19.352271516443363,27.2,37948.47010939364,0.0573548463078553,22.95512039726412,0.0,,,0.6579341892607836,-0.3898663126935862,1.0478005019543697,-0.7392454361446669,1.3971796254054505,3,1
45013,378,6,31,6130322.0,18200617.0,0.082010582010582,186095.0,0.7902469168972837,32.56693677960181,0.0,13.420238264364974,9.5,72474.4446183283,0.0502862218712988,20.312206131277037,0.32241597033773073,32.941895268545636,97.80282651333997,0.36482758622245903,0.129161738260241,0.23566584796221804,-0.12848027779961424,0.4933078640220733,3,3
45015,235,1,11,966682.0,2860041.0,0.04680851063829787,215044.0,0.6977967299715407,27.73066256208031,0.06666666666666667,15.6681296927094,9.8,67102.7482098037,0.049937022340496,10.927996131024349,0.04650211119584829,4.495275385502501,13.299794460668515,-0.07300397331445127,-0.9621036672627067,0.8890996939482554,-0.6399065477983645,0.5669025744839132,3,3
45017,35,0,3,268399.0,250295.0,0.08571428571428572,14663.0,0.0,39.90291209165928,0.3333333333333333,18.479633590602194,14.6,49115.8326508726,0.0615615615615615,23.86960376457751,0.0,18.304507945168112,17.069835640728364,0.35828165951950514,-0.22814605206211871,0.5864277115816239,-0.7392454361446669,1.097527095664172,3,3
45019,965,9,45,13224850.0,19569190.0,0.046632124352331605,401165.0,0.8110228958159361,31.10308526416811,0.19767441860465115,15.31573552273254,11.0,67858.47424359969,0.0368294786653909,24.054939987287025,0.22434659055500852,32.966111201126715,48.78090062692409,0.3709828543048417,0.09147148144573436,0.2795113728591073,-0.29688095407290516,0.6678638083777468,3,3
45021,79,2,2,1226100.0,578379.0,0.02531645569620253,56895.0,0.2962650496528693,31.685221899991213,0.6923076923076923,19.689389178064854,16.8,39093.188365353904,0.05997397739286,13.88522717286229,0.3515247385534757,21.550224097020827,10.165726337991035,0.2088299104545294,-0.5696015288492545,0.7784314393037839,-0.0808949273902744,0.2897248378448038,3,3
45023,85,0,6,24227762.0,45043303.0,0.07058823529411765,32311.0,0.34378385070099965,27.965364736467457,0.36363636363636365,18.287990477639195,20.1,44985.30761061601,0.0579668760708166,26.306830491164,0.0,749.8301507226641,1394.054749156634,0.1875911467295552,1.4533539156634852,-1.26576276893393,-0.7392454361446669,0.9268365828742221,3,3
45025,72,1,1,6743.0,319219.0,0.013888888888888888,45953.0,0.34461297412573716,23.439222684046744,0.5,19.165250835614646,20.3,43992.158531139365,0.093439550140581,15.668182708419472,0.21761364872804823,0.1467368833373229,6.946641133331883,-0.1323657688321468,-1.235124811811811,1.102759042979664,-0.30893274071779114,0.17656697188564435,3,3
45027,54,0,1,746234.0,0.0,0.018518518518518517,33957.0,0.3313479336571062,26.802724033336283,0.08333333333333333,17.560027988809377,20.0,43350.904322939416,0.1152419115464529,15.90246488205672,0.0,21.975851812586505,0.0,0.08247016896258769,-0.9453402731281845,1.027810442090772,-0.7392454361446669,0.8217156051072545,3,3
45029,71,0,0,,,0.0,37585.0,0.8044698682985233,26.310482905414393,0.3,17.636426193933747,23.0,38500.69067546335,0.0815619223659889,18.8905148330451,0.0,,,0.7419407285420768,-0.7009184751076649,1.4428592036497419,-0.7392454361446669,1.4811861646867437,3,1
45031,98,0,2,120935.0,161375.0,0.02040816326530612,67027.0,0.31168036761305146,29.643082638339774,0.3125,17.93611117947991,22.3,40751.969912185195,0.0902329355285844,14.62097363748937,0.0,1.804272904948752,2.407611857908007,0.4101900015079602,-1.2298502520506502,1.6400402535586105,-0.7392454361446669,1.149435437652627,3,3
45033,64,2,3,28946.0,237893.0,0.046875,30689.0,0.17729479618104207,34.83920623024537,0.5,19.291906316562937,24.4,32658.387872821742,0.0692835185623078,20.854377790087653,0.6516993059402392,0.9432044054873081,7.751735149402066,0.774678459752355,-0.9482813018272536,1.7229597615796086,0.35745682210281665,0.4172216376495384,3,3
45035,187,2,5,972851.0,1367787.0,0.026737967914438502,158299.0,0.8214518095502814,30.886338511298238,0.08,15.619310778842571,10.2,66860.02554256769,0.04583030812539,11.81308789063734,0.12634318599612127,6.145654741975628,8.640528367203835,0.31762923071297844,-0.9372161086016534,1.254845339314632,-0.47922085735684966,0.7968500880698282,3,3
45037,630,0,0,,,0.0,26927.0,0.34025327737958183,31.704300516210495,0.0,17.104349265978385,16.8,52070.90163014779,0.0663143989431968,233.9659078248598,0.0,,,0.25793086445473185,3.4297303550493674,-3.1717994905946356,-0.7392454361446669,0.9971763005993988,3,1
45039,38,0,0,,,0.0,22565.0,0.6337247950365611,33.62900509638821,0.2,18.38919757496122,20.7,40502.887699082734,0.063037843442198,16.840239308663858,0.0,,,0.9552456727401989,-0.882904148658347,1.8381498213985459,-0.7392454361446669,1.6944911088848658,3,1
45041,234,2,7,2257027.0,1564673.0,0.029914529914529916,138475.0,0.5237335259072035,27.527303123307455,0.12121212121212122,16.515157553616177,18.8,49877.91823053503,0.0647790119082464,16.89835710417043,0.14443040259974724,16.299165914424986,11.299317566347716,0.2713212374240956,-0.5079290543053657,0.7792502917294613,-0.4444038731580669,0.7157251105821625,3,3
45043,157,2,15,2687378.0,8611708.0,0.09554140127388536,61952.0,0.6033380681818182,29.99367574896694,0.06666666666666667,17.162199489443438,13.8,51359.692417416925,0.0715237672145713,25.34220041322314,0.3228305785123967,43.37838972107438,139.00613378099175,0.2346538820702574,0.37229592064972805,-0.13764203857947066,-0.12779517495916765,0.36244905702942504,3,3
45045,919,8,77,32159906.0,42651996.0,0.08378672470076169,507003.0,0.8307130332562135,27.54272026003791,0.24324324324324326,16.4693155597028,11.3,63967.49209764588,0.0429428188562226,18.126125486436962,0.15778999335309654,63.431391924702616,84.12572706670375,0.14862848979536145,0.18407894607481615,-0.0354504562794547,-0.4190388541202887,0.5676673439156501,3,3
45047,129,0,4,808427.0,1294654.0,0.031007751937984496,70411.0,0.41871298518697364,29.62519492692903,0.2857142857142857,17.87140327282669,16.9,44872.95563364213,0.0691149983209695,18.321000979960516,0.0,11.4815440769198,18.387098606751785,0.19611422942491022,-0.45313782136703784,0.649252050791948,-0.7392454361446669,0.9353596655695771,3,3
45049,29,0,1,36371.0,75937.0,0.034482758620689655,19564.0,0.09916172561848292,25.161827847066043,0.0,18.509660830402783,24.2,35432.20979490322,0.0988056460369164,14.823144551216519,0.0,1.8590778981803313,3.8814659578818236,-0.034284134064212844,-1.1512068984415602,1.1169227643773474,-0.7392454361446669,0.704961302080454,3,3
45051,450,4,25,7181304.0,5747599.0,0.05555555555555555,332172.0,0.6294028394927929,30.27111105090134,0.0,14.91432911769806,12.9,53742.40226871199,0.0597543016339515,13.54719843936274,0.12041954168322434,21.619233409197644,17.303080933973966,0.2285272762448328,-0.4893953483140516,0.7179226245588844,-0.49074521770040563,0.7192724939452384,3,3
45053,47,0,1,38458.0,219341.0,0.02127659574468085,28657.0,0.17301182957043654,32.12064417070873,0.0,17.545348912551905,16.2,48333.60850929976,0.0724189902034664,16.40087936629794,0.0,1.3420106780193322,7.654011236347141,0.07068770313470411,-1.0357734149857623,1.1064611181204664,-0.7392454361446669,0.8099331392793709,3,3
45055,91,0,5,1167196.0,3326406.0,0.054945054945054944,65112.0,0.5670536920997665,29.16917772453618,0.13333333333333333,16.736530569111686,12.6,54563.843609794574,0.0571256965531048,13.975918417496008,0.0,17.925973706843592,51.087449318098045,0.06157303660252961,-0.3176072182768409,0.3791802548793705,-0.7392454361446669,0.8008184727471965,3,3
45057,148,0,8,649946.0,596922.0,0.05405405405405406,92308.0,0.6110954630151233,29.52036551544828,0.21428571428571427,16.469620239372535,10.8,62375.48578241226,0.0675500814722515,16.033279889067035,0.0,7.041058196472679,6.4666334445551845,0.02556310538194558,-0.7998415376340314,0.825404643015977,-0.7392454361446669,0.7648085415266125,3,3
45059,111,2,3,267255.0,1084715.0,0.02702702702702703,66846.0,0.2575771175537803,29.294310803937403,0.17647058823529413,18.734544681087876,16.7,45898.96236676206,0.0746778602108551,16.60533165784041,0.29919516500613347,3.9980701911857106,16.227074170481405,-0.015132907983175755,-0.7313931738786947,0.7162602658955189,-0.16719752066907814,0.15206461268590238,3,3
45061,34,0,1,84061.0,154889.0,0.029411764705882353,17365.0,0.20437661963720127,39.58153757558307,0.2857142857142857,18.918061839216815,24.5,34310.809873786595,0.0794979079497908,19.57961416642672,0.0,4.840829254247049,8.919608407716671,1.159074512333625,-0.7126810295208731,1.871755541854498,-0.7392454361446669,1.8983199484782918,3,3
45063,420,0,15,4078186.0,3191035.0,0.03571428571428571,290278.0,0.7101881644492521,29.88612502497605,0.14864864864864866,15.87898528655289,11.2,64838.749881348966,0.0515744451554238,14.46888844487009,0.0,14.049242450340708,10.993030818732388,0.1842803720861713,-0.6250932731046777,0.809373645190849,-0.7392454361446669,0.9235258082308382,3,3
45065,26,1,0,,,0.0,9531.0,0.0,22.422117301437417,0.3333333333333333,17.694808497849127,17.6,46247.67746510551,0.0857795172863666,27.279404049942293,1.0492078480747036,,,-0.7452823750298103,-0.11225057327709345,-0.6330318017527169,0.8287605052724968,-1.574042880302307,3,1
45067,68,1,4,1215450.0,171374.0,0.058823529411764705,31308.0,0.0,28.46466398364635,0.25,18.90325582253737,25.4,33984.353185975706,0.0834258524980174,21.719688258592054,0.3194071802734125,38.822345726331925,5.4738086112175806,0.17428687955193015,-0.3086716176479259,0.48295849719985606,-0.13345847839915442,0.3077453579510846,3,3
45069,46,1,3,59085.0,179957.0,0.06521739130434782,26753.0,0.3438866669158599,28.118480170448176,0.42857142857142855,19.13293595925691,27.2,35598.61791174189,0.1197271067550687,17.194333345792995,0.373789855343326,2.2085373602960416,6.726610099801891,0.6313020767452476,-0.9618012462707818,1.5931033230160294,-0.045183923535899374,0.676486000281147,3,3
45071,63,1,1,57937.0,155180.0,0.015873015873015872,38194.0,0.5587265015447452,30.649083625700374,0.25,17.922488596245483,17.5,46876.212581572574,0.0631397418780596,16.49473739330785,0.26182122846520395,1.5169136513588521,4.062941823323035,0.45980626061335333,-1.1168459530608021,1.5766522136741554,-0.23099027867307648,0.6907965392864298,3,3
45073,147,2,12,4642230.0,8063598.0,0.08163265306122448,77528.0,0.3019683211226912,32.12656717573007,0.2,17.350192734934474,14.6,52078.32110032531,0.0550944728942256,18.960891548859767,0.2579713135899288,59.87810855432876,104.00884841605614,0.11352592979167864,0.23445276532017098,-0.12092683552849234,-0.2376686527114903,0.35119458250316893,3,3
45075,172,2,2,1200.0,240222.0,0.011627906976744186,87687.0,0.49596861564428024,32.6004835380387,0.3,18.337654161688732,21.7,40229.42722682556,0.0922989220563847,19.615222324860014,0.22808398052162807,0.013685038831297684,2.739539498443327,0.7910876181403864,-1.2849757844644967,2.076063402604883,-0.29021969859065044,1.0813073167310367,3,3
45077,222,6,11,2331666.0,2326418.0,0.04954954954954955,124029.0,0.7017068588797781,29.28919365632231,0.17857142857142858,17.736727889187208,16.8,52543.62787288693,0.0538504417155115,17.899039740705803,0.48375783082988655,18.799361439663304,18.757048754726718,0.47215682488413213,-0.35890505996420924,0.8310618848483413,0.12311112291403332,0.3490457019700988,3,3
45079,1077,6,52,10614253.0,8352922.0,0.04828226555246054,411357.0,0.9006264631451513,30.030039357541018,0.19101123595505617,15.941562273993151,15.9,58048.87474460692,0.0646474686750327,26.181637847417207,0.14585870667084797,25.803020247619465,20.305773330707876,0.6875573276235688,-0.07452893658677714,0.762086264210346,-0.44167794451684333,1.1292352721404122,3,3
45081,26,0,1,15824.0,82241.0,0.038461538461538464,20303.0,0.0,29.27363936364084,0.4,18.44478457853519,16.1,48453.37995645116,0.0669335112297087,12.805989262670542,0.0,0.7793922080480717,4.050682165197261,-0.3324841447896779,-1.3267627967938014,0.9942786520041235,-0.7392454361446669,0.40676129135498895,3,3
45083,466,7,24,24530945.0,35416700.0,0.05150214592274678,307617.0,0.6406895587695088,28.8061778120195,0.4492753623188406,18.239989433376564,14.0,55467.95904714096,0.0554190554190554,15.148707646196407,0.2275556942561692,79.74508886049861,115.13245366803525,0.19995679431341137,0.19813918269006794,0.0018176116233434292,-0.2911600468943926,0.49111684120780397,3,3
45085,183,2,5,740760.0,1549873.0,0.0273224043715847,106757.0,0.5416600316606873,29.084075048942925,0.17391304347826086,16.434852882171665,17.5,48397.203967964226,0.0936377575668466,17.14173309478535,0.18734134529820057,6.9387487471547535,14.517764643067903,0.326147198783634,-0.6308739071419966,0.9570211059256306,-0.3639558988198846,0.6901030976035186,3,3
45087,57,2,3,6176.0,517466.0,0.05263157894736842,27490.0,0.3044379774463441,25.23862859221535,0.7777777777777778,19.8521878243725,23.4,43654.04267590667,0.0682196339434276,20.73481265914878,0.7275372862859222,0.22466351400509277,18.82379046926155,0.14523763668105705,-0.9016616067913038,1.0468992434723607,0.4555695041057183,-0.31033186742466123,3,3
45089,73,0,1,75.0,2109.0,0.0136986301369863,31324.0,0.16852892350913037,29.730149406206102,0.18181818181818182,17.914770318477846,24.8,34431.64124524907,0.0656713982705172,23.304814199974462,0.0,0.002394330226024773,0.06732856595581663,0.41360496061231783,-1.4299094124191198,1.8435143730314376,-0.7392454361446669,1.1528503967569848,3,3
45091,381,6,20,2845703.0,3472387.0,0.05249343832020997,265872.0,0.7260824757778179,27.851955452247697,0.15217391304347827,16.196385663142415,9.6,69277.71289612819,0.0507752659384082,14.330204007943673,0.22567250406210507,10.703282030450744,13.060371156045013,-0.04558692900330979,-0.6565454056063763,0.6109584766030666,-0.29451541662041275,0.24892848761710296,3,3
46003,16,0,1,5402.0,153395.0,0.0625,2763.0,1.0,19.2,0.0,12.492181999999998,11.0,67923.12962657522,0.0125495376486129,57.908070937386896,0.0,1.9551212450235251,55.517553384002895,-0.2999373751281717,0.0467244088603197,-0.3466617839884914,-0.7392454361446669,0.43930806101649517,3,3
46005,68,0,0,,,0.0,18346.0,1.0,22.556508230676986,0.0,13.000452849994549,16.3,55447.82048523055,0.0155926289390469,37.06530033794833,0.0,,,0.2697626924407695,0.3848754117701115,-0.11511271932934197,-0.7392454361446669,1.0090081285854364,3,1
46007,11,0,0,,,0.0,3425.0,0.5223357664233577,20.850861313868617,1.0,16.349419752992702,27.7,50346.40477602988,0.1268436578171091,32.11678832116788,0.0,,,0.32049061335133694,0.15190677656290028,0.16858383678843666,-0.7392454361446669,1.0597360494960038,3,1
46009,23,0,0,,,0.0,6929.0,1.0,19.716221677009667,0.5,13.957792798383606,13.4,58017.077015274685,0.0170079833391183,33.193823062490985,0.0,,,-0.11581289676768199,0.20544644721530453,-0.3212593439829865,-0.7392454361446669,0.6234325393769848,3,1
46011,96,2,2,73376.0,26336.0,0.020833333333333332,34601.0,1.0,27.39126036819745,0.0,12.254074264472125,11.2,61619.75974861628,0.0370902248192532,27.744862865235106,0.5780179763590648,2.1206323516661367,0.7611340712696165,0.31495543690743516,-0.9892362617129337,1.3041916986203688,0.2577207252801077,0.05723471162732746,3,3
46013,126,0,3,206557.0,187657.0,0.023809523809523808,38915.0,1.0,23.298524990363614,0.125,12.489938222125145,10.0,61704.553693502225,0.0235151402043577,32.37826031093409,0.0,5.307901837337788,4.822227932673776,-0.05925916619357,-0.5253825820758663,0.4661234158822963,-0.7392454361446669,0.6799862699510969,3,3
46015,25,1,2,522728.0,654277.0,0.08,5258.0,0.47147204260174974,17.066964625332826,0.0,13.902122730315709,12.6,60623.430896206424,0.0195154777927321,47.54659566375047,1.9018638265500192,99.41574743248384,124.43457588436668,-0.9325507086400799,0.8749789289859068,-1.8075296376259868,1.5891014912365196,-2.5216521998765993,3,3
46017,5,0,0,,,0.0,2026.0,0.0,21.0,1.0,17.353167,33.1,36893.845419874706,0.222509702457956,24.679170779861796,0.0,,,0.09390394197630192,-0.2736049704183601,0.36750891239466205,-0.7392454361446669,0.8331493781209688,3,1
46019,40,1,1,792477.0,9832.0,0.025,10225.0,1.0,29.79669437652812,1.0,15.398574694669929,12.0,49294.95985944416,0.0534923994612276,39.11980440097799,0.9779951100244499,77.5038630806846,0.9615647921760391,0.5406613024164896,-0.06312462931106544,0.603785931727555,0.7514597923277878,-0.21079848991129824,3,3
46021,7,0,0,,,0.0,1485.0,1.0,18.4,0.0,13.847819,11.0,57711.81881368528,0.0079051383399209,47.138047138047135,0.0,,,-0.3588015191458038,0.7776149203649955,-1.1364164395107994,-0.7392454361446669,0.38044391699886304,3,1
46023,45,0,2,478062.0,-18857.0,0.044444444444444446,9349.0,0.2700823617499198,23.459824580169002,1.0,16.13517232399187,21.4,53506.03914734241,0.0689737470167064,48.133490212856984,0.0,51.135094662530754,-2.0170071665418763,-0.14468342724989325,-0.37367280780675144,0.2289893805568582,-0.7392454361446669,0.5945620088947736,3,3
46025,20,0,0,,,0.0,3685.0,1.0,21.9,0.0,14.204266,11.1,51915.092756419865,0.037037037037037,54.27408412483039,0.0,,,-0.09518168930054542,1.0088580408641128,-1.1040397301646583,-0.7392454361446669,0.6440637468441215,3,1
46027,50,0,0,,,0.0,13957.0,1.0,34.2796159633159,0.0,12.5280693674142,17.5,53763.600754933475,0.0515364142269537,35.824317546750734,0.0,,,1.2054214670435297,0.32942862918089644,0.8759928378626333,-0.7392454361446669,1.9446669031881965,3,1
46029,79,0,2,132760.0,232613.0,0.02531645569620253,28026.0,0.9110825661885392,27.232334261043317,0.14285714285714285,13.482951536715907,11.4,59754.29296112549,0.0213063664695032,28.188111039748804,0.0,4.737029900806394,8.299900092770999,0.21902541486486407,-0.5338690814206654,0.7528944962855294,-0.7392454361446669,0.9582708510095309,3,3
46031,11,0,0,,,0.0,4150.0,0.4397590361445783,22.478313253012047,1.0,17.880114457831326,33.7,37901.833439706366,0.2369501466275659,26.50602409638554,0.0,,,0.7160515233725447,-0.15863715985893825,0.874688683231483,-0.7392454361446669,1.4552969595172116,3,1
46033,43,2,4,542001.0,2360645.0,0.09302325581395349,8719.0,0.666475513246932,29.731402683794013,0.0,13.88367357518064,8.5,62028.89053269096,0.0343078038173471,49.3175822915472,2.293841036816149,62.16320678976947,270.74721871774284,-0.03891085327731714,0.9358861987059969,-0.974797051983314,1.8660089135497968,-1.9049197668271138,3,3
46035,62,3,2,278926.0,385976.0,0.03225806451612903,19871.0,1.0,24.936882894670628,0.0,12.857574567661416,9.4,53600.372411028016,0.0189268651231165,31.201248049921997,1.5097378088671936,14.036837602536359,19.424085350510794,0.024756304737162633,-0.11697804334370258,0.1417343480808652,1.2718192820640961,-1.2470629773269335,3,3
46037,35,0,2,171363.0,434505.0,0.05714285714285714,5486.0,0.6522056142909224,25.016532993073273,0.0,12.302951015493985,13.3,49476.20691663787,0.0228293413173652,63.79876048122493,0.0,31.23641997812614,79.20251549398469,-0.10902330700938705,0.6987663483944521,-0.8077896554038391,-0.7392454361446669,0.6302221291352799,3,3
46039,27,0,1,94933.0,108260.0,0.037037037037037035,4318.0,0.6484483557202408,22.4016211208893,0.0,13.511326849930523,9.2,69358.26714376984,0.0080851063829787,62.52894858730894,0.0,21.985409911996296,25.071792496526168,-0.5551602399685959,0.40227764368766583,-0.9574378836562617,-0.7392454361446669,0.184085196176071,3,3
46041,24,0,1,127684.0,252571.0,0.041666666666666664,5833.0,1.0,20.548362763586493,1.0,15.811555165952342,26.2,50319.906668253025,0.2096467907330041,41.145208297617,0.0,21.889936567803876,43.300360020572604,0.7248337645055178,0.27155722756579936,0.4532765369397185,-0.7392454361446669,1.4640792006501848,3,3
46043,18,1,0,,,0.0,2929.0,0.0,24.3,0.0,15.483926999999998,8.7,62200.598271085,0.0077958894401133,61.454421304199386,3.414134516899966,,,-1.149046207371829,1.2131705853797066,-2.3622167927515356,2.505835027382524,-3.6548812347543533,3,1
46045,14,0,0,,,0.0,3909.0,1.0,22.461627014581733,0.0,11.75987360936301,10.2,75598.04156306434,0.0147733061640346,35.81478639038117,0.0,,,-0.10865987037544515,0.3289955876476396,-0.43765545802308475,-0.7392454361446669,0.6305855657692218,3,1
46047,47,0,1,44736.0,372423.0,0.02127659574468085,6747.0,1.0,24.799155180080035,0.5,14.678785104046243,14.1,53619.45104862736,0.0255548083389374,69.66058989180377,0.0,6.630502445531347,55.19831036016007,0.3008146638051223,0.35889632132101285,-0.05808165751589056,-0.7392454361446669,1.040060099949789,3,3
46049,16,0,0,,,0.0,2312.0,1.0,27.5,0.0,12.333109,13.0,58397.589842950365,0.0018484288354898,69.20415224913495,0.0,,,0.4325621144171264,1.4088470205922434,-0.9762849061751171,-0.7392454361446669,1.1718075505617933,3,1
46051,21,0,2,97870.0,115657.0,0.09523809523809523,7149.0,0.2857742341586236,22.07104490138481,0.0,13.633491666806545,9.9,61643.07808345991,0.0260273972602739,29.374737725556024,0.0,13.690026577143657,16.17806686249825,-0.9301131085936151,-0.18708567744977236,-0.7430274311438427,-0.7392454361446669,-0.1908676724489482,3,3
46053,35,0,2,181831.0,317339.0,0.05714285714285714,4186.0,0.5243669374104156,23.873100812231247,0.5,14.56847973984711,14.5,46040.99222444602,0.009009009009009,83.61204013377926,0.0,43.43788819875776,75.80960344003822,-0.2587043981648007,0.9111265395955512,-1.169830937760352,-0.7392454361446669,0.4805410379798662,3,3
46055,17,0,0,,,0.0,2018.0,1.0,24.5,0.0,14.576748,10.6,44781.802142889734,0.0121012101210121,84.2418235877106,0.0,,,0.06568077991616732,1.733525759026221,-1.6678449791100536,-0.7392454361446669,0.8049262160608341,3,1
46057,19,0,0,,,0.0,6025.0,1.0,16.377112033195022,0.0,12.386933395020748,7.2,71126.2208946418,0.0258442453480358,31.535269709543567,0.0,,,-0.7390355710962275,0.12227081094087291,-0.8613063820371004,-0.7392454361446669,0.0002098650484393394,3,1
46059,29,0,1,187315.0,959694.0,0.034482758620689655,3256.0,0.4416461916461916,18.3245085995086,0.0,12.169237396191646,8.5,57400.201066229434,0.0,89.06633906633907,0.0,57.52917690417691,294.7463144963145,-1.1220182391757385,1.2593291276499186,-2.381347366825657,-0.7392454361446669,-0.38277280303107164,3,3
46061,7,0,0,,,0.0,3399.0,1.0,20.8,0.0,12.37693,9.0,68572.86322926378,0.0234657039711191,20.594292438952632,0.0,,,-0.3039930824552734,-0.5634317910163242,0.25943870856105083,-0.7392454361446669,0.43525235368939347,3,1
46063,8,0,1,10877.0,43845.0,0.125,1306.0,1.0,12.5,0.0,11.668569,12.1,63229.78477713816,0.0239436619718309,61.25574272588055,0.0,8.328483920367534,33.57197549770291,-0.7259433838265387,0.24237070865846821,-0.9683140924850069,-0.7392454361446669,0.013302052318128199,3,3
46065,71,1,4,2398348.0,8037750.0,0.056338028169014086,17608.0,1.0,22.61665152203544,0.25,12.507920718707405,8.6,68665.07664432724,0.0298305789418979,40.32258064516129,0.5679236710586097,136.20786006360746,456.482848705134,-0.19468033549906594,1.096580008993837,-1.291260344492903,0.2436954522728209,-0.43837578777188685,3,3
46067,32,0,1,17289.0,345414.0,0.03125,7308.0,0.0,22.424397920087575,0.0,13.089047309797483,9.8,60510.01899492147,0.0343551797040169,43.78762999452655,0.0,2.3657635467980294,47.26518883415435,-1.2200721486121966,-0.10652863492984226,-1.1135435136823544,-0.7392454361446669,-0.4808267124675297,3,3
46069,13,0,1,81.0,29176.0,0.07692307692307693,1319.0,0.0,17.1,0.0,11.853058,11.2,61250.90608836242,0.0059259259259259,98.55951478392721,0.0,0.06141015921152388,22.11978771796816,-1.52659350932756,-0.05625459859768683,-1.4703389107298732,-0.7392454361446669,-0.7873480731828931,3,3
46071,27,1,2,129954.0,239492.0,0.07407407407407407,3290.0,0.6656534954407295,20.929483282674774,0.5,16.948851310030395,29.8,35290.17993721926,0.1011638316920322,82.06686930091186,3.0395136778115504,39.49969604863222,72.79392097264437,0.6095505560705087,0.8726475908731924,-0.26309703480268376,2.312007099696761,-1.7024565436262522,3,3
46073,10,0,0,,,0.0,2018.0,1.0,16.7,0.0,11.904778,12.7,52606.16340724032,0.0010515247108307,49.554013875123886,0.0,,,-0.38037142912526095,0.8595345455777785,-1.2399059747030394,-0.7392454361446669,0.3588740070194059,3,1
46075,10,0,0,,,0.0,793.0,1.0,22.3,0.0,14.658507,14.1,48914.44703176848,0.045662100456621,126.10340479192938,0.0,,,0.11692637575181945,2.401852389782152,-2.284926014030333,-0.7392454361446669,0.8561718118964863,3,1
46077,27,0,1,367394.0,-11123.0,0.037037037037037035,4944.0,0.42354368932038833,20.628155339805826,0.0,10.892048906553397,10.0,65396.270068974045,0.0070240295748613,54.6116504854369,0.0,74.31108414239482,-2.2497977346278315,-0.8808063365259811,-0.23638170230702693,-0.6444246342189541,-0.7392454361446669,-0.1415609003813142,3,3
46079,31,0,0,,,0.0,12717.0,1.0,23.98844853345915,0.0,12.910586687898089,9.4,65552.07894270198,0.0341040462427745,24.37681843202013,0.0,,,-0.045029666299866565,-0.29341860627647093,0.24838893997660436,-0.7392454361446669,0.6942157698448003,3,1
46081,100,2,6,489510.0,241184.0,0.06,25478.0,0.5631132741973467,29.672807912709,0.2,14.476317618926132,11.1,55795.47565926293,0.0260040450736781,39.24954863019075,0.7849909726038151,19.213046549964677,9.466363136823926,0.003019581199283953,-0.05143011686767194,0.05444969806695589,0.5270719450425935,-0.5240523638433096,3,3
46083,102,0,4,1129074.0,598231.0,0.0392156862745098,56826.0,0.6550346672297892,23.981151233590257,0.0,10.279209131858657,3.3,87415.13770723184,0.0196420638446404,17.949530144652098,0.0,19.86896842994404,10.527417027417027,-0.7910592722685994,-0.4463287924308152,-0.3447304798377842,-0.7392454361446669,-0.05181383612393253,3,3
46085,19,0,0,,,0.0,3848.0,0.5675675675675675,18.543243243243243,0.5,14.129185351351351,19.3,57089.643243084654,0.0695128626163108,49.37629937629938,0.0,,,-0.31175154749773265,0.8536434761819233,-1.165395023679656,-0.7392454361446669,0.4274938886469342,3,1
46087,26,0,0,,,0.0,5548.0,1.0,19.585976928622927,0.0,12.794728677901945,8.0,65192.764601247785,0.0308474576271186,46.86373467916366,0.0,,,-0.45421311627929134,0.7680548768035214,-1.2222679930828126,-0.7392454361446669,0.2850323198653755,3,1
46089,12,0,0,,,0.0,2297.0,1.0,26.7,0.0,13.76269,15.4,47245.06624182644,0.0236148955495004,52.242054854157594,0.0,,,0.5198387648343333,0.9461997065604856,-0.42636094172615224,-0.7392454361446669,1.2590842009790002,3,1
46091,18,0,0,,,0.0,4891.0,1.0,18.8,0.0,12.2149,11.1,67541.55687458847,0.0263261296660117,36.80228992026171,0.0,,,-0.3232802473688694,0.3732766707727772,-0.6965569181416467,-0.7392454361446669,0.41596518877579747,3,1
46093,61,1,4,690215.0,303943.0,0.06557377049180328,27717.0,0.47346393909874807,28.694382508929536,0.0,11.567621421221633,7.9,64208.09491625975,0.0163122031798472,22.00815384060324,0.36078940722300396,24.902226070642566,10.965941479958149,-0.36103575112294944,-0.2828956482409213,-0.07814010288202816,-0.06596438266551626,-0.2950713684574332,3,3
46095,13,0,0,,,0.0,2052.0,1.0,24.3,1.0,17.505028,26.0,32486.6801344277,0.0690846286701209,63.35282651072124,0.0,,,0.988701508201976,1.2632627429286563,-0.27456123472668026,-0.7392454361446669,1.7279469443466429,3,1
46097,16,0,0,,,0.0,2211.0,1.0,20.5,0.0,12.719669,10.5,56080.59529894192,0.0139860139860139,72.36544549977386,0.0,,,-0.23472913994011113,1.4825296225863465,-1.7172587625264577,-0.7392454361446669,0.5045162962045557,3,1
46099,451,5,17,4386193.0,20212429.0,0.037694013303769404,188674.0,0.7833670776047574,26.048698813827027,0.14285714285714285,11.00248857845278,9.7,65473.64454368248,0.0288250585350565,23.90366452187371,0.2650073672048083,23.247469179643193,107.12885188208232,-0.11006705808294155,0.15776174362828171,-0.26782880171122325,-0.2254787357934772,0.11541167771053563,3,3
46101,31,0,1,9502.0,105553.0,0.03225806451612903,6507.0,0.4976179499001076,16.791901029660366,0.0,12.45364903073613,9.8,65225.62225489109,0.0364768683274021,47.64100199784847,0.0,1.4602735515598586,16.221453818964193,-1.0949371013457159,-0.32300678627476836,-0.7719303150709476,-0.7392454361446669,-0.355691665201049,3,3
46102,17,0,0,,,0.0,14335.0,0.0,22.557258458318802,1.0,16.87993292319498,37.1,,,11.859086152772933,0.0,,,0.45205529040497555,-1.4306119629723346,1.8826672533773101,-0.7392454361446669,1.1913007265496425,3,1
46103,279,4,13,2831178.0,4147662.0,0.04659498207885305,110685.0,0.6554998418936622,28.2460089443014,0.17391304347826086,12.311679094981255,11.6,60457.022779367755,0.0450206557088863,25.206667570131454,0.3613859149839635,25.578696300311695,37.4726656728554,0.02865770301098512,0.013634176391889907,0.015023526619095211,-0.06500656228611752,0.09366426529710264,3,3
46105,27,2,0,,,0.0,2897.0,1.0,24.599999999999998,0.0,14.461909000000002,14.5,61455.47148039976,0.0284848484848484,93.19986192613048,6.903693476009665,,,0.31051758887498454,1.9006899291868757,-1.5901723403118913,3.7789385211500712,-3.4684209322750865,3,1
46107,12,0,0,,,0.0,2315.0,1.0,17.5,0.0,13.550415,9.2,57853.84867136924,0.0070237050043898,51.83585313174946,0.0,,,-0.534629276991769,0.9333878700808228,-1.4680171470725918,-0.7392454361446669,0.20461615915289788,3,1
46109,38,0,1,336854.0,0.0,0.02631578947368421,10287.0,0.7249927092446777,24.174871196655975,0.5,14.520175952755906,16.3,53365.06921396952,0.0510993485342019,36.93982696607368,0.0,32.745601244288906,0.0,0.09064728252015423,-0.40865341118617565,0.4993006937063299,-0.7392454361446669,0.8298927186648211,3,3
46111,9,0,1,8064.0,2869.0,0.1111111111111111,2379.0,1.0,20.8,0.0,12.839877,12.4,60283.195192351566,0.0207715133531157,37.83102143757881,0.0,3.389659520807062,1.2059688944934848,-0.09696029033925146,-0.7032685449666446,0.6063082546273931,-0.7392454361446669,0.6422851458054154,3,3
46115,38,0,1,6848.0,29446.0,0.02631578947368421,6483.0,0.5710319296621934,19.813697362332253,0.0,12.8179068730526,10.7,57684.26078159735,0.0209726443768996,58.61483880919328,0.0,1.0563010951719882,4.5420330094092245,-0.7381860209752334,-0.46143277420730167,-0.2767532467679318,-0.7392454361446669,0.0010594151694334197,3,3
46117,11,0,0,,,0.0,3017.0,0.0,35.1,0.0,11.724901,7.6,75659.51717310664,0.0051487414187643,36.460059661915814,0.0,,,-0.4213614605830978,0.35806292775727294,-0.7794243883403708,-0.7392454361446669,0.31788397556156905,3,1
46119,7,0,0,,,0.0,1305.0,1.0,16.7,0.0,13.184070000000002,7.6,65877.47570620179,0.0045454545454545,53.63984674329502,0.0,,,-0.6909206172992938,0.9895518602098481,-1.680472477509142,-0.7392454361446669,0.048324818845373096,3,1
46121,18,0,0,,,0.0,10195.0,1.0,20.962040215792054,1.0,17.54103555174105,35.6,25789.018412749116,0.0731428571428571,17.65571358509073,0.0,,,1.3276570041129816,-0.8081336460080362,2.1357906501210175,-0.7392454361446669,2.0669024402576484,3,1
46123,47,0,3,276895.0,807289.0,0.06382978723404255,5458.0,1.0,22.919952363503114,0.5,14.901476504580431,16.1,61178.83123520936,0.0334137099552187,86.11212898497618,0.0,50.731953096372294,147.9093074386222,0.28432657762583374,1.0849769443457487,-0.800650366719915,-0.7392454361446669,1.0235720137705007,3,3
46125,58,1,3,555889.0,348272.0,0.05172413793103448,8300.0,0.0,26.846265060240963,0.0,13.922153766265058,8.4,62792.036036664475,0.0209099264705882,69.87951807228916,1.2048192771084336,66.974578313253,41.960481927710845,-0.9799591651598233,0.7987164286781421,-1.7786755938379653,0.9887233489671361,-1.9686825141269595,3,3
46127,47,1,1,64341.0,302657.0,0.02127659574468085,15368.0,0.0,21.71960567412806,0.0,11.201549637038001,5.7,74595.35316478802,0.0188632720996178,30.58302967204581,0.6507027589796981,4.186686621551275,19.693974492451847,-1.5215880794408856,-0.36298089302223957,-1.158607186418646,0.35613780054002453,-1.8777258799809102,3,3
46129,21,0,2,111905.0,192804.0,0.09523809523809523,5457.0,1.0,21.794722374931283,0.0,13.743348868059375,15.8,58913.77298244355,0.0248756218905472,38.48268279274326,0.0,20.506688656771118,35.33150082462892,0.1832643531961653,0.1842015036892245,-0.0009371504930592023,-0.7392454361446669,0.9225097893408322,3,3
46135,54,0,1,2804.0,62513.0,0.018518518518518517,22717.0,0.5870493463045297,23.215750319144252,0.2,13.1270626668134,11.4,61838.104156697584,0.0338396624472573,23.770744376458158,0.0,0.12343179116960866,2.7518158207509793,-0.42787000995397245,-1.1590142734719822,0.7311442635180097,-0.7392454361446669,0.3113754261906944,3,3
46137,10,0,0,,,0.0,2791.0,1.0,27.9,1.0,17.690195,46.2,39641.16923417932,0.2486274509803921,35.829451809387315,0.0,,,2.4836085094412153,0.3296618544236398,2.1539466550175757,-0.7392454361446669,3.2228539455858822,3,1
47001,146,0,7,1514506.0,3202760.0,0.04794520547945205,76061.0,0.4058190136863833,28.67821879806997,0.16666666666666666,17.326691502662335,14.4,53411.7058836568,0.0607701391088966,19.19511970655132,0.0,19.911728744034395,42.10778191188651,-0.039775580425159184,-0.163954052696191,0.12417847227103182,-0.7392454361446669,0.6994698557195077,3,3
47003,72,4,3,489286.0,65708.0,0.041666666666666664,48292.0,0.49865402136999915,26.445841961401477,0.1111111111111111,16.90667506009277,13.3,53436.0841428115,0.0432098765432098,14.909301747701484,0.8282945415389712,10.131823076285928,1.360639443386068,-0.17035296874867156,-0.980423138435175,0.8100701696865035,0.5794592751091058,-0.7498122438577773,3,3
47005,22,0,0,,,0.0,16140.0,0.3654275092936803,27.613897149938044,0.0,17.72095382329616,17.6,39759.88075701964,0.0681746282821891,13.630731102850062,0.0,,,0.032968672918119855,-1.2146885943030825,1.2476572672212023,-0.7392454361446669,0.7722141090627868,3,1
47007,23,0,1,46645.0,51537.0,0.043478260869565216,14836.0,0.0,21.827210838500942,0.3333333333333333,17.709882761526018,21.6,46765.98045322085,0.1000166140554909,15.502830951739012,0.0,3.1440415206255055,3.473779994607711,-0.5454877089442195,-1.0611776052719901,0.5156898963277706,-0.7392454361446669,0.19375772720044737,3,3
47009,189,3,4,968735.0,1027905.0,0.021164021164021163,129927.0,0.5090396915190838,27.806598320595413,0.17857142857142858,16.73855854521385,9.7,60062.73093564811,0.0440226869235966,14.546630030709553,0.23089888937634212,7.455994519999692,7.911404096146297,-0.2781781125949916,-0.8064858867183292,0.5283077741233376,-0.28521597761538464,0.007037865020393053,3,3
47011,172,0,16,3866384.0,2242282.0,0.09302325581395349,105749.0,0.6480912349052946,29.82489101551788,0.15789473684210525,16.189393550747525,15.0,54406.974811755565,0.0514596638817604,16.264929219188836,0.0,36.56189656639779,21.203812802012312,0.3438316499120471,-0.244554506383173,0.5883861562952202,-0.7392454361446669,1.083077086056714,3,3
47013,56,0,3,187284.0,434799.0,0.05357142857142857,39797.0,0.4251828027238234,27.12412995954469,0.36363636363636365,18.04195431072694,20.6,42188.167353690886,0.0915608838740009,14.071412418021458,0.0,4.705982863029877,10.925421514184487,0.24440113797789806,-0.8571908240615382,1.1015919620394363,-0.7392454361446669,0.983646574122565,3,3
47015,20,0,1,16836.0,34587.0,0.05,14178.0,0.0,24.803667654112004,0.0,15.227219591620823,14.4,58645.61213174176,0.037944427845832,14.10636196924813,0.0,1.1874735505713077,2.4394837071519255,-0.7649018639282467,-1.3022490561894757,0.5373471922612291,-0.7392454361446669,-0.025656427783579794,3,3
47017,43,0,1,82796.0,537767.0,0.023255813953488372,23778.0,0.21889982336613675,25.192997728993188,0.0,17.34913490171587,17.4,45191.992851275485,0.0528948037636687,18.08394314071831,0.0,3.4820422239044495,22.61615779291782,-0.316222278933501,-0.6518193306142376,0.33559705168073656,-0.7392454361446669,0.42302315721116585,3,3
47019,73,1,6,1940231.0,544142.0,0.0821917808219178,56433.0,0.7457515992415785,28.164837949426754,0.0,15.564716198305955,16.9,40374.63685744273,0.0466823374159759,12.935693654422058,0.17720128293728848,34.38114223946982,9.642266050006201,0.4432741528775097,-0.5147618332891796,0.9580359861666893,-0.3827006724731118,0.8259748253506215,3,3
47021,54,0,1,17850.0,90404.0,0.018518518518518517,40181.0,0.2006669819068714,25.530404917747195,0.0,14.675771442223935,8.7,65623.09387154396,0.0396661710393783,13.439187675767155,0.0,0.4442398148378587,2.2499191160000995,-0.840926341628946,-1.4307202572254862,0.5897939155965403,-0.7392454361446669,-0.1016809054842791,3,3
47023,19,0,1,67877.0,19713.0,0.05263157894736842,17190.0,0.6963350785340314,28.0594880744619,0.0,15.323350652705061,16.7,55058.82826306628,0.0759527643585614,11.052937754508436,0.0,3.948632926119837,1.1467713787085514,0.36976095881490956,-1.3339600573973793,1.7037210162122889,-0.7392454361446669,1.1090063949595765,3,3
47025,36,0,3,420578.0,780921.0,0.08333333333333333,31732.0,0.10862851380310097,32.56704588428085,0.1111111111111111,17.502298855918315,18.6,39042.31199842233,0.0740542196354725,11.345014496407414,0.0,13.254065296861212,24.60988907096937,0.17986294657295687,-0.6212654786821775,0.8011284252551344,-0.7392454361446669,0.9191083827176237,3,3
47027,11,0,0,,,0.0,7654.0,0.0,30.268735301802977,0.0,17.818262707211915,21.2,34094.585314327436,0.0419806243272335,14.371570420695061,0.0,,,0.051284381653525744,-1.1320562274103152,1.183340609063841,-0.7392454361446669,0.7905298177981926,3,1
47029,38,0,0,,,0.0,35552.0,0.4606491899189919,28.19407065706571,0.7777777777777778,19.877120782965793,20.4,38916.18100540448,0.0859077165768371,10.68856885688569,0.0,,,0.34940594419781973,-1.5902696202982307,1.9396755644960504,-0.7392454361446669,1.0886513803424867,3,1
47031,79,1,3,246503.0,95869.0,0.0379746835443038,55209.0,0.40116647648028403,25.975339165715734,0.08333333333333333,16.473906361625822,14.5,53368.24898690275,0.0452801227935533,14.309261171185858,0.18112988824285897,4.464906084152946,1.7364741255954645,-0.2376095718410902,-1.1331051633416278,0.8954955915005376,-0.375419219154493,0.1378096473134028,3,3
47033,24,0,2,265981.0,274556.0,0.08333333333333333,14399.0,0.27112993957913745,30.727786651850824,0.0,16.889508120077785,14.9,47396.63541831007,0.0490883590462833,16.66782415445517,0.0,18.472185568442253,19.067713035627474,-0.0045675489853118645,-0.39727528064492024,0.3927077316596084,-0.7392454361446669,0.734677887159355,3,3
47035,78,2,5,936272.0,1565800.0,0.0641025641025641,59216.0,0.5282693866522562,28.508249459605512,0.0,15.792449405093219,14.6,48712.001488353286,0.0541422048271363,13.172115644420428,0.3377465549851391,15.81113212645231,26.442177789786545,0.09267136226571676,-0.49455122031410254,0.5872225825798193,-0.10328962542676223,0.195960987692479,3,3
47037,1715,6,70,33944010.0,177321487.0,0.04081632653061224,687488.0,0.9284845699124931,29.26052949287842,0.2795031055900621,16.92988926437407,12.3,64006.709297155634,0.0412538884900694,24.945889964624836,0.08727425060510147,49.37396725470117,257.9266649017874,0.44193245683544796,0.5070068973738715,-0.06507444053842354,-0.5563748083221254,0.9983072651575733,3,3
47039,24,1,0,,,0.0,11686.0,0.0,34.45852301899709,0.0,17.450951547407154,19.2,44549.678718764466,0.0931715343480049,20.537395173712135,0.8557247989046722,,,0.23778572077643503,-0.5678453368732205,0.8056310576496555,0.6120054584865893,-0.37421973771015427,3,1
47041,32,1,2,327919.0,87638.0,0.0625,19847.0,0.3273038746410037,22.375956063888747,0.0,15.806964576510302,16.3,48238.21532130307,0.0504799146818343,16.123343578374566,0.5038544868242052,16.522345946490653,4.415679951629969,-0.47293764509126035,-0.6829938592019532,0.21005621411069286,0.15251402298944372,-0.6254516680807041,3,3
47043,73,0,1,60849.0,35379.0,0.0136986301369863,52680.0,0.24546317388003036,27.61110288534548,0.0,15.067196171791952,9.9,56256.542734580245,0.0321227326944433,13.857251328777524,0.0,1.1550683371298405,0.6715831435079727,-0.5661845787142942,-1.4496574567759273,0.8834728780616331,-0.7392454361446669,0.1730608574303727,3,3
47045,51,1,0,,,0.0,37416.0,0.4582798802651272,26.505625935428696,0.125,16.67491369577186,17.7,46832.755684818534,0.0635861433997007,13.630532392559333,0.26726534103057514,,,0.058192403147795176,-1.2147113148998276,1.2729037180476228,-0.22158117763458415,0.27977358078237935,3,1
47047,60,2,0,,,0.0,40164.0,0.3051239916342994,30.732225375958567,0.09090909090909091,16.14655632857783,12.8,64349.06484963263,0.0632440476190476,14.938751120406335,0.49795837068021115,,,-0.0952538421561235,-1.0714420972605496,0.9761882551044261,0.14392849446925024,-0.23918233662537375,3,1
47049,30,0,2,175898.0,252146.0,0.06666666666666667,18213.0,0.0,22.73001702080931,0.0,16.50347426398726,18.9,38708.43584043392,0.070323859881031,16.47175094712568,0.0,9.657826826991709,13.844287047713172,-0.6434674612641532,-0.5943861923453666,-0.049081268918786614,-0.7392454361446669,0.09577797488051365,3,3
47051,74,1,2,178640.0,1680473.0,0.02702702702702703,41725.0,0.37054523666866385,26.737747153984422,0.0,16.514452036093473,12.9,54676.195586768445,0.0384959242703129,17.73517076093469,0.2396644697423607,4.281366087477531,40.27496704613541,-0.31214175613890877,-0.5211558956897386,0.20901413955082987,-0.2697074501872776,-0.04243430595163117,3,3
47053,69,0,2,429442.0,752213.0,0.028985507246376812,49228.0,0.49333712521329326,29.215602908913624,0.2857142857142857,17.689173187190217,14.7,45757.992433389176,0.0608902575587905,14.016413423255058,0.0,8.723531323636955,15.280186072966604,0.11293014074010559,-0.6820669214839613,0.7949970622240669,-0.7392454361446669,0.8521755768847724,3,3
47055,57,0,4,470487.0,80675.0,0.07017543859649122,29285.0,0.21895168174833532,25.980293665699165,0.125,17.549264055079394,15.3,52587.08476964098,0.0571088637715645,19.4638893631552,0.0,16.065801604917194,2.754823288372887,-0.3861098664289127,-0.6579351695008954,0.27182530307198266,-0.7392454361446669,0.35313556971575416,3,3
47057,12,0,0,,,0.0,23101.0,0.0,29.621323752218515,0.0,18.106504999610408,15.5,46704.50484317855,0.0529592032177743,5.194580321198217,0.0,,,-0.3434366634959895,-2.6524366082732542,2.308999944777265,-0.7392454361446669,0.39580877264867736,3,1
47059,125,2,2,110201.0,85806.0,0.016,68834.0,0.5627015718976087,28.5244268820641,0.13333333333333333,17.569224274355697,14.8,45147.476030210375,0.0476174586225307,18.15963041520179,0.2905540866432286,1.600967545108522,1.2465641979254438,0.14337547419597266,-1.2106250319058776,1.3540005061018503,-0.18178216690707388,0.32515764110304657,3,3
47061,22,0,0,,,0.0,13344.0,0.19027278177458035,27.209974520383696,0.0,17.59767803604616,22.8,42943.893387486874,0.0857246640029059,16.48681055155875,0.0,,,0.12996326026836177,-0.916377673894225,1.0463409341625867,-0.7392454361446669,0.8692086964130287,3,1
47063,109,0,9,1388345.0,-1814709.0,0.08256880733944955,64132.0,0.8167217613671802,28.818622528534892,0.3333333333333333,16.533893079242812,17.3,46232.83852475047,0.0727694579202699,16.996195347096613,0.0,21.648241127674172,-28.296466662508575,0.5926906323410752,-1.5445806115387508,2.137271243879826,-0.7392454361446669,1.3319360684857422,3,3
47065,713,6,39,23557029.0,32225656.0,0.0546984572230014,360919.0,0.8988581925584411,29.68063942325009,0.2682926829268293,16.892643481578972,12.9,58370.031810862434,0.0489967361065475,19.755125111174532,0.16624228705055707,65.26957295127161,89.28777925240844,0.4772550601504045,0.2469373701057074,0.23031769004469707,-0.4031417360977388,0.8803967962481433,3,3
47067,10,1,1,3114.0,3500.0,0.1,6587.0,0.0,31.916912099590103,0.5,18.915649963564597,26.7,31941.879038535502,0.0884551495016611,15.18141794443601,1.5181417944436009,0.47274935478973734,0.5313496280552603,0.5074635143893579,-1.503415380494831,2.010878894884189,1.2791253699747835,-0.7716618555854257,3,3
47069,33,1,1,44941.0,92007.0,0.030303030303030304,25443.0,0.2505993790040483,26.78775301654679,0.16666666666666666,17.894383112879773,21.5,42719.189433539126,0.118419612564299,12.970168612191959,0.3930354124906654,1.7663404472742994,3.616200919702865,0.08514963301500385,-1.238459166200225,1.3236087992152288,-0.014779286747840669,0.09992891976284451,3,3
47071,46,1,3,214411.0,174999.0,0.06521739130434782,25715.0,0.7041415516235661,32.66132607427571,0.3333333333333333,17.84395887065915,19.7,43119.84082312521,0.0636704119850187,17.888391989111415,0.3888780867198134,8.337973945168189,6.805327629788062,0.8995057052069599,-0.7005226257685965,1.6000283309755563,-0.02131141674585869,0.9208171219528186,3,3
47073,52,0,1,99686.0,208269.0,0.019230769230769232,56611.0,0.3044814612001201,32.481459433678964,0.46153846153846156,18.420866560845067,17.2,44436.26681747951,0.0663312368972746,9.18549398526788,0.0,1.760894525798873,3.6789493208033774,0.30068319837852886,-1.412563300705339,1.7132464990838678,-0.7392454361446669,1.0399286345231957,3,3
47075,21,1,1,59286.0,107747.0,0.047619047619047616,17623.0,0.7592918345344153,31.050371673381374,0.5,19.076016900357487,21.0,40176.431011271845,0.0678030784887419,11.916245815127958,0.5674402769108551,3.3641264256936956,6.1139987516313905,0.9199313301184661,-1.099612378882411,2.019543709000877,0.2430215491144303,0.6769097810040358,3,3
47077,36,0,0,,,0.0,27977.0,0.16985380848554169,32.69603602959574,0.16666666666666666,17.093006440540446,14.0,45900.02229107314,0.0679675872333388,12.867712764056188,0.0,,,-0.02436154848613496,-1.3042890227639292,1.2799274742777942,-0.7392454361446669,0.714883887658532,3,1
47079,65,1,2,308487.0,851592.0,0.03076923076923077,32284.0,0.5538347168876223,31.468835955891468,0.0,16.42447824842027,18.3,42929.054447131835,0.0471769323671497,20.133812414818486,0.3097509602279767,9.555414446784786,26.378143972246313,0.5635331416533756,-0.3760707940036638,0.9396039356570394,-0.14951222700462688,0.7130453686580025,3,3
47081,25,0,1,153855.0,94072.0,0.04,24813.0,0.10329262886390199,31.06225365735703,0.0,16.57479541909483,15.9,46208.46026559576,0.0401190133410116,10.075363720630316,0.0,6.200580340950308,3.79123846370854,-0.10105411636353127,-1.1474028708901332,1.046348754526602,-0.7392454361446669,0.6381913197811356,3,3
47083,20,1,1,174921.0,116120.0,0.05,8164.0,0.0,26.256859382655563,0.0,17.007809035766783,17.0,45270.427250295,0.0592705167173252,24.49779519843214,1.224889759921607,21.425894169524742,14.223419892209701,-0.4996565609643966,-0.212796822028251,-0.2868597389361456,1.008528112048052,-1.5081846730124486,3,3
47085,33,0,0,,,0.0,18435.0,0.4192026037428804,30.782131814483318,0.0,16.347953431624628,14.7,48403.563513830675,0.075268817204301,17.90073230268511,0.0,,,0.147810360296986,-0.7863056740341183,0.9341160343311044,-0.7392454361446669,0.8870557964416529,3,1
47087,14,0,1,8957.0,7890.0,0.07142857142857142,11682.0,0.0,25.202191405581235,0.0,17.935205667693886,20.0,37316.75521999335,0.0714439423283839,11.984249272384865,0.0,0.7667351480910803,0.6753980482794042,-0.39458322753745767,-1.5687323910704984,1.1741491635330408,-0.7392454361446669,0.3446622086072092,3,3
47089,70,1,2,158730.0,155296.0,0.02857142857142857,53679.0,0.2866484099927346,26.56596248067214,0.0,16.61904392294938,12.9,52083.62072188068,0.0540777666999003,13.040481380055516,0.1862925911436502,2.95702229922316,2.8930494234244306,-0.4157523879020322,-1.1875692397822135,0.7718168518801813,-0.365887173471417,-0.0498652144306152,3,3
47091,27,1,1,23847.0,128622.0,0.037037037037037035,17753.0,0.24288852588294937,33.31956852362981,0.0,16.589440720554272,20.9,38161.514895919565,0.0418065815983881,15.20869712161325,0.5632850785782685,1.3432659268855969,7.245085337689405,0.5208655926748604,-1.0842733017236705,1.605138894398531,0.2372201719278034,0.283645420747057,3,3
47093,888,10,44,14002143.0,16434444.0,0.04954954954954955,461104.0,0.8652581630174537,28.067720080502447,0.25,16.47138083128101,13.8,60913.850157440786,0.0426166481723641,19.25812831812346,0.2168708143932822,30.36656155661196,35.641512543807906,0.3769459076001355,-0.10206110519228578,0.4790070127924213,-0.31026647414442887,0.6872123817445643,3,3
47095,6,0,0,,,0.0,7401.0,0.0,28.381664639913527,0.0,18.440044109579784,34.0,37299.79643101616,0.0876132930513595,8.107012565869477,0.0,,,0.6918509529565311,-2.007762374795697,2.6996133277522283,-0.7392454361446669,1.431096389101198,3,1
47097,24,0,0,,,0.0,25989.0,0.24387240755704337,26.064369540959632,0.3333333333333333,17.94762363342183,24.6,42286.7403146208,0.080224628961091,9.234676209165416,0.0,,,0.21339397564915052,-1.8124766753779917,2.0258706510271423,-0.7392454361446669,0.9526394117938174,3,1
47099,56,0,0,,,0.0,43390.0,0.06291772297764461,27.908117077667665,0.18181818181818182,17.428645742244758,14.9,46227.538903195105,0.0806301624637601,12.906199585157871,0.0,,,-0.43780721412926477,-1.2996527635610633,0.8618455494317985,-0.7392454361446669,0.3014382220154021,3,1
47101,27,1,1,112212.0,270479.0,0.037037037037037035,12027.0,0.6304980460630248,27.583279288268063,0.0,17.314136193231896,16.1,39510.798543917175,0.0263209974272709,22.449488650536296,0.8314625426124553,9.330007483162884,22.48931570632743,0.22679807403902416,-0.3515331490469719,0.578331223085996,0.5832429797597977,-0.3564449057207735,3,3
47103,53,2,1,4700.0,7500.0,0.018867924528301886,33924.0,0.26155524112722556,29.703637542742598,0.2222222222222222,17.22069843677043,14.5,52450.35453351239,0.0400203601196157,15.62315764650395,0.589553118735998,0.13854498290295955,0.2210824195259993,-0.11466342409264203,-1.5881603862356943,1.4734969621430523,0.2736385078541311,-0.3883019319467731,3,3
47105,79,1,2,1545220.0,6182267.0,0.02531645569620253,52340.0,0.3381352693924341,26.33165265571265,0.2,17.578785040542602,10.5,61544.50512253,0.0469063209942536,15.093618647306075,0.19105846388995032,29.522735957202904,118.11744363775315,-0.5233057079855237,-0.016223452628798835,-0.5070822553567248,-0.35712455773829943,-0.16618115024722424,3,3
47107,80,0,3,196971.0,606134.0,0.0375,53053.0,0.28322620775450963,31.45016681431776,0.4,19.174498106403032,14.9,45878.82380485165,0.0602176115589621,15.079260362279229,0.0,3.712721241023128,11.4250655005372,0.06170149241946277,-0.8561270800299136,0.9178285724493763,-0.7392454361446669,0.8009469285641296,3,3
47109,44,0,3,165817.0,194422.0,0.06818181818181818,25844.0,0.2900866738894908,27.01300882216375,0.0,17.30082910455038,15.5,41507.695945981184,0.1114358442537946,17.025228292833926,0.0,6.416073363256462,7.522906670793994,-0.22081127855503355,-0.7616233509235005,0.540812072368467,-0.7392454361446669,0.5184341575896333,3,3
47111,28,0,2,104934.0,198513.0,0.07142857142857142,23842.0,0.3489220702961161,29.56201660934485,0.0,15.30471379452227,16.2,39672.96696351155,0.0315183628722821,11.743981209630064,0.0,4.401224729469004,8.326189078097475,0.07316574253025215,-1.008912235989827,1.0820779785200791,-0.7392454361446669,0.8124111786749191,3,3
47113,192,1,6,1637604.0,997633.0,0.03125,97625.0,0.8010345710627401,30.36181613316261,0.14814814814814814,15.370700466837386,18.6,51047.014745650005,0.0485409407665505,19.66709346991037,0.10243277848911653,16.774432778489118,10.219032010243279,0.7683888186795036,-0.4388480750443449,1.2072368937238485,-0.5261152898629499,1.2945041085424536,3,3
47115,45,0,0,,,0.0,28538.0,0.1983320484967412,25.047557642441657,0.0,16.571567174118716,15.1,52394.178545025454,0.038092288634252,15.768449085429953,0.0,,,-0.4892773519285713,-0.9865509723338967,0.49727362040532536,-0.7392454361446669,0.24996808421609557,3,1
47117,53,0,6,565541.0,320093.0,0.11320754716981132,32965.0,0.5930532382830275,25.025933565903227,0.16666666666666666,16.75453106494767,10.7,56384.79357622025,0.0597165354330708,16.077658122250874,0.0,17.155801607765813,9.710086455331412,-0.33079068209209544,-0.5491606566134705,0.21836997452137502,-0.7392454361446669,0.4084547540525714,3,3
47119,162,3,9,646879.0,208505.0,0.05555555555555555,91976.0,0.5573193006871358,27.336712838131685,0.0,14.615125612257547,10.7,60595.872864118486,0.040417576242246,17.61329042358876,0.3261720448812733,7.033128207358441,2.26695007393233,-0.1995100130919469,-0.9050245316821804,0.7055145185902335,-0.12228152746574687,-0.07722848562620004,3,3
47121,18,1,2,489726.0,455622.0,0.1111111111111111,12104.0,0.0,31.181295439524128,0.6666666666666666,18.796920673826833,15.6,52113.29860259076,0.0916951538306857,14.87111698612029,0.8261731658955717,40.459847984137475,37.642267019167214,-0.22256446614663863,-0.1659321660481526,-0.05663230009848602,0.5769219415781961,-0.7994864077248347,3,3
47123,75,2,3,469294.0,2980091.0,0.04,46064.0,0.20371656825286558,25.833601076762765,0.42857142857142855,18.564691225794547,16.0,44971.52859457204,0.0775714062743873,16.28169503299757,0.43417853421326846,10.187869051754081,64.69457711010767,-0.3707988148508228,-0.3117641847298938,-0.059034630120928966,0.04883479855986318,-0.41963361341068595,3,3
47125,208,1,8,10327901.0,5759757.0,0.038461538461538464,200180.0,0.890308722150065,28.029216704965524,0.02564102564102564,13.941144537296438,12.6,60989.10478352706,0.065436774310595,10.390648416425217,0.049955040463582776,51.5930712358877,28.772889399540414,0.3282051510557944,-0.3465092735682636,0.674714424624058,-0.6327073162067397,0.9609124672625341,3,3
47127,7,1,0,,,0.0,6378.0,0.0,28.70929758544999,0.0,16.049311049388525,9.9,61166.11214347647,0.0476680384087791,10.975227343994984,1.5678896205707118,,,-0.7515389000462531,-1.5497379890632454,0.7981990890169923,1.3218809675194971,-2.0734198675657503,3,1
47129,31,1,0,,,0.0,21545.0,0.2932466929682061,35.6124437224414,0.4,17.968066444929217,16.2,43809.85154963459,0.0656693711967545,14.388489208633095,0.46414481318171263,,,0.4579875476113751,-1.1302159869815103,1.5882035345928853,0.09402929160125806,0.36395825601011705,3,1
47131,64,0,0,,,0.0,30365.0,0.1439815577144739,27.543882759756297,0.3,17.856238940556562,19.3,41988.90158320892,0.0545869197381004,21.07689774411329,0.0,,,-0.10878402536690852,-0.5264568752354432,0.41767284986853465,-0.7392454361446669,0.6304614107777583,3,1
47133,35,0,3,250768.0,82946.0,0.08571428571428572,22068.0,0.0,26.77662678992206,0.14285714285714285,16.423644310268262,14.3,39426.004599031236,0.0338404222291213,15.860068878013413,0.0,11.36342214971905,3.7586550661591445,-0.6258203753073326,-0.7936572967018204,0.1678369213944878,-0.7392454361446669,0.11342506083733428,3,3
47135,15,0,2,148098.0,62310.0,0.13333333333333333,7962.0,0.37402662647575985,29.570384325546346,0.0,17.520116970359208,17.5,43492.93418062337,0.0856481481481481,18.839487565938207,0.0,18.60060286360211,7.825923134890731,0.18016231342726763,-0.4846249979418922,0.6647873113691598,-0.7392454361446669,0.9194077495719345,3,3
47137,9,0,1,86353.0,103114.0,0.1111111111111111,5079.0,0.0,25.4,0.0,16.504799,16.6,41924.246200233385,0.0485485485485485,17.72002362669817,0.0,17.00196889151408,20.3020279582595,-0.58706122766624,-0.37139358054250987,-0.21566764712373016,-0.7392454361446669,0.15218420847842684,3,3
47139,35,0,1,14527.0,1773.0,0.02857142857142857,16814.0,0.08350184370167717,21.874658023076012,0.0,16.66208331574878,15.0,45901.08221538421,0.0697554031318752,20.815986677768525,0.0,0.8639823956226954,0.10544784108481027,-0.8533413231018795,-1.3450972479040377,0.49175592480215824,-0.7392454361446669,-0.11409588695721262,3,3
47141,167,3,15,2143087.0,4357672.0,0.08982035928143713,77447.0,0.7954472090590985,31.48059576226322,0.0,15.781720098441514,17.3,46911.19008383803,0.0555662004215366,21.563133497746843,0.38736167960024276,27.67165932831485,56.266504835564966,0.7654907613199468,0.021396422716348302,0.7440943386035984,-0.023698914367643428,0.7891896756875901,3,3
47143,50,0,3,2076723.0,1859199.0,0.06,32719.0,0.3924325315565879,29.147788746599836,0.5,18.554880539869803,16.0,44735.16547320247,0.0852745715285064,15.281640636938782,0.0,63.47146917693084,56.82322198111189,0.07768747836931726,0.02217810298547318,0.05550937538384408,-0.7392454361446669,0.8169329145139841,3,3
47145,73,1,2,419842.0,581939.0,0.0273972602739726,53075.0,0.4105887894488931,27.207868111163446,0.18181818181818182,17.569538464248705,13.4,56564.98070910288,0.0613634441343144,13.754121526142251,0.1884126236457843,7.910353273669336,10.964465379180405,-0.20368430142614954,-0.7689356543337945,0.5652513529076449,-0.36198490640268133,0.15830060497653178,3,3
47147,99,1,6,1620700.0,1285999.0,0.06060606060606061,70280.0,0.3242743312464428,26.647367672168464,0.0,14.944778435443936,9.9,67100.62836118155,0.0493695713084897,14.08651109846329,0.14228799089356858,23.06061468412066,18.29822140011383,-0.5516401780124622,-0.4454127927056455,-0.10622738530681675,-0.44849906673158196,-0.10314111128088027,3,3
47149,393,1,21,14577366.0,7799928.0,0.05343511450381679,315815.0,0.6958567515792473,29.241403353228943,0.02040816326530612,13.854602090464352,9.1,71469.63637142985,0.0433946045643177,12.44399411047607,0.0316641071513386,46.157927900828014,24.697775596472617,-0.006571342224375905,-0.3059427518163899,0.299371409592014,-0.6711160358502064,0.6645446936258305,3,3
47151,21,1,1,0.0,2241.0,0.047619047619047616,21969.0,0.2868587555191406,27.070258090946332,0.0,17.442240859574856,21.0,41192.89842559211,0.0721754944305523,9.558923938276664,0.45518685420365057,0.0,0.1020073740270381,0.11480703615640779,-1.8893622469838842,2.004169283140292,0.08061675085191268,0.03419028530449511,3,3
47153,21,0,1,2360033.0,2550741.0,0.047619047619047616,14816.0,0.5594627429805615,23.391988390928724,0.0,17.066023761811554,15.1,52328.46323773885,0.0489738805970149,14.173866090712744,0.0,159.2894843412527,172.16124460043196,-0.219514589149729,0.3911435996786192,-0.6106581888283482,-0.7392454361446669,0.5197308469949379,3,3
47155,144,1,7,1136143.0,2488271.0,0.04861111111111111,97068.0,0.45358923641158777,28.212357316520382,0.1111111111111111,17.768045272345162,12.2,52582.84507239668,0.0471801534776077,14.834961058227222,0.1030205629043557,11.70460913998434,25.634307907858407,-0.1562181227396973,-0.5008002839908029,0.34458216125110563,-0.5249503479705243,0.36873222523082705,3,3
47157,2787,11,57,16097975.0,29219164.0,0.02045209903121636,936374.0,0.9288670979758088,31.877324445146915,0.4479638009049774,16.873951318186965,18.2,54752.5101371658,0.0711524643885881,29.7637482458932,0.11747442795293334,17.191821857505655,31.20458705602676,0.9941542681821666,-0.014839227606185385,1.008993495788352,-0.49649758853252135,1.4906518567146878,3,3
47159,33,0,2,164318.0,52121.0,0.06060606060606061,19740.0,0.15851063829787235,24.66016210739615,0.0,15.184933741945288,11.7,50948.44178472009,0.0318957295750768,16.717325227963528,0.0,8.324113475177304,2.6403748733535966,-0.7679937756739417,-0.8790403529573888,0.11104657728344713,-0.7392454361446669,-0.028748339529274802,3,3
47161,20,0,0,,,0.0,13427.0,0.47054442541148433,25.844574365085276,0.0,17.304624090116928,12.9,48554.07276600321,0.0644596251532667,14.895360095330306,0.0,,,-0.26943083482722757,-1.0760024653671867,0.8065716305399591,-0.7392454361446669,0.4698146013174393,3,1
47163,334,3,12,1491001.0,3952822.0,0.03592814371257485,157050.0,0.6401146131805158,27.21610187838268,0.20512820512820512,16.82543177897485,13.5,49481.50653819324,0.0617020079869509,21.267112384590895,0.19102196752626552,9.493798153454314,25.169194524036932,0.05188929923632194,-0.3566869968382804,0.4085762960746024,-0.3571915272657736,0.40908082650209554,3,3
47165,294,3,11,11695199.0,7400205.0,0.03741496598639456,183437.0,0.6203546721762785,29.669419473715777,0.0,14.106295617405431,8.9,71231.15340143815,0.0301372160550122,16.027300926203548,0.163543887002077,63.7559434574268,40.341943010406844,-0.06912436304763452,-0.014551026947550727,-0.05457333610008379,-0.40820434673009165,0.3390799836824571,3,3
47167,60,0,3,251095.0,412877.0,0.05,61447.0,0.12420459908539067,26.59893241329927,0.0,15.496297783553308,14.8,64963.820950055735,0.0614798694232861,9.764512506713102,0.0,4.086367113121877,6.719237717056976,-0.47377210728834346,-1.1517819957368207,0.6780098884484773,-0.7392454361446669,0.2654733288563234,3,3
47169,16,0,2,362361.0,274601.0,0.125,10231.0,0.0,21.561294106147983,0.0,15.02594298465448,15.8,59695.9971240164,0.0628815628815628,15.638744990714496,0.0,35.41794545987685,26.840093832469943,-0.9182274965324838,-0.22979776762895743,-0.6884297289035264,-0.7392454361446669,-0.17898206038781694,3,3
47171,37,0,1,207936.0,372497.0,0.02702702702702703,17811.0,0.3452922351355904,28.2361518162933,0.0,16.54474509230251,12.3,44400.229390902976,0.0568642350557244,20.77367918701926,0.0,11.674583122789288,20.913873448992195,-0.26580630749102635,-0.36018165931961116,0.09437535182858481,-0.7392454361446669,0.4734391286536405,3,3
47173,17,0,2,361729.0,1109732.0,0.11764705882352941,19488.0,0.0,27.369919950738915,0.5,18.624357243123974,15.9,47347.87890000065,0.0843824005982799,8.723316912972086,0.0,18.561627668308702,56.94437602627258,-0.48473856143869054,-0.5311706309689846,0.04643206953029411,-0.7392454361446669,0.2545068747059763,3,3
47175,7,0,1,4041.0,2935.0,0.14285714285714285,5760.0,0.0,21.626302083333332,0.0,17.8717240078125,14.7,45284.20626633896,0.0980557903634826,12.152777777777779,0.0,0.7015625,0.5095486111111112,-0.9804253953176184,-1.589407771556069,0.6089823762384506,-0.7392454361446669,-0.24117995917295154,3,3
47177,55,1,5,727183.0,203337.0,0.09090909090909091,40702.0,0.37125939757260085,28.586482236745123,0.2222222222222222,18.185579029654562,17.6,43589.387292931126,0.0505289839100727,13.512849491425483,0.2456881725713724,17.86602623949683,4.995749594614515,0.11085526937114504,-0.7397232912832669,0.8505785606544118,-0.25911343892167005,0.3699687082928151,3,3
47179,216,2,5,472617.0,545467.0,0.023148148148148147,127805.0,0.6638159696412503,28.341622002269084,0.0,13.938764093196669,16.3,51230.381651465854,0.0451450468710412,16.90074723211142,0.15648840029732797,3.6979539141661126,4.267962912249129,0.3309026297997509,-0.9572978301874793,1.28820045998723,-0.4214972041995553,0.7523998339993061,3,3
47181,22,0,1,162771.0,148007.0,0.045454545454545456,16693.0,0.4822979692086503,23.931007008925896,0.0,17.401300816270293,18.0,43909.48443487559,0.0726599001127759,13.179176900497215,0.0,9.750853651231054,8.866411070508596,-0.08693771977783184,-0.7851980915335459,0.6982603717557141,-0.7392454361446669,0.652307716366835,3,3
47183,69,1,2,19831.0,619411.0,0.028985507246376812,33510.0,0.43751119068934646,29.00167412712623,0.09090909090909091,17.35684039626977,18.6,42330.19721137485,0.0557863501483679,20.590868397493285,0.29841838257236647,0.5917934944792599,18.48436287675321,0.27413505071013594,-0.8500542712628126,1.1241893219729486,-0.1685046210116976,0.44263967172183355,3,3
47185,29,0,2,134689.0,240719.0,0.06896551724137931,26800.0,0.5030597014925373,37.312932835820895,0.0,16.23298850097015,13.7,44514.70121649901,0.0645276931349704,10.82089552238806,0.0,5.02570895522388,8.98205223880597,0.6583834833131182,-1.013715688224835,1.6720991715379534,-0.7392454361446669,1.3976289194577851,3,3
47187,693,5,39,10301564.0,9759767.0,0.05627705627705628,225389.0,0.7630141666186017,24.57303816956462,0.0,10.842025253370839,4.9,119731.17002757658,0.0280209268069688,30.746842126279454,0.22183868777979404,45.70570879679133,43.301878086330746,-0.5329970130064828,0.2727995426015567,-0.8057965556080395,-0.3013622699812115,-0.23163474302527132,3,3
47189,207,0,16,5193928.0,6461499.0,0.07729468599033816,136666.0,0.5453660749564632,26.70003878067698,0.0,13.875502866177394,6.6,80544.70832284815,0.0378790011542467,15.146415348367553,0.0,38.004536607495645,47.279491607276135,-0.5089748711200465,-0.1283738032334829,-0.38060106788656356,-0.7392454361446669,0.2302705650246204,3,3
48001,93,1,4,259165.0,1404872.0,0.043010752688172046,57810.0,0.6838263276249784,24.5100484345269,0.09090909090909091,17.98531430608891,21.4,46059.01093773428,0.0322856855041805,16.087182148417227,0.17298045320878738,4.483047915585539,24.301539526033558,0.3812214995345071,-0.6555621016141492,1.0367836011486564,-0.3905508759375445,0.7717723754720516,3,3
48003,19,0,2,93609.0,346515.0,0.10526315789473684,18036.0,0.6849634065202928,24.80286094477711,0.0,11.816227818196941,11.4,80721.71568279757,0.0373644507307873,10.534486582390775,0.0,5.190119760479042,19.21240851630073,-0.20492032704392338,-0.8895756083115222,0.6846552812675988,-0.7392454361446669,0.5343251091007435,3,3
48005,163,1,4,924822.0,1515307.0,0.024539877300613498,87322.0,0.5604544101142896,27.28141361856119,0.23529411764705882,19.69745761954605,17.2,53476.36126663233,0.066382086805378,18.666544513410138,0.11451867799638121,10.590939282196926,17.35309543986624,0.1956184951063834,-0.4700208207627185,0.6656393158691019,-0.5022859968281221,0.6979044919345055,3,3
48007,37,0,2,216116.0,324890.0,0.05405405405405406,24462.0,0.5419017251246832,37.91269315673289,0.0,18.214974551263182,17.1,47841.80362896128,0.0746747124269281,15.125500776714905,0.0,8.834764123947346,13.281416073910556,0.9516637815559243,-0.6642643944609147,1.6159281760168391,-0.7392454361446669,1.6909092177005913,3,3
48009,30,0,0,,,0.0,8716.0,0.6628040385497935,28.8403166590179,0.0,14.172274600504817,9.7,67660.2683974288,0.0282461134223779,34.419458467186786,0.0,,,-0.03538776550735989,0.2643588209316588,-0.2997465864390187,-0.7392454361446669,0.703857670637307,3,1
48011,4,0,0,,,0.0,1973.0,1.0,14.7,0.0,14.463089,10.5,76844.51255288771,0.0100334448160535,20.27369488089204,0.0,,,-0.6614941840679434,-0.5884541161819093,-0.07304006788603401,-0.7392454361446669,0.07775125207672351,3,1
48013,80,3,2,464650.0,750524.0,0.025,45821.0,0.5456886580388904,23.755622967634924,0.0,16.882367007092817,18.4,58683.76940694043,0.0920884341311894,17.459243578271973,0.654721634185199,10.140546910805089,16.37947665917374,-0.006750162017636156,-0.5243804233225847,0.5176302613049486,0.36145229021031355,-0.36820245222794973,3,3
48015,86,1,3,1021757.0,2188773.0,0.03488372093023256,29764.0,0.13469291761859964,29.918485418626528,0.0,17.821550707230212,11.6,70173.34893898599,0.0572705685151557,28.893965864803118,0.3359763472651525,34.32861846526004,73.53759575325897,-0.4130005389118708,0.27413718878043053,-0.6871377276923013,-0.10618358165559391,-0.3068169572562769,3,3
48017,17,0,0,,,0.0,7100.0,0.0,23.0,0.0,15.39204,16.4,55405.42351278759,0.024786072587784,23.943661971830988,0.0,,,-0.7758320592553729,-0.32221931627594014,-0.45361274297943277,-0.7392454361446669,-0.03658662311070604,3,1
48019,64,0,7,1748222.0,3597526.0,0.109375,22215.0,0.5341886112986721,27.24301598019356,0.0,16.012647592032412,12.9,62176.220011930294,0.0438950554994954,28.80936304298897,0.0,78.69556605896916,161.9413009227999,-0.09752283006407421,0.6003018302043878,-0.697824660268462,-0.7392454361446669,0.6417226060805926,3,3
48021,163,1,5,1665458.0,1820565.0,0.03067484662576687,84522.0,0.4166134260902487,27.734994439317575,0.0,17.067411617661673,11.3,68467.93072246741,0.0598109053231446,19.28491990251059,0.11831239203994226,19.704431982205815,21.53954000141975,-0.286238835594316,-0.2848480686868359,-0.0013907669074801343,-0.4948593426114278,0.20862050701711177,3,3
48023,14,0,0,,,0.0,3577.0,0.0,25.5,0.0,14.817518,17.4,43180.25650885645,0.0240811153358681,39.138943248532286,0.0,,,-0.5309896115190899,0.4736110166910801,-1.00460062821017,-0.7392454361446669,0.208255824625577,3,1
48025,54,0,0,,,0.0,32611.0,0.8249363711631045,26.18345650240716,0.0,17.26666402983656,24.9,47249.305939070735,0.0795048143053645,16.558829842691118,0.0,,,0.8704810582420274,-0.9095021166329897,1.7799831748750172,-0.7392454361446669,1.6097264943866942,3,1
48027,492,3,12,1200719.0,1800702.0,0.024390243902439025,348574.0,0.8165611893027018,27.918437978736225,0.06153846153846154,16.21783625394895,11.5,58172.88588900261,0.0760896604998887,14.114649973893634,0.0860649388652051,3.444660244309673,5.165910251481751,0.17310719367930297,-1.0346048109970634,1.2077120046763663,-0.5588069835619381,0.7319141772412411,3,3
48029,2459,11,80,82345582.0,194110803.0,0.032533550223668155,1952843.0,0.9063544790851082,30.320778884938523,0.22950819672131148,17.911118903405445,14.7,60582.093848074524,0.0533873965196823,12.591898068610737,0.05632813288113791,42.16702622791489,99.39908277316712,0.642090577395322,-0.0649874950155096,0.7070780724108316,-0.6194816108341982,1.26157218822952,3,3
48031,49,1,2,997203.0,575795.0,0.04081632653061224,11478.0,0.4759539989545217,25.418740198640883,0.0,16.290245676424462,8.5,70368.37501222365,0.0508474576271186,42.69036417494337,0.8712319219376198,86.87950862519602,50.16509844920718,-0.5628228912628411,0.6189028057659024,-1.1817256970287435,0.6301925582719062,-1.1930154495347474,3,3
48033,5,0,0,,,0.0,613.0,1.0,18.9,0.0,11.954873,11.9,76513.81616783253,0.0253164556962025,81.56606851549755,0.0,,,-0.2672086312217192,1.6801722194983093,-1.9473808507200285,-0.7392454361446669,0.4720368049229477,3,1
48035,75,0,2,140297.0,172981.0,0.02666666666666667,18296.0,0.7415828596414517,25.986636423261917,0.0,16.98697938992129,11.7,55272.93297390329,0.042111801242236,40.9925666812418,0.0,7.668178836904241,9.454580236117184,-0.03815692718141193,-0.21703300479257856,0.17887607761116664,-0.7392454361446669,0.7010885089632549,3,3
48037,173,1,1,99101.0,520252.0,0.005780346820809248,93373.0,0.6833560022704637,28.41878915746522,0.05555555555555555,16.50611913132276,14.8,53170.043140731854,0.0564719679779721,18.52783995373395,0.10709734077302861,1.0613453567947908,5.571760573184968,0.2664301795116499,-1.0513902202282253,1.3178203997398752,-0.5168875429249453,0.7833177224365953,3,3
48039,528,4,21,3321417.0,7417764.0,0.03977272727272727,360677.0,0.7247925429123565,26.92241811925906,0.0392156862745098,16.49071491752177,9.4,86327.6553640696,0.0441373160945162,14.639136956334893,0.11090255269950676,9.208840596988441,20.566224073062603,-0.1275595478838317,-0.5960033949049431,0.4684438470211114,-0.5093885694963334,0.38182902161250165,3,3
48041,348,2,10,12725273.0,14425468.0,0.028735632183908046,222981.0,0.8083872616949426,32.87443235073841,0.11904761904761904,16.845462465914135,23.7,52128.1375429458,0.0395126621148079,15.606710885680844,0.0896937407223037,57.06886685412658,64.69370932949444,1.2717894017093438,0.03369089976026831,1.2380985019490756,-0.5515168246794302,1.823306226388774,3,3
48043,47,3,1,319682.0,801694.0,0.02127659574468085,9231.0,1.0,27.62529520095331,0.0,14.396478686491173,13.7,49901.23656537867,0.0423945462292288,50.91539378182212,3.2499187520311996,34.631350882894594,86.84801213303001,0.48440575623599663,0.6145237489036632,-0.1301179926676666,2.4229779123353032,-1.9385721560993066,3,3
48045,11,0,0,,,0.0,1457.0,1.0,22.0,0.0,15.510129000000001,13.9,42637.5752615864,0.0476190476190476,75.49759780370624,0.0,,,0.08267392220897089,1.552466143089071,-1.4697922208801,-0.7392454361446669,0.8219193583536377,3,1
48047,12,0,0,,,0.0,7141.0,0.703402884750035,30.956882789525274,0.5,20.773043081501193,29.7,30030.83550566852,0.1129143646408839,16.804369135975353,0.0,,,1.3822114898648519,-0.8862710641478951,2.268482554012747,-0.7392454361446669,2.1214569260095186,3,1
48049,96,4,5,571640.0,613195.0,0.052083333333333336,37855.0,0.6956544710077929,24.15602694492141,0.16666666666666666,17.92796931052701,14.8,51263.23930510917,0.0417398431097061,25.35992603354907,1.0566635847312111,15.100779289393738,16.198520670981377,-0.03388920313634691,-0.245442426609489,0.2115532234731421,0.8366977496423221,-0.870586952778669,3,3
48051,38,0,1,42537.0,91772.0,0.02631578947368421,18058.0,0.4432384538708606,21.91315760327833,0.0,17.937763144202016,13.9,61190.490402631185,0.0486440471847257,21.04330490641267,0.0,2.3555764758001994,5.08206888913501,-0.5274214963097572,-0.8895018973943881,0.3620804010846309,-0.7392454361446669,0.21182393983490966,3,3
48053,105,1,5,1315972.0,2464693.0,0.047619047619047616,46530.0,0.5247582205029013,25.452144852783153,0.0,16.31772640468515,9.9,63057.017114433045,0.0405380756953944,22.56608639587363,0.2149151085321298,28.282226520524393,52.96997635933806,-0.422196968153073,0.03927626927806651,-0.4614732374311395,-0.31378177379678035,-0.10841519435629265,3,3
48055,74,1,1,156495.0,868937.0,0.013513513513513514,42144.0,0.5284500759301443,32.517347665148066,0.0,17.69790944461845,13.7,57397.02129329621,0.0265820793792271,17.558845861807136,0.2372817008352316,3.7133399772209565,20.618284927866362,0.3330546563456847,-0.6726570059055321,1.0057116622512168,-0.2739122909152524,0.6069669472609371,3,3
48057,54,0,2,1039368.0,191647.0,0.037037037037037035,21668.0,1.0,21.928987446926342,0.2,19.848119643898837,14.6,62298.11130770384,0.0552610914801727,24.92154328964371,0.0,47.96787889976002,8.844701864500646,0.12007320414681444,-0.11068448457497389,0.2307576887217883,-0.7392454361446669,0.8593186402914813,3,3
48059,23,1,2,267961.0,104241.0,0.08695652173913043,13856.0,0.6576934180138568,23.22376587759815,0.0,16.104843340935336,12.7,51566.37765807642,0.0408196721311475,16.599307159353348,0.7217090069284064,19.338986720554274,7.5231668591224015,-0.2715201184763199,-0.5497015273153467,0.2781814088390268,0.44818365165505747,-0.7197037701313773,3,3
48061,341,3,11,2548681.0,1843695.0,0.03225806451612903,421666.0,0.7872368177657197,31.564172354422695,0.08139534883720931,18.33191660117012,23.5,41080.54644861823,0.0577919419916963,8.086969307461356,0.07114635754364829,6.044312323023435,4.372406122381221,1.1402680677160617,-1.241255995529542,2.3815240632456036,-0.5890361258106404,1.7293041935267022,3,3
48063,25,1,0,,,0.0,12878.0,0.38041621369777917,30.842545426308433,0.0,19.03654372223948,17.6,51095.771263959425,0.0673229038495341,19.4129523217891,0.7765180928715639,,,0.28678568865951876,-0.6575465498104343,0.9443322384699531,0.5166731775604065,-0.22988748890088778,3,1
48065,16,2,0,,,0.0,6009.0,0.3546347145947745,19.16039274421701,0.0,13.832950272591114,9.1,79358.65301875598,0.0226666666666666,26.626726576801467,3.3283408221001833,,,-1.118326485019059,-0.15131229396550475,-0.9670141910535544,2.462938813903073,-3.5812652989221316,3,1
48067,58,1,1,59295.0,48070.0,0.017241379310344827,30059.0,0.3041684686782661,24.544272929904523,0.14285714285714285,20.3512337360857,16.5,47535.4855030608,0.07610103626943,19.295385741375295,0.33267906450647056,1.9726205129911174,1.5991882630826042,-0.32630019466258525,-1.1214544623387324,0.7951542676761472,-0.11158425578960167,-0.21471593887298357,3,3
48069,19,0,0,,,0.0,7673.0,0.7234458490811938,20.938277075459403,0.0,14.62606671210739,17.7,53146.724805888225,0.0239369191776964,24.76215300404014,0.0,,,-0.06393038428796786,-0.2682078045957744,0.20427742030780655,-0.7392454361446669,0.675315051856699,3,1
48071,61,0,1,89367.0,47767.0,0.01639344262295082,41305.0,0.13071056772787798,30.596826050114995,0.0,17.037214924173828,8.6,96602.561635624,0.0562263021353023,14.768187870717831,0.0,2.1635879433482628,1.1564459508534075,-0.5500822324983509,-1.2831843796836198,0.7331021471852689,-0.7392454361446669,0.189163203646316,3,3
48073,118,3,4,2005782.0,3760942.0,0.03389830508474576,52118.0,0.6119574811005795,24.452269849188383,0.0,18.455377839326143,18.9,51073.512853426866,0.0621063356798814,22.64093019686097,0.5756168694117195,38.485398518745924,72.16205533596838,0.14681159524375942,0.16463126393283942,-0.017819668689079998,0.2543927181892587,-0.10758112294549926,3,3
48075,21,0,0,,,0.0,7253.0,0.6806838549565697,21.93377912587895,0.0,14.713212892458294,19.9,45768.59167649992,0.0814552479072762,28.953536467668552,0.0,,,0.09691370961399211,-0.016037690781160574,0.11295140039515268,-0.7392454361446669,0.836159145758659,3,1
48077,31,0,0,,,0.0,10403.0,1.0,25.35997308468711,0.0,15.234328848312988,11.7,59344.10225273973,0.0535446562433069,29.79909641449582,0.0,,,0.19593895175085507,0.03053161821158932,0.16540733353926576,-0.7392454361446669,0.9351843878955219,3,1
48079,4,0,0,,,0.0,2887.0,1.0,35.4,0.0,17.201255,22.0,43416.619630226014,0.0813688212927756,13.855213023900243,0.0,,,1.5618735157218886,-1.189216352264711,2.7510898679865994,-0.7392454361446669,2.3011189518665556,3,1
48081,14,0,0,,,0.0,3303.0,1.0,26.04741144414169,0.0,16.87396943687557,13.0,47696.5939983441,0.0288397048960429,42.38570996064184,0.0,,,0.3256803869791169,0.6037321210703702,-0.27805173409125333,-0.7392454361446669,1.0649258231237837,3,1
48083,26,0,1,108144.0,155684.0,0.038461538461538464,8334.0,1.0,27.072306215502756,0.0,16.860196396928245,17.7,49544.042072546625,0.0338243316966721,31.197504199664024,0.0,12.976241900647949,18.680585553155748,0.6872847178610714,-0.1403013646991449,0.8275860825602163,-0.7392454361446669,1.4265301540057382,3,3
48085,1558,9,68,19189747.0,15127909.0,0.043645699614890884,973977.0,0.8844746847204811,27.614558146650282,0.039473684210526314,16.176421010588545,6.4,102720.44475914491,0.0371738846794582,15.996270959170495,0.09240464610560618,19.70246422656798,15.532100860697943,-0.08616182697384885,-0.44141367435754697,0.35525184738369814,-0.5460865185220638,0.45992469154821497,3,3
48087,17,0,0,,,0.0,2969.0,0.0,36.5,0.0,16.846267,18.9,41464.23904922714,0.088950660180681,57.258336140114515,0.0,,,0.3697303652451249,1.0968226750998258,-0.7270923098547009,-0.7392454361446669,1.108975801389792,3,1
48089,55,1,4,105261.0,1101037.0,0.07272727272727272,21224.0,0.5716641537881644,25.016957218243498,0.0,17.42788152497173,14.5,55708.56186575483,0.0345629105608893,25.914059555220504,0.47116471918582736,4.959526950621937,51.87697889182058,-0.12325410205352806,-0.24590797441182097,0.1226538723582929,0.1044828050040631,-0.22773690705759114,3,3
48091,238,2,11,13954987.0,9192413.0,0.046218487394957986,141642.0,0.3807557080526962,27.708609734400813,0.0,15.481319396414907,7.1,84726.1097300363,0.0341825499832295,16.80292568588413,0.14120105618390025,98.52294517162989,64.89892122393076,-0.5828077201671592,0.19334591100019172,-0.7761536311673509,-0.45057966684519296,-0.13222805332196624,3,3
48093,40,1,1,331964.0,40057.0,0.025,13529.0,0.700643063049745,22.477041909971174,0.0,17.17666632611427,17.6,56722.90943145295,0.0348893555160717,29.566117229654814,0.7391529307413703,24.537216350062828,2.9608248946707074,0.018477580190247627,-0.3342315818149128,0.35270916200516045,0.4702153331651201,-0.45173775297487245,3,3
48095,9,0,0,,,0.0,3266.0,1.0,32.1,0.0,18.067423,22.2,50346.40477602988,0.0130861504907306,27.556644213104715,0.0,,,1.3312373211853934,-0.09593027221996238,1.4271675934053558,-0.7392454361446669,2.07048275733006,3,1
48097,79,1,3,582459.0,432376.0,0.0379746835443038,40041.0,0.5403960940036463,26.75128243550361,0.0,17.170218020254236,12.5,63809.56337529581,0.0449260303794963,19.729776978596938,0.249744012387303,14.546564771109612,10.798331709997253,-0.1513305980945441,-0.45765337957437774,0.3063227814798336,-0.25200916881675367,0.10067857072220956,3,3
48099,104,1,3,601468.0,3603436.0,0.028846153846153848,75280.0,0.7063761955366631,22.274238841657812,0.0,13.365291560414454,12.2,56062.576585653645,0.0800796202725463,13.81509032943677,0.1328374070138151,7.989744952178533,47.86710945802338,-0.3190449653853868,-0.5017614025192494,0.1827164371338626,-0.4666558897646124,0.14761092437922563,3,3
48101,5,0,0,,,0.0,1642.0,1.0,29.0,0.0,16.194859,20.1,34240.854869255694,0.0834473324213406,30.45066991473812,0.0,,,0.9752655679865851,0.06555305815429244,0.9097125098322927,-0.7392454361446669,1.7145110041312521,3,1
48103,18,0,0,,,0.0,4802.0,1.0,28.5,0.0,12.411649,11.7,69922.14687726137,0.0137994480220791,37.48438150770512,0.0,,,0.42698269745362866,0.4031922937095829,0.02379040374404573,-0.7392454361446669,1.1662281335982956,3,1
48105,7,0,0,,,0.0,3484.0,0.0,31.6,0.0,13.070298,15.3,50225.57340456741,0.0,20.091848450057405,0.0,,,-0.21002370851512944,-0.602815196725857,0.3927914882107276,-0.7392454361446669,0.5292217276295375,3,1
48107,16,0,0,,,0.0,5836.0,0.0,27.858019191226866,0.0,17.746325017477723,21.7,43201.454995077926,0.0536121673003802,27.41603838245374,0.0,,,-0.09565054490410525,-0.10418741877788072,0.008536873873775469,-0.7392454361446669,0.6435948912405616,3,1
48109,8,0,0,,,0.0,2214.0,0.0,27.5,0.0,16.978737,20.5,40171.13138971647,0.0920577617328519,36.133694670280036,0.0,,,-0.19506405866334267,0.3434244363519506,-0.5384884950152933,-0.7392454361446669,0.5441813774813242,3,1
48111,23,0,1,26213.0,264351.0,0.043478260869565216,7304.0,1.0,20.79066265060241,0.0,14.253175189759036,12.2,62335.20865859144,0.0190880169671261,31.48959474260679,0.0,3.588855421686747,36.19263417305586,-0.10982573372509156,-0.26501236343767154,0.15518662971257996,-0.7392454361446669,0.6294197024195753,3,3
48113,5972,53,170,429212503.0,328108642.0,0.028466175485599463,2606868.0,0.8647810322578665,30.310477515547394,0.3761814744801512,19.899528951445564,13.8,63178.90841020659,0.0476701648431439,22.908716513455992,0.2033091050256476,164.64681103914737,125.86315916264267,0.5414510428255146,0.59389357935807,-0.05244253653255537,-0.33476023007133865,0.8762112728968532,3,3
48115,27,2,0,,,0.0,12813.0,1.0,26.796768906579256,0.0,17.151506600639976,19.7,45830.06728654223,0.0577246011754827,21.07234839616015,1.560914696011863,,,0.7887946284300574,-0.5268016363800455,1.315596264810103,1.3159365717925806,-0.5271419433625232,3,1
48117,30,1,1,96532.0,556464.0,0.03333333333333333,18736.0,1.0,19.99060098206661,0.0,14.286600565595645,16.5,52679.29818470444,0.0382426587753243,16.01195559350982,0.533731853116994,5.152220324508967,29.700256191289498,0.09314117470439716,-0.5961798456642451,0.6893210203686423,0.1955084085330672,-0.10236723382867004,3,3
48119,15,0,0,,,0.0,5249.0,0.0,23.180739188416844,0.0,15.506889679176988,15.1,54096.4169886108,0.0297117516629711,28.576871785101925,0.0,,,-0.8416928342201618,-0.03720737041312166,-0.8044854638070402,-0.7392454361446669,-0.10244739807549497,3,1
48121,1165,5,49,11591225.0,11177467.0,0.04206008583690987,833822.0,0.7977110222565488,27.499765777348166,0.021897810218978103,16.340246833586782,6.1,92121.2016484018,0.0386233423662972,13.97180693241483,0.059964836619806144,13.90131826696825,13.405099649565495,-0.20695511041302853,-0.6112747164964177,0.40431960608338924,-0.6119702846537957,0.40501517424076716,3,3
48123,62,0,3,996167.0,6303478.0,0.04838709677419355,20340.0,0.0,28.334823008849554,0.0,18.11713241307768,18.3,58674.23008814076,0.0719788155994222,30.481809242871186,0.0,48.97576204523107,309.9055063913471,-0.2676000262842537,0.6472561982786169,-0.9148562245628706,-0.7392454361446669,0.47164540986041315,3,3
48125,9,0,0,,,0.0,2203.0,0.0,18.2,0.0,15.237037999999998,18.4,45089.18019310129,0.0974178403755868,40.85338175215615,0.0,,,-1.0072329279987993,0.5435798231538583,-1.5508127511526575,-0.7392454361446669,-0.2679874918541324,3,1
48127,14,0,0,,,0.0,10438.0,1.0,25.80567158459475,0.0,18.045115229545893,27.3,28788.604213089424,0.1337148803329864,13.412531136232994,0.0,,,1.1786486914360659,-1.2398253893886373,2.418474080824703,-0.7392454361446669,1.9178941275807326,3,1
48129,13,0,1,4485.0,5343.0,0.07692307692307693,3342.0,0.44614003590664275,23.714003590664273,0.0,14.474208644524236,16.9,45535.408328063575,0.0254071661237785,38.898862956313586,0.0,1.3420107719928187,1.5987432675044884,-0.20909269904392583,-0.7977924842915153,0.5886997852475895,-0.7392454361446669,0.5301527371007411,3,3
48131,18,0,0,,,0.0,11268.0,0.2957046503372382,24.624068157614484,0.0,18.44602165033724,29.1,43654.04267590667,0.0973006905210295,15.974440894568689,0.0,,,0.43763286837412174,-0.9661258098060463,1.403758678180168,-0.7392454361446669,1.1768783045187887,3,1
48133,59,2,3,564502.0,2125618.0,0.05084745762711865,18273.0,0.5220270344223719,21.651102719859903,0.0,17.204207684835552,16.3,39509.738619606105,0.0483216025988088,32.28807530235867,1.094511027198599,30.892683193783178,116.32561703059159,-0.31513101659666604,0.39601501644352494,-0.711146033040191,0.8765508057130901,-1.191681822309756,3,3
48135,175,0,0,,,0.0,160579.0,0.928079014067842,24.9739218702321,0.0,18.01834943427223,11.7,66746.61364128273,0.0607222514597899,10.898062635836567,0.0,,,0.08954814691418361,-1.560552338711866,1.6501004856260497,-0.7392454361446669,0.8287935830588504,3,1
48137,6,0,0,,,0.0,1918.0,1.0,22.3,0.0,16.452737,19.7,43208.874465255445,0.0,31.282586027111574,0.0,,,0.4579215627664437,0.10922782015672672,0.348693742609717,-0.7392454361446669,1.1971669989111104,3,1
48139,308,2,17,2052583.0,6915799.0,0.05519480519480519,160824.0,0.5575349450330797,29.86766838282844,0.034482758620689655,17.35956016043626,7.4,81477.44171659353,0.0340239197094332,19.151370442222554,0.12435954832612049,12.762914739093668,43.00228199771178,-0.21399161418509272,-0.25472563919188035,0.04073402500678763,-0.48307323080912407,0.26908161662403135,3,3
48141,755,8,15,3127021.0,7161675.0,0.019867549668874173,836062.0,0.8408036724549136,30.42150988802266,0.32919254658385094,18.564241373703148,18.5,49679.712384364146,0.0607177994096991,9.03043075752755,0.09568668352347075,3.7401783599780876,8.565961615286904,0.8098141752769604,-1.1668322098156463,1.9766463850926068,-0.5395301634004214,1.3493443386773818,3,3
48143,73,4,4,840448.0,909876.0,0.0547945205479452,41841.0,0.7414497741449774,29.64368442436844,0.0,16.816352266246028,15.8,55902.52801468143,0.0356885537249627,17.447001744700174,0.9560000956000095,20.08670920867092,21.74603857460386,0.4804422068281828,-0.33202036384399386,0.8124625706721766,0.7270210411024389,-0.24657883427425614,3,3
48145,40,0,2,111098.0,345287.0,0.05,17272.0,0.3074918943955535,33.95083950903196,0.0,18.74561867867068,20.1,41863.83051450215,0.0491517361661645,23.158869847151458,0.0,6.432260305697082,19.991141732283463,0.5886515034686634,-0.42942616879261125,1.0180776722612745,-0.7392454361446669,1.3278969396133302,3,3
48147,91,2,3,928353.0,2828460.0,0.03296703296703297,34537.0,0.601760430842285,24.366389669050584,0.0,16.624982453021396,14.2,57922.74375158907,0.0380042608755412,26.34855372499059,0.579089092856936,26.879954831050757,81.89651677910646,-0.15675669930810954,0.19150412056424748,-0.348260819872357,0.2592036922391483,-0.41596039154725784,3,3
48149,166,2,3,523360.0,4619477.0,0.018072289156626505,25141.0,0.4633069488087188,25.256907044270317,0.0,16.272865671373456,9.3,63795.78435925184,0.0328037784456848,66.02760431168211,0.7955133049600255,20.816992164193945,183.74277077284117,-0.5397304065449229,0.7863485488117927,-1.3260789553567156,0.5399175076133066,-1.0796479141582296,3,3
48151,24,1,0,,,0.0,3856.0,0.5025933609958506,25.82847510373444,0.0,14.93211885580913,14.3,48911.267258835265,0.0436485730274202,62.24066390041494,2.5933609958506225,,,-0.15061544599521245,1.234099002682821,-1.3847144486780334,2.0562222777859787,-2.206837723781191,3,1
48153,26,0,0,,,0.0,5803.0,0.5874547647768396,22.22774427020507,0.0,14.72547226296743,20.3,53610.97165413877,0.0498098859315589,44.80441151128726,0.0,,,0.04181070826408632,0.6944858489072212,-0.6526751406431349,-0.7392454361446669,0.7810561444087532,3,1
48155,7,0,0,,,0.0,1275.0,1.0,19.9,0.0,16.048185,16.8,46239.19807061692,0.0923566878980891,54.90196078431373,0.0,,,0.10474233743811719,1.0277536190892453,-0.9230112816511281,-0.7392454361446669,0.8439877735827841,3,1
48157,1117,6,37,5202052.0,5113894.0,0.03312444046553268,765394.0,0.8749781158462178,30.118105446345286,0.02631578947368421,16.3909159389308,8.5,103600.1819373366,0.0510889461111283,14.593790910302406,0.07839099862293145,6.796567519473631,6.681387625196957,0.2156255461079057,-0.8506737930464872,1.066299339154393,-0.5743042658486464,0.7899298119565521,3,3
48159,23,1,2,130254.0,1272089.0,0.08695652173913043,10716.0,0.7500933184023889,25.8212579320642,0.0,17.256463100037326,14.1,57005.90922250979,0.0636221701795472,21.463232549458755,0.933184023889511,12.155095184770436,118.70931317655841,0.1050433160261378,-0.017268310630227195,0.122311626656365,0.7013778887803044,-0.5963345727541666,3,3
48161,50,1,1,105032.0,340279.0,0.02,19714.0,0.7373947448513747,34.226848939839705,0.0,18.70397747423151,15.4,52435.51559315735,0.0435019032082653,25.362686415745156,0.5072537283149031,5.327787359237091,17.26077914172669,0.7889185440998642,-0.4426987872434735,1.2316173313433376,0.1574484860268946,0.6314700580729695,3,3
48163,20,0,0,,,0.0,19871.0,0.6523577072115143,27.800322077399223,0.0,18.526528424286653,25.6,49529.203132191586,0.0672103487064117,10.064918725781288,0.0,,,0.8449448832482199,-1.6819960067517898,2.52694089000001,-0.7392454361446669,1.5841903193928868,3,1
48165,30,0,2,497175.0,476195.0,0.06666666666666667,20706.0,0.3070124601564764,20.5899304549406,0.0,13.866546185018837,13.4,66832.46751047975,0.0541441545005173,14.488554042306578,0.0,24.011156186612578,22.997923307253934,-0.8029428327444309,-0.38137709362502864,-0.42156573911940226,-0.7392454361446669,-0.06369739659976403,3,3
48167,680,3,19,5988049.0,7711537.0,0.027941176470588237,332885.0,0.8947504393409136,30.079517250702192,0.045454545454545456,16.55206605327065,11.5,77724.2497310794,0.0622502792094937,20.42747495381288,0.0901212130315274,17.988341319074156,23.16576895925019,0.41690166257012445,-0.2605945240024141,0.6774961865725386,-0.5506596438973494,0.967561306467474,3,3
48169,13,0,1,294102.0,443658.0,0.07692307692307693,6070.0,1.0,28.5,0.0,15.238357,18.5,52600.863785684945,0.0256152687091913,21.4168039538715,0.0,48.45172981878089,73.09028006589786,0.8410482816856725,0.18758807045099413,0.6534602112346783,-0.7392454361446669,1.5802937178303393,3,3
48171,79,2,4,677322.0,3323663.0,0.05063291139240506,26459.0,0.3320231301258551,29.272927926225478,0.0,16.21219048629956,10.0,62699.822621601,0.0427655024946543,29.857515401186742,0.7558864658528289,25.59892664121849,125.61559393779055,-0.3439596342799815,0.32744918910301846,-0.671408823383,0.491143105521964,-0.8351027398019455,3,3
48173,2,0,0,,,0.0,1510.0,1.0,10.4,0.0,12.800440000000002,8.1,83157.42174964632,0.0,13.245033112582782,0.0,,,-1.1240297525975542,-1.259380839097408,0.13535108649985372,-0.7392454361446669,-0.38478431645288735,3,1
48175,22,1,0,,,0.0,7565.0,1.0,29.65086582947786,0.0,16.524543096497027,13.8,64326.80643910007,0.0496019595835884,29.081295439524123,1.3218770654329148,,,0.6395368074983081,-0.008917670763295624,0.6484544782616037,1.1017809708729185,-0.4622441633746104,3,1
48177,51,1,1,111009.0,30555.0,0.0196078431372549,20731.0,1.0,23.229911726400076,0.0,18.254157033283487,17.6,56787.564814428486,0.033556310999013,24.600839322753366,0.4823693984853601,5.354734455646134,1.4738796970720178,0.39847143986908334,-0.8315604949469622,1.2300319348160456,0.12106505974083498,0.27740638012824836,3,3
48179,66,0,3,499427.0,777251.0,0.045454545454545456,22410.0,1.0,26.733618920124947,0.0,14.073609653012047,17.3,50825.490564635475,0.0552237241957455,29.451137884872825,0.0,22.285899152164212,34.68322177599286,0.638007246623521,0.05374733623576838,0.5842599103877527,-0.7392454361446669,1.377252682768188,3,3
48181,246,5,1,135726.0,64065.0,0.0040650406504065045,131014.0,0.5123269268933092,28.182125574366097,0.0,16.85082081044774,10.9,58099.75111153848,0.045510743853389,18.776619292594685,0.38163860350802203,1.035965621994596,0.48899354267482864,-0.17391195001811674,-1.3244736143443365,1.1505616643262198,-0.032733145529560546,-0.1411788044885562,3,3
48183,262,2,8,1363808.0,2084473.0,0.030534351145038167,123443.0,0.789222556159523,30.531393436646873,0.24,18.410544923746183,16.0,53187.00192970904,0.0466552493642638,21.224370762214136,0.16201809742148196,11.048078870409825,16.88611747932244,0.6097391946356506,-0.3980187576637506,1.0077579522994013,-0.4110721598550279,1.0208113544906785,3,3
48185,63,1,1,10775.0,496903.0,0.015873015873015872,27984.0,0.7190894797026872,26.494564751286447,0.0,18.79883701179245,14.9,56083.775071875134,0.0588339066772514,22.51286449399657,0.357347055460263,0.3850414522584334,17.756682389937108,0.1696809879490514,-0.8406758980008715,1.010356885949923,-0.0715000283327878,0.2411810162818392,3,3
48187,208,3,6,647141.0,731191.0,0.028846153846153848,158966.0,0.7031755218096951,25.643608067133854,0.0,15.615603720902584,8.1,78960.12147779202,0.0357810104237801,13.084558962293825,0.1887196004176994,4.070939697797013,4.5996691116339345,-0.3242539039382297,-1.0625299932181347,0.738276089279905,-0.3614204424165841,0.03716653847835438,3,3
48189,76,1,0,,,0.0,33826.0,0.7040146632767693,22.921403653993973,0.0,14.561665164400164,19.3,51283.377867019575,0.0476348437603662,22.46792408206705,0.295630580027198,,,0.158346073965052,-0.42423969694255104,0.582585770907603,-0.17320213485572963,0.3315482088207816,3,1
48191,16,0,0,,,0.0,3048.0,1.0,23.1,0.0,17.0853,22.1,36750.755637879665,0.1021739130434782,52.493438320209975,0.0,,,0.6629265012189149,0.9540796137391246,-0.2911531125202097,-0.7392454361446669,1.402171937363582,3,1
48193,31,2,1,100622.0,246818.0,0.03225806451612903,8332.0,0.686029764762362,21.39912385981757,0.0,16.373339949111855,13.7,53870.653110351974,0.0204022988505747,37.205952952472394,2.4003840614498317,12.07657225156025,29.62289966394623,-0.3141600503665911,0.022852536053500006,-0.33701258642009113,1.9355826687102322,-2.2497427190768233,3,3
48195,16,0,0,,,0.0,5520.0,0.0,32.73626811594203,0.0,15.093243463043478,11.6,40277.123820823916,0.0431277710600564,28.985507246376812,0.0,,,-0.3517172874111875,-0.014253111297905583,-0.33746417611328194,-0.7392454361446669,0.38752814873347935,3,1
48197,18,0,0,,,0.0,3945.0,1.0,23.9,0.0,17.501865,16.4,44367.37173725968,0.0770482908301682,45.627376425855516,0.0,,,0.37470625845380406,0.7242753954631606,-0.3495691370093565,-0.7392454361446669,1.1139516945984709,3,1
48199,95,1,2,47623.0,44283.0,0.021052631578947368,56765.0,0.5797938870783053,29.659711089579847,0.0,16.895631591350305,11.5,63954.77300591299,0.0351847399214554,16.7356645820488,0.17616489033735577,0.8389500572535894,0.7801109838809125,0.044499771701820345,-1.374572081204919,1.4190718529067392,-0.384625619954471,0.4291253916562913,3,3
48201,7090,29,238,109414523.0,123739092.0,0.033568406205923836,4646630.0,0.8607089439012789,30.3820724482044,0.5229007633587787,20.76735548306859,16.0,65402.629614840494,0.0581843646901489,15.258370044526895,0.06241082246703525,23.54707024230464,26.629856907048765,0.6762659745652431,-0.3321810638265114,1.0084470383917545,-0.6069327744800069,1.2831987490452499,3,3
48203,126,0,2,1171089.0,412142.0,0.015873015873015872,66580.0,0.48259237008110545,28.6189411234605,0.0,18.147467514103337,17.2,55349.24752430064,0.0539826605256028,18.92460198257735,0.0,17.589200961249624,6.190177230399519,0.20960694177839279,-0.5323613591661841,0.7419683009445769,-0.7392454361446669,0.9488523779230597,3,3
48205,8,0,0,,,0.0,5669.0,1.0,22.2,0.0,12.077556,8.5,61791.46748701032,0.0039643211100099,14.111836302698888,0.0,,,-0.23142682926500888,-1.1605643396830492,0.9291375104180403,-0.7392454361446669,0.507818606879658,3,1
48207,24,1,0,,,0.0,5726.0,0.6297589940621725,24.78096402375131,0.0,15.950734106182326,19.3,42728.72875233879,0.1221737405791352,41.914076143905,1.7464198393293746,,,0.2146562389527372,0.585447246256764,-0.3707910073040268,1.4687777944268494,-1.2541215554741123,3,1
48209,320,1,14,3268551.0,6195118.0,0.04375,213366.0,0.2729394561457777,31.650958446987808,0.0,15.272289463049407,9.8,72834.81888409359,0.0461265831581507,14.997703476655136,0.046867823364547305,15.318987092601445,29.035169614652755,-0.2452275022347,-0.41675019866647234,0.17152269643177234,-0.6391429274482514,0.3939154252135514,3,3
48211,16,0,2,895549.0,13579152.0,0.125,3994.0,0.0,19.1,0.0,14.241978,10.1,74857.15446962338,0.0505154639175257,40.0600901352028,0.0,224.2235853780671,3399.8878317476215,-1.4464143467327812,1.5784582871262902,-3.0248726338590712,-0.7392454361446669,-0.7071689105881144,3,3
48213,139,2,5,1803919.0,6777050.0,0.03597122302158273,81070.0,0.4245343530282472,29.073944739114342,0.23529411764705882,19.841227331540644,16.9,50192.715750924115,0.0499793595565253,17.145676575798692,0.2467003823855927,22.2513753546318,83.59504132231405,0.16186534456682541,-0.07399373398622984,0.23585907855305527,-0.25733827329541253,0.4192036178622379,3,3
48215,523,8,20,12611283.0,16297869.0,0.03824091778202677,855176.0,0.8751812492399226,32.153785068804545,0.23893805309734514,19.6788154573199,26.9,42411.81138332757,0.0691993225320506,6.115700159967071,0.09354799479873149,14.747002956116635,19.05791205553009,1.4860442373499758,-0.9519002227504904,2.437944460100466,-0.5438002773001024,2.0298445146500783,3,3
48217,79,1,0,,,0.0,35689.0,0.20659026590826304,26.89220488105579,0.0,18.055000059906412,14.2,56501.38525043842,0.0628151388129518,22.13567205581552,0.280198380453361,,,-0.3993961553907408,-0.44809297200134823,0.04869681661060743,-0.1993899982000176,-0.2000061571907232,3,1
48219,47,0,0,,,0.0,23064.0,0.9383021158515436,27.31399150190773,0.0,14.99860799163198,15.1,51139.228160713465,0.0750909090909091,20.37807839056538,0.0,,,0.47984875821833134,-0.5802659222510359,1.0601146804693673,-0.7392454361446669,1.2190941943629983,3,1
48221,105,0,3,832170.0,1319188.0,0.02857142857142857,58318.0,0.439178298295552,30.159674543022735,0.0,17.357712776312628,8.1,67878.6128055101,0.0376977970834626,18.004732672588226,0.0,14.269522274426421,22.620597414177443,-0.2782173741643413,-0.38042891697123943,0.10221154280689815,-0.7392454361446669,0.4610280619803256,3,3
48223,67,1,3,411426.0,307528.0,0.04477611940298507,36486.0,0.7015293537247164,23.438340733432003,0.0,17.275900982678284,13.0,55198.73827212809,0.042386735170481,18.36320780573371,0.27407772844378664,11.276270350271338,8.428657567286082,-0.1899320493604625,-0.5902974400445412,0.4003653906840787,-0.20986405051247103,0.01993200115200852,3,3
48225,61,1,1,275281.0,1430200.0,0.01639344262295082,22954.0,0.811971769626209,35.62488455171212,0.0,18.643258903981877,21.8,40175.37108696077,0.0183748955971841,26.574888908251285,0.43565391652870955,11.99272457959397,62.30722314193605,1.362360114064827,-0.02473445660140709,1.387094570666234,0.05108194890640617,1.3112781651584207,3,3
48227,61,1,1,20716.0,2522.0,0.01639344262295082,36349.0,0.6367437893752236,27.32511760983796,0.0,14.682120120085834,18.0,57456.377054716366,0.0699050591754454,16.78175465624914,0.275110732069658,0.5699193925555036,0.06938292662796776,0.3302696472372984,-1.5036441083287846,1.833913755566083,-0.20809278369733,0.5383624309346284,3,3
48229,13,0,0,,,0.0,4415.0,1.0,18.6,0.0,18.477108,32.0,33575.222401901025,0.0659163987138263,29.44507361268403,0.0,,,0.9346464681634457,0.011191293180029335,0.9234551749834163,-0.7392454361446669,1.6738919043081126,3,1
48231,167,1,8,3449412.0,3388036.0,0.04790419161676647,94162.0,0.3244302372506956,28.018132580021664,0.10526315789473684,18.93678105494785,12.7,58252.380212333184,0.0507253029746603,17.735392196427433,0.10619995327202056,36.6327393215947,35.98092648839234,-0.2801124044182362,-0.10324835240387488,-0.17686405201436134,-0.5186597903229453,0.23854738590470909,3,3
48233,44,0,1,34183.0,96247.0,0.022727272727272728,21344.0,0.6614973763118441,25.88205584707646,0.0,14.659788059876314,14.3,55671.464514867235,0.0668508874481879,20.614692653673163,0.0,1.6015273613193404,4.509323463268366,0.025629225756646428,-0.9757554823928748,1.0013847081495213,-0.7392454361446669,0.7648746619013133,3,3
48235,7,0,0,,,0.0,1620.0,1.0,23.9,0.0,15.483823,8.9,50346.40477602988,0.0581560283687943,43.20987654320987,0.0,,,-0.08198372415506772,0.6352123616061375,-0.7171960857612052,-0.7392454361446669,0.6572617119895992,3,1
48237,19,1,0,,,0.0,8852.0,1.0,20.920808856755535,0.0,16.424184220515137,13.2,55163.76076986264,0.0393700787401574,21.46407591504745,1.1296882060551288,,,-0.03935755476597613,-0.4973728477518117,0.45801529298583554,0.9129515876790907,-0.9523091424450668,3,1
48239,37,0,1,643852.0,274816.0,0.02702702702702703,14816.0,1.0,23.75315874730022,0.0,17.84676860259179,14.0,66569.60628133333,0.0336651053864168,24.973002159827214,0.0,43.45653347732181,18.548596112311014,0.2177608582106534,-0.0030010206742423495,0.22076187888489576,-0.7392454361446669,0.9570062943553203,3,3
48241,64,2,1,42417.0,41690.0,0.015625,35506.0,0.34081563679378135,38.98017236523405,0.375,20.66012286965583,16.6,47028.84168236728,0.0820834469593673,18.02512251450459,0.5632850785782685,1.1946431589027207,1.1741677462964006,0.781722200785062,-1.2585980542078075,2.0403202549928694,0.2372201719278034,0.5445020288572586,3,3
48243,7,0,2,714925.0,4046217.0,0.2857142857142857,2241.0,1.0,16.2,0.0,13.01458,12.8,56269.261826313144,0.0426599749058971,31.236055332440877,0.0,319.02052655064705,1805.540829986613,-0.41107231936816263,1.4037818624984462,-1.8148541818666089,-0.7392454361446669,0.32817311677650424,3,3
48245,479,1,18,5242717.0,6726788.0,0.037578288100208766,254340.0,0.8864472753007785,27.492264685067234,0.4027777777777778,19.255369371923408,20.1,54319.00109393641,0.0490054589947919,18.833058111189747,0.03931744908390344,20.613025870881497,26.448014468821263,0.7411990781743351,-0.25101219154932813,0.9922112697236631,-0.6549627483357957,1.3961618265101308,3,3
48247,5,0,0,,,0.0,5231.0,0.5394761995794303,37.77629516344867,0.5,20.215000483463964,24.6,35382.39335228273,0.1064025794564716,9.558401835213152,0.0,,,1.3956875387295433,-1.7603828992842434,3.1560704380137867,-0.7392454361446669,2.1349329748742103,3,1
48249,56,0,2,752873.0,-212777.0,0.03571428571428571,40972.0,0.5870106414136483,30.34953138728888,0.0,18.068064671580593,21.2,43992.158531139365,0.05213943303545,13.66787074099385,0.0,18.37530508640047,-5.1932295226008005,0.6937344942150361,-1.4031341662387398,2.096868660453776,-0.7392454361446669,1.432979930359703,3,3
48251,260,2,9,1898357.0,2661065.0,0.03461538461538462,167212.0,0.48179556491160924,27.600123196899744,0.03571428571428571,17.83949841155539,9.9,68215.66873643173,0.0354207920792079,15.549123268664927,0.11960864052819176,11.352995000358826,15.91431835035763,-0.31073343645848567,-0.5672943742565917,0.256560937798106,-0.4923275529977067,0.18159411653922103,3,3
48253,47,2,0,,,0.0,19943.0,0.37376523090808805,16.293195607481323,0.0,13.150515308980594,20.5,53360.82951672523,0.0323580701414454,23.567166424309285,1.0028581457152885,,,-0.6143830650280592,-0.3476618566819308,-0.2667212083461284,0.7787601094696261,-1.3931431744976854,3,1
48255,26,0,1,238487.0,510622.0,0.038461538461538464,15545.0,0.5641042135734963,22.51141202959151,0.0,18.33113044342232,23.6,59490.37180766799,0.0510883252383522,16.725635252492765,0.0,15.341717594081699,32.84798970730138,0.23830724550005686,-0.33691815118002305,0.5752253966800799,-0.7392454361446669,0.9775526816447238,3,3
48257,206,4,4,329608.0,1887895.0,0.019417475728155338,123804.0,0.26365868631062,31.88664744273206,0.2222222222222222,18.52974635778327,9.6,74308.1136764869,0.055533199195171,16.63920390294336,0.32309133792123035,2.662337242738522,15.24906303512003,-0.2501271517043566,-0.8106652806984962,0.5605381289941396,-0.12736440339624788,-0.12276274830810874,3,3
48259,111,3,5,802853.0,641326.0,0.04504504504504504,43769.0,0.550755100642007,27.116168978043817,0.0,13.800963083529439,6.9,89825.40559061483,0.0395730399925421,25.360414905526742,0.6854166190682903,18.342959628961136,14.652516621353012,-0.45424492936657274,-0.22206899534709992,-0.2321759340194728,0.40162205297991344,-0.8558669823464862,3,3
48261,2,0,0,,,0.0,568.0,1.0,25.9,0.0,17.481784,14.9,40299.382231356474,0.0,35.2112676056338,0.0,,,0.4305286219761098,0.30134430407693563,0.12918431789917417,-0.7392454361446669,1.1697740581207767,3,1
48263,4,0,0,,,0.0,647.0,1.0,9.0,0.0,13.814908,11.6,47365.897613288915,0.0401459854014598,61.82380216383307,0.0,,,-1.0139200127442702,1.2230354813529922,-2.2369554940972627,-0.7392454361446669,-0.27467457659960337,3,1
48265,164,2,8,1284423.0,2797663.0,0.04878048780487805,51843.0,0.22359817140211793,27.718970738576086,0.0,17.850122645333023,12.0,59345.1621770508,0.0521488024460676,31.633971799471478,0.38578014389599363,24.775244488166194,53.96414173562487,-0.45408302295549907,0.1957369497821582,-0.6498199727376572,-0.0261917349828207,-0.4278912879726784,3,3
48267,16,0,0,,,0.0,4373.0,1.0,28.418842899611253,0.0,16.97688744271667,17.4,45924.400550227845,0.0411407199625993,36.588154584953124,0.0,,,0.7680955301797003,0.36377356306219055,0.4043219671175098,-0.7392454361446669,1.5073409663243673,3,1
48269,9,1,0,,,0.0,237.0,1.0,51.0,0.0,13.192484,9.7,55204.03789368345,0.1031746031746031,379.746835443038,42.19409282700422,,,1.9607527525871635,4.237215570603243,-2.2764628180160793,7.490761761740139,-5.530009009152976,3,1
48271,8,0,0,,,0.0,3659.0,1.0,27.0,0.0,16.372941,21.0,28340.25622950499,0.0275080906148867,21.86389723968297,0.0,,,0.8829080058555697,-0.4678605266699492,1.350768532525519,-0.7392454361446669,1.6221534420002366,3,1
48273,72,0,1,42951.0,279547.0,0.013888888888888888,30974.0,1.0,31.722641570349325,0.2,19.38068013592045,22.1,46350.49012327972,0.0851245551601423,23.245302511784075,0.0,1.3866791502550526,9.02521469619681,1.2973820202307442,-0.819111869468149,2.1164938896988934,-0.7392454361446669,2.036627456375411,3,3
48275,11,0,0,,,0.0,3705.0,0.0,31.505209176788124,0.0,15.537695963562754,20.5,51722.186531804335,0.0368217054263565,29.68960863697706,0.0,,,0.09963995359065429,0.024574129856584897,0.07506582373406939,-0.7392454361446669,0.8388853897353211,3,1
48277,107,0,3,1686961.0,867432.0,0.028037383177570093,49611.0,0.8823446413093871,27.345997863377068,0.25,19.468360677873857,19.2,47820.60514273979,0.0482892931438941,21.567797464272036,0.0,34.003769325351236,17.48467073834432,0.6711853888723104,-0.14519401290329337,0.8163794017756038,-0.7392454361446669,1.4104308250169773,3,3
48279,40,0,1,463181.0,52109.0,0.025,13123.0,0.4597271965251848,23.262996266097694,0.0,15.432477617084508,18.3,47814.24559687335,0.0357019661952397,30.48083517488379,0.0,35.29535929284462,3.9708146003200486,-0.14229632465450598,-0.19686532581995086,0.054569001165444886,-0.7392454361446669,0.5969491114901608,3,3
48281,30,0,0,,,0.0,20862.0,0.3186655162496405,28.288869715271783,0.0,15.378006609960694,11.5,64413.72023260817,0.0661450182576943,14.380212827149842,0.0,,,-0.33951269459978617,-1.1311159481784483,0.7916032535786621,-0.7392454361446669,0.3997327415448807,3,1
48283,9,0,0,,,0.0,7416.0,1.0,18.2,0.0,16.428377,27.1,53156.264124687885,0.0341849586182079,12.135922330097086,0.0,,,0.6068436075168332,-1.3949798358409116,2.0018234433577446,-0.7392454361446669,1.3460890436615,3,1
48285,58,4,0,,,0.0,20021.0,0.6434244043754058,21.148673892412965,0.0,16.354262252385,12.5,57663.062295375865,0.0317477171373964,28.969581938964087,1.9979022026871784,,,-0.4518562818586988,-0.015141809356043007,-0.4367144725026558,1.6602609185831503,-2.112117200441849,3,1
48287,34,1,1,5597.0,4979.0,0.029411764705882353,17058.0,0.5220424434283034,23.091464415523507,0.0,15.591176516297338,11.2,58024.49648545221,0.0251106062417792,19.931996717082896,0.5862351975612615,0.3281158400750381,0.2918865048657521,-0.5196814236728454,-1.4147223032980116,0.8950408796251662,0.26907184725036165,-0.788753270923207,3,3
48289,44,0,1,106179.0,245370.0,0.022727272727272728,17225.0,1.0,30.565991291727137,0.0,18.961747534571845,13.7,45624.441970193824,0.0660700969425801,25.544267053701017,0.0,6.164238026124819,14.24499274310595,0.7007827039852442,-0.4448753414514052,1.1456580454366494,-0.7392454361446669,1.440028140129911,3,3
48291,91,1,2,21000.0,21000.0,0.02197802197802198,83702.0,0.2777233518912332,27.800868557501612,0.07142857142857142,19.067479423155962,14.5,54579.74247446069,0.0695754716981132,10.871902702444386,0.11947145826861963,0.2508900623641012,0.2508900623641012,-0.23713816485863995,-1.7503528917725777,1.5132147269139378,-0.49259535411399585,0.2554571892553559,3,3
48293,44,0,1,8000.0,100.0,0.022727272727272728,23417.0,0.49109621215356364,29.75968740658496,0.0,19.193496155698853,18.0,47079.71804929885,0.0674249410800287,18.789768117179825,0.0,0.34163214758508775,0.004270401844813597,0.35147771013970724,-1.4908026215000871,1.8422803316397944,-0.7392454361446669,1.090723146284374,3,3
48295,22,0,0,,,0.0,3398.0,1.0,20.358652148322545,0.0,14.765437816362565,12.6,62631.98746569225,0.0606413994169096,64.74396703943496,0.0,,,-0.11725634518178281,1.2990405249712489,-1.4162968701530316,-0.7392454361446669,0.621989090962884,3,1
48297,27,0,1,10796.0,-23346.0,0.037037037037037035,12139.0,0.0,28.885031715956835,0.0,17.67730400568416,17.0,57074.804302729615,0.023840485478977,22.242359337671967,0.0,0.8893648570722464,-1.9232226707307027,-0.306275167551144,-1.5258960089942697,1.2196208414431258,-0.7392454361446669,0.4329702685935229,3,3
48299,63,1,0,,,0.0,21047.0,0.6614719437449518,28.063828574143585,0.0,17.84377504375921,11.7,56611.61737879015,0.0734531419611627,29.933007079393736,0.4751270964983133,,,0.027817684867184916,0.03778928828806477,-0.009971603420879854,0.110361276154264,-0.08254359128707908,3,1
48303,537,4,25,5064236.0,14525012.0,0.04655493482309125,304808.0,0.8273667357812131,31.790072767118968,0.0,14.733790116611113,17.1,55570.771705315165,0.03791798147803,17.617647830765595,0.13123015143959477,16.61451143014619,47.65298811054828,0.8106945940204242,-0.2250079630720373,1.0357025570924616,-0.4697588748786461,1.2804534688990703,3,3
48305,17,0,0,,,0.0,5830.0,1.0,30.530720411663808,0.0,18.14844988473413,16.7,45981.636463025854,0.0669260700389105,29.15951972555746,0.0,,,0.8808634593241974,-0.0045731341462914715,0.8854365934704889,-0.7392454361446669,1.6201088954688643,3,1
48307,41,1,0,,,0.0,8057.0,0.8062554300608167,28.351731413677552,0.0,17.391741160978036,18.5,50565.809108422254,0.030636292223095,50.88742708204046,1.2411567580985476,,,0.6200582851503135,0.9030863398604707,-0.28302805471015724,1.0244491052385905,-0.404390820088277,3,1
48309,454,4,8,6560096.0,13421064.0,0.01762114537444934,251089.0,0.7437681459562148,28.889417298248826,0.058823529411764705,17.033391392462434,16.7,52760.912356657165,0.0417283764674381,18.081238126720006,0.15930606279048465,26.12657663219018,53.451421607477826,0.48225974182647874,-0.09385301989040706,0.5761127617168857,-0.41617889926920265,0.8984386410956814,3,3
48311,5,0,0,,,0.0,774.0,1.0,20.9,0.0,16.139196,12.4,65715.30728660742,0.0577507598784194,64.59948320413436,0.0,,,-0.08960227233704761,1.2953600534131726,-1.3849623257502202,-0.7392454361446669,0.6496431638076192,3,1
48313,24,0,0,,,0.0,14197.0,0.8475734310065507,20.079664717898147,0.0,17.433690590758612,18.3,55819.85391841763,0.0338412824064911,16.904979925336338,0.0,,,0.04402150493055331,-0.8768444393422599,0.9208659442728132,-0.7392454361446669,0.7832669410752202,3,1
48315,25,0,0,,,0.0,10017.0,0.26365179195367877,36.300419287211746,0.0,19.675582994908655,21.7,39918.869403680794,0.0976439154724313,24.957572127383447,0.0,,,0.8114246714683692,-0.2555661078172866,1.0669907792856557,-0.7392454361446669,1.550670107613036,3,1
48317,11,1,0,,,0.0,5649.0,0.30801911842804036,17.718959107806693,0.0,15.004363283590015,11.9,70601.55836066001,0.0453671664744329,19.472473004071517,1.770224818551956,,,-1.1044358819993219,-0.6526758413256344,-0.45176004067368747,1.4876394387881895,-2.5920753207875116,3,1
48319,23,0,0,,,0.0,4186.0,0.43788819875776397,28.43633540372671,0.0,16.62967884782609,12.4,44809.36017497767,0.0532710280373831,54.94505494505495,0.0,,,-0.1445842640149548,1.0290427187608213,-1.1736269827757762,-0.7392454361446669,0.594661172129712,3,1
48321,96,0,3,512571.0,333367.0,0.03125,36774.0,0.6141295480502529,27.667694566813513,0.1,18.572054974547235,17.9,51844.07782757789,0.0577758995411736,26.105400554739763,0.0,13.938407570566161,9.065290694512427,0.3248663344175205,-0.3467093111559872,0.6715756455735077,-0.7392454361446669,1.0641117705621874,3,3
48323,33,1,1,50912.0,10443.0,0.030303030303030304,58174.0,1.0,25.783489187609586,0.0,16.88515387599271,22.8,41999.500826319665,0.091999164403593,5.672637260631897,0.17189809880702722,0.8751676006463368,0.1795131845841785,0.9030025171072541,-1.9922221573285552,2.895224674435809,-0.39256846736803425,1.2955709844752883,3,3
48325,79,2,3,240486.0,217401.0,0.0379746835443038,50057.0,0.6250474459116607,23.088283356973054,0.0,16.661551811934395,13.1,66350.20194894094,0.033929287975389,15.78200851029826,0.39954451924805723,4.804243162794414,4.3430689014523445,-0.2925307026298758,-0.9434270839604735,0.6508963813305977,-0.004591012455425252,-0.28793969017445054,3,3
48327,14,0,1,81933.0,105936.0,0.07142857142857142,2119.0,0.0,27.9,0.0,18.604152,20.0,38575.94530154963,0.0355515041020966,66.06890042472864,0.0,38.6658801321378,49.99339310995753,-0.19607798549511823,0.6796659912558899,-0.8757439767510081,-0.7392454361446669,0.5431674506495486,3,3
48329,246,0,7,1872375.0,3403655.0,0.028455284552845527,168167.0,0.7962204237454436,28.682141561661922,0.0,16.059366390326282,10.9,84180.24870983303,0.0326733572498978,14.628315900265807,0.0,11.134021538113899,20.239731933137893,0.17070962147291854,-0.5606681665453676,0.7313777880182861,-0.7392454361446669,0.9099550576175854,3,3
48331,74,1,3,112321.0,239994.0,0.04054054054054054,24770.0,0.8683084376261607,27.911308033911986,0.0,18.082259780621722,15.9,50772.49434908175,0.0474892954456987,29.874848607186113,0.40371417036737994,4.534557932983447,9.688897860314897,0.49661773822238775,-0.4845569762786586,0.9811747145010463,0.0019105976539187525,0.494707140568469,3,3
48333,24,0,0,,,0.0,4889.0,0.3689916138269585,32.125117610963386,0.0,16.992233754141953,14.7,52260.62808183009,0.015736040609137,49.08979341378605,0.0,,,0.19218290941004357,0.8441021711732114,-0.6519192617631678,-0.7392454361446669,0.9314283455547104,3,1
48335,18,1,0,,,0.0,8523.0,0.7837615862959052,22.240678164965388,0.0,14.440749663616097,21.1,54577.62262583854,0.0477001703577512,21.119324181626187,1.1732957878681216,,,0.30433464275903005,-0.5232451084402707,0.8275797511993008,0.9572503102197619,-0.6529156674607319,3,1
48337,63,1,0,,,0.0,19489.0,0.521884139771153,28.572553748268255,0.0,17.60244843121761,13.4,54866.981962761834,0.053758436118222,32.32592744625173,0.5131099594643131,,,0.01740885983304602,0.16243807198335905,-0.14502921215031303,0.16592356150230142,-0.1485147016692554,3,1
48339,817,9,33,7257862.0,11138577.0,0.04039167686658507,571949.0,0.7269336951371539,27.45764639854253,0.06779661016949153,17.362553694240216,10.1,85749.9966145341,0.0424814873445552,14.284490400367865,0.15735668739695322,12.689701354491397,19.47477310039881,-0.04323127041530134,-0.5529930307594232,0.5097617603441218,-0.4198569424783579,0.3766256720630566,3,3
48341,34,0,0,,,0.0,21399.0,0.8966306836768073,21.71776251226693,0.0,14.571138356885836,13.5,58159.10687295865,0.0501630539037022,15.888592924903032,0.0,,,-0.07453498171166968,-0.9746077956703565,0.9000728139586868,-0.7392454361446669,0.6647104544329971,3,1
48343,31,0,0,,,0.0,12373.0,0.2220965004445163,28.32058514507395,0.0,18.376167022387456,19.3,43837.40958172253,0.0789667896678966,25.054554271397397,0.0,,,0.033067170371244715,-0.24932760860080733,0.28239477897205206,-0.7392454361446669,0.7723126065159116,3,1
48345,12,0,0,,,0.0,1252.0,0.0,14.100000000000001,0.0,14.516787,16.8,46487.220359408304,0.0620915032679738,95.84664536741214,0.0,,,-1.4063388623790558,1.9470452450345812,-3.3533841074136372,-0.7392454361446669,-0.6670934262343889,3,1
48347,130,0,0,,,0.0,65339.0,0.5956626210991903,31.592695021350192,0.15384615384615385,18.747026319441684,19.6,47534.42557874973,0.0873200642686165,19.8962334899524,0.0,,,0.6971609832679574,-0.618402522826113,1.3155635060940702,-0.7392454361446669,1.4364064194126243,3,1
48349,107,2,3,481624.0,317741.0,0.028037383177570093,48995.0,0.45641391978773344,27.694623941218488,0.1,19.256239877660988,15.7,51437.06689212535,0.0726976866918814,21.838963159506072,0.4082049188692724,9.830064292274722,6.485171956322073,0.021871804005772922,-0.5693470634939674,0.5912188674997403,0.008891319657158859,0.012980484348614063,3,3
48351,26,3,2,430455.0,137407.0,0.07692307692307693,13914.0,1.0,30.01667385367256,0.0,20.343232669325857,18.5,42504.02479839104,0.1047056780691092,18.686215322696565,2.1561017680034498,30.9368262181975,9.875449187868334,0.9526454168736208,-0.34093959800520196,1.2935850148788228,1.772650814130894,-0.8200053972572733,3,3
48353,38,0,1,52388.0,0.0,0.02631578947368421,14904.0,0.8776167471819646,28.04147208803006,0.0,16.017640501945785,20.4,48265.77335339101,0.068259385665529,25.49651100375738,0.0,3.515029522275899,0.0,0.7903023727556326,-1.0579189414084278,1.8482213141640604,-0.7392454361446669,1.5295478089002996,3,3
48355,514,3,12,2785810.0,2669355.0,0.023346303501945526,361540.0,0.9315953974663937,28.75504397853626,0.18518518518518517,17.69822244103004,17.3,59269.907550964526,0.0570992767615369,14.216960778890304,0.08297837030480722,7.705399125961166,7.383290922166289,0.7125718506717912,-0.8233611424164541,1.5359329930882453,-0.5650270075277993,1.2775988581995905,3,3
48357,22,0,0,,,0.0,10131.0,0.8753331359194552,24.70305004441812,0.0,13.934385856282697,11.1,53488.020434054146,0.0564696323380052,21.71552660152009,0.0,,,-0.02411105722313467,-0.4787516610715155,0.45464060384838084,-0.7392454361446669,0.7151343789215322,3,1
48359,15,0,0,,,0.0,2094.0,1.0,18.1,0.0,13.048635,12.3,68412.81465829155,0.0136268343815513,71.63323782234957,0.0,,,-0.3017159761668778,1.4657500292910537,-1.7674660054579314,-0.7392454361446669,0.4375294599777891,3,1
48361,134,1,4,307976.0,1677817.0,0.029850746268656716,84069.0,0.5805588266780859,26.267822859793743,0.19047619047619047,19.20811474478107,14.5,62958.44415350314,0.049907951479081,15.939287965837584,0.11894991019281781,3.663371754154326,19.9576181469983,-0.02157054545076254,-0.7317522489541853,0.7101817035034228,-0.4936137967507887,0.47204325130002617,3,3
48363,73,2,3,476480.0,417149.0,0.0410958904109589,28540.0,1.0,33.13848983882271,0.3333333333333333,20.178943485669237,16.9,53159.44389762111,0.0739253660840812,25.5781359495445,0.7007708479327259,16.695164681149265,14.616292922214436,1.0849220027667579,-0.23779406399814884,1.3227160667649067,0.4214420711645252,0.6634799316022326,3,3
48365,52,0,2,433566.0,506678.0,0.038461538461538464,23327.0,0.46392592275046085,22.50636601363227,0.0,19.818900299738498,13.6,56156.909849339274,0.0494822779769016,22.291764907617782,0.0,18.58644489218502,21.720667038196083,-0.47960895726320985,-0.21867030940472043,-0.2609386478584894,-0.7392454361446669,0.259636478881457,3,3
48367,194,2,7,2606722.0,3289842.0,0.03608247422680412,133811.0,0.514830619306335,26.401653825171326,0.0,17.722590000246615,8.2,82147.3138811925,0.0471863785599755,14.498060697551024,0.14946454327372188,19.480625658578145,24.58573659863539,-0.4666129814548976,-0.4136834395035724,-0.05292954195132521,-0.43481126774500334,-0.031801713709894264,3,3
48369,22,0,0,,,0.0,9718.0,1.0,24.549012142416135,0.0,14.49311715671949,13.4,58676.34993676291,0.0188425302826379,22.63840296357275,0.0,,,0.23978469568572458,-0.41213132674842684,0.6519160224341514,-0.7392454361446669,0.9790301318303914,3,1
48371,34,0,0,,,0.0,15815.0,1.0,22.158887132469175,0.0,14.168763241226685,21.2,55536.85412736079,0.0243824701195219,21.498577300031613,0.0,,,0.5388764490918737,-0.4948055447202656,1.0336819938121393,-0.7392454361446669,1.2781218852365406,3,1
48373,76,0,1,120843.0,425295.0,0.013157894736842105,48913.0,0.34211763743789997,27.31073334287408,0.0,18.89180264485924,18.1,52232.01012543109,0.0741867425543398,15.537791589148078,0.0,2.4705701960623965,8.694927728824648,0.015832553618506922,-0.9551091192532536,0.9709416728717605,-0.7392454361446669,0.7550779897631738,3,3
48375,231,4,6,607727.0,2367869.0,0.025974025974025976,119674.0,0.8479201831642629,30.589395357387566,0.08823529411764706,17.771298352933805,17.8,45076.4611013684,0.0344686089454247,19.302438290689707,0.33424135568293867,5.078187409128131,19.785993615990108,0.7872593674933706,-0.5731416525911341,1.3604010200845047,-0.1090236894430309,0.8962830569364014,3,3
48377,16,0,0,,,0.0,6975.0,0.6235125448028673,26.642265232974907,0.0,16.81458635154122,22.9,26601.980359343113,0.1070780399274047,22.939068100358423,0.0,,,0.5640491828073503,-0.3909876772653436,0.955036860072694,-0.7392454361446669,1.3032946189520171,3,1
48379,20,0,1,10966.0,9880.0,0.05,11766.0,0.0,24.674247832738395,0.5,20.591525673465917,13.8,54669.836040902,0.0406597621787495,16.998130205677374,0.0,0.9320074791772905,0.8397076321604624,-0.8109597962920468,-1.349206598725009,0.5382468024329622,-0.7392454361446669,-0.07171436014737997,3,3
48381,189,1,5,340809.0,435825.0,0.026455026455026454,134026.0,0.7759166131944548,26.840757763419035,0.0,12.833793002783043,8.7,72351.49339824369,0.0345059869949547,14.101741453150881,0.07461238864100996,2.542857356035396,3.2517944279468165,-0.12075787459255616,-1.1551532658655699,1.0343953912730137,-0.5819756169631531,0.461217742370597,3,3
48383,6,0,0,,,0.0,3766.0,0.0,20.6,0.0,11.965682,10.7,79354.41332151169,0.0570621468926553,15.932023366967604,0.0,,,-1.2995088780910111,-0.9703113886126625,-0.3291974894783486,-0.7392454361446669,-0.5602634419463443,3,1
48385,14,1,0,,,0.0,3408.0,1.0,30.699999999999996,0.0,17.620694,15.7,38011.005643747034,0.0140227870289219,41.079812206572775,2.9342723004694835,,,0.8324270842268481,0.5526058078268252,0.27982127640002286,2.2543130228624704,-1.4218859386356222,3,1
48387,33,2,0,,,0.0,12171.0,1.0,30.955541861802647,0.0,19.066848638238437,18.4,41487.557384070766,0.0652741514360313,27.113630761646537,1.6432503491906991,,,1.015638294160648,-0.12208576400122823,1.1377240581618764,1.3850969204181005,-0.3694586262574524,3,1
48389,22,0,0,,,0.0,15492.0,0.7227601342628454,28.634340304673376,0.0,16.284019620513813,17.6,56505.624947682714,0.0897475369458128,14.200877872450297,0.0,,,0.4955146021547501,-1.1507364181070308,1.6462510202617808,-0.7392454361446669,1.234760038299417,3,1
48391,17,0,0,,,0.0,7145.0,0.4801959412176347,33.81829251224633,0.5,19.743951519244227,16.8,53076.76980135731,0.0685944855413584,23.792862141357595,0.0,,,0.5652208673580036,-0.3323635489787094,0.897584416336713,-0.7392454361446669,1.3044663035026705,3,1
48393,4,0,0,,,0.0,805.0,1.0,20.4,0.0,14.505809,9.0,72869.79638635904,0.0192307692307692,49.68944099378882,0.0,,,-0.3334251544640896,0.8640099407670547,-1.1974350952311443,-0.7392454361446669,0.40582028168057727,3,1
48395,60,0,0,,,0.0,16990.0,0.696409652736904,28.621683343143026,0.0,18.95561196297822,17.0,56099.67393654125,0.0667256413496777,35.31489111241907,0.0,,,0.42947584920933335,0.30612461730783763,0.12335123190149572,-0.7392454361446669,1.168721285354,3,1
48397,161,0,6,818612.0,862564.0,0.037267080745341616,97175.0,0.5284692564960124,28.493151530743503,0.0,16.049351164476462,5.1,106967.5614736197,0.0386024288273939,16.568047337278106,0.0,8.424100848983793,8.876398250578852,-0.48669680192852754,-0.6949136597800244,0.20821685785149685,-0.7392454361446669,0.2525486342161393,3,3
48399,23,0,0,,,0.0,10277.0,0.879147611170575,23.989306217767833,0.0,16.9496179874477,15.3,47632.99853967964,0.0250439367311072,22.38007200544906,0.0,,,0.1832540309235522,-0.43051383357093775,0.61376786449449,-0.7392454361446669,0.9224994670682191,3,1
48401,97,4,3,549486.0,1769475.0,0.030927835051546393,53755.0,0.4783741047344433,28.029245651567297,0.15384615384615385,19.913207977174217,14.2,58543.85939787862,0.0720827308181061,18.04483303878709,0.7441168263417357,10.222044460980374,32.91740303227607,-0.021032883509609718,-0.3804194151876172,0.3593865316780075,0.47644435544379604,-0.4974772389534058,3,3
48403,15,1,0,,,0.0,10471.0,0.4575494222137332,34.807028937064274,0.0,18.335615197211347,14.5,37088.87149311237,0.0871345029239766,14.325279342947187,0.9550186228631459,,,0.4733646903976793,-1.1371016350741263,1.6104663254718057,0.7259241275170182,-0.25255943711933887,3,1
48405,19,0,0,,,0.0,8286.0,0.6729423123340574,28.633526430123098,0.0,18.974211089790007,20.3,42771.12572478176,0.0713337757133377,22.93024378469708,0.0,,,0.6058448416993796,-0.3916044374153498,0.9974492791147294,-0.7392454361446669,1.3450902778440463,3,1
48407,41,0,2,490507.0,847723.0,0.04878048780487805,28180.0,0.39286728176011354,25.114474804826113,0.0,18.851784984031227,16.7,44107.690281046474,0.0635512319301754,14.54932576295245,0.0,17.406210078069552,30.082434350603265,-0.17598868250559718,-0.3993270435038341,0.2233383609982369,-0.7392454361446669,0.5632567536390697,3,3
48409,103,1,2,186712.0,-417137.0,0.019417475728155338,67008.0,0.8473018147086915,30.15800053724928,0.0625,18.177488281190303,17.2,59945.07933711886,0.051072319201995,15.371298949379177,0.14923591212989493,2.7864135625596944,-6.225182067812798,0.7183115534517653,-1.7351597397156382,2.4534712931674036,-0.4352460152207128,1.1535575686724782,3,3
48411,26,0,0,,,0.0,5991.0,1.0,35.774628609581036,0.0,17.80066742613921,18.4,47784.56771616326,0.0193199381761978,43.39843097980304,0.0,,,1.3702275646040096,0.6423319587421522,0.7278956058618574,-0.7392454361446669,2.1094730007486766,3,1
48413,12,0,2,78983.0,651026.0,0.16666666666666666,2983.0,0.0,24.1,0.0,16.21822,16.0,56418.71115417463,0.1093959731543624,40.22795843110962,0.0,26.477707006369428,218.24539054642977,-0.7192506603036017,0.5988440558876986,-1.3180947161913004,-0.7392454361446669,0.019994775841065127,3,3
48415,35,0,1,208223.0,509816.0,0.02857142857142857,17096.0,0.33733036967711744,25.256510294805807,0.0,13.929107593823117,15.7,57581.448123423135,0.040312456409541,20.472625175479642,0.0,12.179632662611137,29.820776789892374,-0.2866492542732468,-0.2955011112203248,0.008851856947078018,-0.7392454361446669,0.4525961818714201,3,3
48417,14,0,1,16258.0,111513.0,0.07142857142857142,3296.0,0.0,24.0,0.0,13.925747,12.8,49747.54754027289,0.052896725440806,42.4757281553398,0.0,4.932645631067961,33.83282766990291,-0.9214630708855912,-0.05748914198531624,-0.863973928900275,-0.7392454361446669,-0.18221763474092434,3,3
48419,48,1,2,798098.0,2005961.0,0.041666666666666664,25349.0,0.4791510513235236,25.1890212631662,0.16666666666666666,19.543277700658805,18.0,45070.101555501955,0.0767317259854573,18.935658211369283,0.39449287940352673,31.48439780661959,79.1337330861178,0.00221494161599158,0.04300328596174374,-0.04078834434575216,-0.012493879921400108,0.014708821537391689,3,3
48421,5,0,0,,,0.0,3059.0,1.0,22.6,0.0,14.940095000000001,12.8,55037.62977684479,0.0088776157260621,16.345210853220006,0.0,,,0.059840832772893794,-0.9299789135136053,0.989819746286499,-0.7392454361446669,0.7990862689175606,3,1
48423,438,4,15,1228900.0,4350617.0,0.03424657534246575,227449.0,0.5938034460472458,28.878692366200774,0.1951219512195122,18.462204601748084,13.2,60214.300112131736,0.0539807556562767,19.2570642209902,0.17586360019169134,5.402969456889236,19.12787921687939,0.10573946061711981,-0.5687779496909968,0.6745174103081166,-0.38518554051076936,0.49092500112788917,3,3
48425,23,3,0,,,0.0,8860.0,0.0,19.525620767494356,0.0,15.189348050790066,8.8,64265.33082905776,0.0413071895424836,25.959367945823924,3.386004514672686,,,-1.4942566910249653,-0.19221870218331405,-1.3020379888416511,2.491862795885668,-3.986119486910633,3,1
48427,42,1,2,542556.0,1294623.0,0.047619047619047616,64078.0,0.5698055494865633,32.920578045507035,0.26666666666666666,20.182773269593316,28.8,32207.92004061516,0.1461422322016182,6.554511688879179,0.15605980211617093,8.467118199694124,20.203860919504354,1.3270359934121239,-1.0217545952303675,2.3487905886424914,-0.42230731345716316,1.749343306869287,3,3
48429,7,1,0,,,0.0,9364.0,1.0,27.646988466467324,0.0,18.639506968816743,18.4,49002.420749587654,0.0654791771199197,7.4754378470739,1.0679196924391285,,,0.7721943397193433,-2.1279956508136513,2.9001899905329944,0.8486264547391139,-0.07643211501977065,3,1
48431,10,3,0,,,0.0,1231.0,1.0,19.6,0.0,15.852379000000003,11.5,63455.54865539699,0.0186625194401244,81.23476848090982,24.37043054427295,,,-0.24005930427876412,1.6734462467542077,-1.913505551032972,6.327806096116665,-6.567865400395429,3,1
48433,7,0,0,,,0.0,1476.0,0.0,17.7,0.0,12.99888,15.9,54321.120942558555,0.0261538461538461,47.42547425474255,0.0,,,-1.1962530122127764,0.7875737516733947,-1.983826763886171,-0.7392454361446669,-0.4570075760681095,3,1
48435,6,0,0,,,0.0,3824.0,1.0,17.3,0.0,17.383701,13.4,57560.249637201654,0.0744849445324881,15.690376569037657,0.0,,,-0.2935989227352087,-0.9943579101783072,0.7007589874430985,-0.7392454361446669,0.44564651340945816,3,1
48437,16,0,0,,,0.0,7432.0,1.0,32.599677072120556,0.0,16.103186724434874,19.4,42154.24977573651,0.0578876100203114,21.52852529601722,0.0,,,1.1975060565975975,-0.49258025645223286,1.6900863130498303,-0.7392454361446669,1.9367514927422644,3,1
48439,3650,23,101,35483648.0,35341011.0,0.027671232876712328,2049770.0,0.9187957673299931,29.30524292969455,0.25770308123249297,18.495944041631986,11.0,71756.87585973101,0.0469035978261786,17.806875893392917,0.11220771110905126,17.311038799475064,17.24145196778175,0.35555715741075594,-0.3939895250880283,0.7495466824987842,-0.5068223941252635,0.8623795515360195,3,3
48441,237,3,7,1511908.0,2673964.0,0.029535864978902954,136870.0,0.7679330751808285,27.831437130123476,0.0,15.189670796120406,13.3,56327.55766342223,0.0336186936388008,17.31570103017462,0.2191860889895521,11.046306714400526,19.536523708628625,0.2235830016393837,-0.48009760722038686,0.7036806088597706,-0.3061121606239689,0.5296951622633526,3,3
48443,5,0,0,,,0.0,896.0,1.0,0.0,0.0,12.072086,18.6,45797.20963289893,0.0083333333333333,55.80357142857143,0.0,,,-1.2498976491743503,1.0545191283198272,-2.3044167774941773,-0.7392454361446669,-0.5106522130296834,3,1
48445,29,0,0,,,0.0,12528.0,1.0,30.09137931034483,0.0,15.426896876596423,19.3,47301.24223031338,0.0922875327592662,23.148148148148145,0.0,,,1.0068558559691414,-0.3764405197734922,1.3832963757426335,-0.7392454361446669,1.7461012921138082,3,1
48447,4,0,0,,,0.0,1436.0,1.0,24.3,0.0,15.621335,13.1,42396.972442972525,0.0473537604456824,27.855153203342617,0.0,,,0.20319473811471664,-0.07853414259204325,0.2817288807067599,-0.7392454361446669,0.9424401742593835,3,1
48449,35,0,3,1291393.0,398033.0,0.08571428571428572,32640.0,0.6200980392156863,25.062233455882353,0.0,18.144896103982845,15.7,53203.960718686234,0.050475877912701,10.723039215686276,0.0,39.56473651960784,12.194638480392157,0.005665373331947591,-0.5404853401591349,0.5461507134910825,-0.7392454361446669,0.7449108094766145,3,3
48451,212,2,2,372876.0,36244.0,0.009433962264150943,117986.0,0.9158374722424695,27.845513874527484,0.0,15.193777513891478,14.6,57133.10013983871,0.0394238059135708,17.968233519231095,0.16951163697387825,3.1603410574135915,0.3071889885240622,0.4641534952437209,-1.2125229438558296,1.6766764390995506,-0.39702360662865493,0.8611771018723758,3,3
48453,2687,23,101,23771053.0,72414073.0,0.03758838853740231,1226805.0,0.8273621317161244,29.359933159711606,0.03211009174311927,16.421306161733934,10.2,80434.47619449641,0.0381776256026832,21.90242133020325,0.18747885768316888,19.37639070593941,59.02655515750262,0.2117247079663811,-0.03773918902293962,0.24946389698932073,-0.36370279707432773,0.5754275050407088,3,3
48455,25,1,0,,,0.0,14620.0,0.1405608755129959,24.01970588235294,0.0,18.81997104794802,18.9,43835.289733100384,0.0719985491476242,17.09986320109439,0.6839945280437756,,,-0.39615949448277316,-0.8587347775746469,0.46257528309187373,0.39977721821862233,-0.7959367127013954,3,1
48457,35,2,1,565791.0,0.0,0.02857142857142857,21518.0,0.6251045636211544,29.95277906868668,0.0,19.200445563853517,18.5,47163.45206987372,0.1361256544502617,16.26545217957059,0.9294544102611767,26.293847011804072,0.0,0.5414388487321024,-0.8950415857333921,1.4364804344654944,0.697157388038481,-0.1557185393063787,3,3
48459,54,1,3,284918.0,479732.0,0.05555555555555555,41018.0,0.4280072163440441,25.62701984494612,0.0,18.089270311399872,13.9,55287.77191425833,0.0533751099384344,13.164951972304841,0.2437954068945341,6.946169974157687,11.695645814032863,-0.27067032091225296,-0.8061468921790587,0.5354765712668057,-0.26243675562157204,-0.008233565290680922,3,3
48461,17,0,0,,,0.0,3659.0,0.32249248428532384,21.823312380431812,0.0,14.061225709756764,15.3,55297.311233058,0.0517928286852589,46.46078163432632,0.0,,,-0.5797103327832395,0.7539117684636978,-1.3336221012469371,-0.7392454361446669,0.1595351033614274,3,1
48463,52,1,2,81763.0,309370.0,0.038461538461538464,26920.0,1.0,26.290549777117384,0.0,17.398216692310548,21.0,44176.585361266305,0.052987980362282,19.316493313521548,0.3714710252600297,3.037258543833581,11.492199108469539,0.8307065307391904,-0.7592297569939211,1.5899362877331116,-0.04887598963988565,0.8795825203790761,3,3
48465,55,0,2,276070.0,190059.0,0.03636363636363636,48969.0,0.9152729277706304,23.46445302129919,0.0,15.971127096448772,20.2,48912.327183146335,0.0488934890827542,11.231595499193368,0.0,5.637648308113296,3.881210561783986,0.4821772912988747,-1.1067301937819245,1.5889074850807992,-0.7392454361446669,1.2214227274435416,3,3
48467,105,1,6,1499402.0,2789713.0,0.05714285714285714,55103.0,0.6727401411901348,24.846422154873604,0.2,19.156704857249146,12.0,57929.10329745552,0.0495832442829664,19.055223853510697,0.1814783224143876,27.21089595847776,50.627243525760846,-0.17843377082710324,-0.0672917016817447,-0.11114206914535854,-0.37477458532194047,0.19634081449483723,3,3
48469,171,3,7,2022693.0,5406041.0,0.04093567251461988,92109.0,0.9219294531479009,28.25811701353831,0.043478260869565216,16.150192428698606,14.1,60239.73829559752,0.0569260386819484,18.56496107872195,0.32570107155652545,21.959775917662768,58.69177821928368,0.4706725429651151,-0.09996057990161507,0.5706331228667302,-0.12305782397678698,0.5937303669419021,3,3
48471,129,0,1,97572.0,247408.0,0.007751937984496124,72321.0,0.7704954300963759,32.38909307116881,0.0,17.13718798686412,22.4,46363.209215012605,0.0332695421757691,17.837142738623637,0.0,1.349151698676733,3.420970395873951,1.115831727990322,-1.116352641491247,2.232184369481569,-0.7392454361446669,1.8550771641349888,3,3
48473,93,0,2,411644.0,329460.0,0.021505376344086023,51832.0,0.30214925142768945,27.517612671708594,0.16666666666666666,17.74751515345732,13.9,63216.005761094195,0.0520845970318249,17.942583732057418,0.0,7.9418891804290785,6.3563049853372435,-0.2680299850516781,-0.7196711290076651,0.451641143955987,-0.7392454361446669,0.4712154510929888,3,3
48475,20,0,0,,,0.0,11658.0,1.0,22.82989363527192,0.0,12.891785203551208,14.1,66760.39265732671,0.0596958174904942,17.155601303825698,0.0,,,0.15591604482766042,-0.8535911265001886,1.009507171327849,-0.7392454361446669,0.8951614809723273,3,1
48477,97,1,4,551937.0,1643408.0,0.041237113402061855,35163.0,0.7012484714046014,33.25589113556864,0.0,18.339384818161133,14.5,58265.09930406608,0.0564280496712929,27.585814634701247,0.28438984159485825,15.696527600034127,46.736854079572275,0.623478507888429,-0.0013997201420051786,0.6248782280304341,-0.19224614950310376,0.8157246573915327,3,3
48479,169,1,10,1776776.0,585356.0,0.05917159763313609,273526.0,0.8032252875412209,31.94329094857527,0.03278688524590164,16.276573968120037,22.5,49259.98235717871,0.0488489759015196,6.178571689711399,0.036559595797108865,6.49582123820039,2.1400378757412457,1.1246082405246547,-1.4591733732636996,2.5837816137883545,-0.6607697753729974,1.7853780158976522,3,3
48481,108,1,3,1777925.0,6936205.0,0.027777777777777776,41577.0,0.29804940231377924,23.64552035981432,0.09090909090909091,18.068613067344923,15.3,51204.94346800008,0.0515879244493276,25.97590013709503,0.24051759386199098,42.762224306708035,166.82793371335114,-0.47213597029926135,0.4162926426960975,-0.8884286129953589,-0.2682039179798478,-0.20393205231941358,3,3
48483,19,1,0,,,0.0,5338.0,0.52304233795429,25.147920569501686,0.0,15.216132820906704,14.3,52270.16740062976,0.0461183704842428,35.59385537654553,1.8733608092918697,,,-0.17851761505551925,0.3189261954214443,-0.4974438104769635,1.567528541035528,-1.7460461560910472,3,1
48485,222,2,5,649962.0,1652250.0,0.02252252252252252,131596.0,0.781497917869844,29.575313079424905,0.05405405405405406,16.667655611796715,17.6,51565.31773376535,0.0488503786586613,16.86981367214809,0.15198030335268548,4.939071096385908,12.55547281072373,0.6284418760312592,-0.7293454488720278,1.357787324903287,-0.4300331936191807,1.05847506965044,3,3
48487,35,0,0,,,0.0,12833.0,1.0,19.9459596353152,0.0,15.807158830125458,16.9,48016.691140288545,0.0561435803037275,27.27343567365386,0.0,,,0.1142132554464752,-0.11260367044196834,0.22681692588844354,-0.7392454361446669,0.8534586915911421,3,1
48489,16,0,0,,,0.0,21588.0,0.7933110987585695,27.117625532703357,0.6,20.947119089030945,27.8,37649.57145367068,0.1381022227236827,7.411524921252547,0.0,,,1.0815123831413531,-2.1406585070690607,3.222170890210414,-0.7392454361446669,1.8207578192860199,3,1
48491,793,6,27,6353047.0,6439183.0,0.034047919293820936,547604.0,0.8957732229859533,28.350946852104805,0.0,14.845231601334175,6.4,92570.60955629729,0.0478012776566971,14.481267485263071,0.10956822813566008,11.60153505087618,11.758831199187734,-0.019727025883382248,-0.6527147557284873,0.632987729845105,-0.5120152093596946,0.4922881834763123,3,3
48493,82,1,1,139628.0,163674.0,0.012195121951219513,49173.0,0.20905781628129258,21.948337502287842,0.0,15.456079268785718,9.9,81287.71526491122,0.0520525308749347,16.675818030219837,0.20336363451487605,2.8395257560043112,3.328533951558782,-1.0223267924202109,-1.0460944383015667,0.023767645881355826,-0.33466119284898294,-0.687665599571228,3,3
48495,22,0,1,59966.0,226347.0,0.045454545454545456,7867.0,0.838311935934918,19.114109571628322,0.0,13.323369999237322,13.5,63983.390962312,0.0371223021582733,27.96491674081607,0.0,7.622473623998983,28.771704588788612,-0.32934819415487415,-0.22980240255007978,-0.09954579160479438,-0.7392454361446669,0.4098972419897927,3,3
48497,122,1,4,1214081.0,1083411.0,0.03278688524590164,66290.0,0.33987026700859857,29.327560718057022,0.0,16.98668268956102,9.4,68403.27533949188,0.0435830742878893,18.40398250113139,0.1508523155830442,18.314693015537788,16.34350580781415,-0.3679661649327551,-0.37407732259266324,0.006111157659908162,-0.4321742401873626,0.06420807525460753,3,3
48499,101,1,5,412396.0,1768045.0,0.04950495049504951,44366.0,0.6228643555876121,34.891912725961326,0.1,19.545217638845063,15.2,56593.598665501886,0.0554144539367351,22.76518054365956,0.22539782716494614,9.295316233151512,39.85135013298472,0.7014885062765092,-0.24143897926819982,0.942927485544709,-0.29500525230672453,0.9964937585832336,3,3
48501,10,0,0,,,0.0,8631.0,0.7795156992237284,19.87724481520102,0.0,12.984330306801066,13.0,74200.0013967573,0.0438805181073222,11.586142973004288,0.0,,,-0.3673962737519007,-1.4665020894236567,1.099105815671756,-0.7392454361446669,0.37184916239276616,3,1
48503,55,1,5,344661.0,866557.0,0.09090909090909091,18036.0,1.0,21.566123308937684,0.0,18.09230407900865,14.5,53669.267491247854,0.0322658319287262,30.494566422710136,0.5544466622310933,19.109614105123086,48.045963628298956,0.08728439578194831,0.09921769792966645,-0.011933302147718136,0.22482875598593047,-0.13754436020398214,3,3
48505,10,1,0,,,0.0,14304.0,1.0,37.61753355704698,0.0,18.508327596336688,30.4,35986.55020959509,0.1043239533287577,6.991051454138703,0.6991051454138703,,,2.236532814576257,-2.2264440558830225,4.462976870459279,0.4193005692812905,1.8172322452949665,3,1
48507,10,0,0,,,0.0,12039.0,0.8268128582108148,36.43445468892765,0.0,18.81084671185314,28.9,36523.93183530976,0.0869379927551672,8.306337735692333,0.0,,,1.8703540461583168,-1.9715431841052973,3.841897230263614,-0.7392454361446669,2.6095994823029836,3,1
49001,15,0,0,,,0.0,6517.0,0.49071658738683444,23.287801135491787,0.0,13.829021110480284,9.9,58530.080381834654,0.034850640113798,23.016725487187358,0.0,,,-0.6183616612547436,-0.38556973316702625,-0.23279192808771731,-0.7392454361446669,0.1208837748899233,3,1
49003,49,0,1,569512.0,310875.0,0.02040816326530612,53946.0,0.6368034701368035,23.0364772179587,0.0,13.985170919382346,8.5,65962.26965108774,0.0410552481757677,9.083157231305378,0.0,10.55707559411263,5.76270715159604,-0.5636985500042425,-1.0297179935487524,0.46601944354450986,-0.7392454361446669,0.17554688614042435,3,3
49005,152,2,3,2545851.0,3222512.0,0.019736842105263157,124165.0,0.7873394273748641,27.441695324769462,0.0,11.581107507043045,10.7,62575.81147720531,0.0258356958659683,12.24177505738332,0.16107598759714895,20.503773205009463,25.953465147183184,0.05762915667523485,-0.4808057132053242,0.5384348698805591,-0.41284479280502423,0.47047394948025906,3,3
49007,48,1,2,9601.0,1075357.0,0.041666666666666664,20308.0,0.6159149103801458,30.40403781760882,0.4,15.66321066052787,14.0,54223.60790593971,0.0698746115100203,23.636005515067954,0.49241678156391566,0.4727693519795155,52.95238329722277,0.2906640696745823,-0.6035537416042995,0.8942178112788819,0.1358283418117091,0.1548357278628732,3,3
49009,1,0,0,,,0.0,613.0,1.0,9.0,0.0,12.558301,7.6,79936.31176829149,0.0096774193548387,16.31321370309951,0.0,,,-1.257488003469002,-0.9330677509677388,-0.32442025250126316,-0.7392454361446669,-0.518242567324335,3,1
49011,317,0,14,1357188.0,1731731.0,0.04416403785488959,345767.0,0.9466374755254261,25.74096168807318,0.05555555555555555,13.18087007984278,6.0,88302.29435560104,0.027451235987012,9.168023553433382,0.0,3.9251519086552507,5.008375582400865,-0.18097407240454297,-1.237572802240891,1.056598729836348,-0.7392454361446669,0.5582713637401239,3,3
49013,20,0,0,,,0.0,20148.0,1.0,24.72347131228906,0.0,14.459375154407384,12.4,67012.65464336239,0.0654173373189239,9.926543577526306,0.0,,,0.1917294351302872,-1.703048433861111,1.894777868991398,-0.7392454361446669,0.930974871274954,3,1
49015,9,0,0,,,0.0,10117.0,0.5791242463180785,23.69487002075714,0.0,14.09928770495206,10.8,58883.0351774224,0.0376369699857074,8.895917762182465,0.0,,,-0.43774480861666215,-1.8687842723868384,1.4310394637701762,-0.7392454361446669,0.3015006275280047,3,1
49017,9,1,1,122015.0,-5617.0,0.1111111111111111,4998.0,0.5230092036814726,26.715926370548218,0.0,14.999530506202479,10.0,57834.770033769906,0.0323438192290651,18.007202881152462,2.0008003201280515,24.412765106042418,-1.1238495398159263,-0.3250149839953218,-0.9981141579082973,0.6730991739129755,1.6623726697796544,-1.9873876537749762,3,3
49019,28,0,2,929192.0,1144944.0,0.07142857142857142,9640.0,0.4524896265560166,26.314024896265558,0.0,15.336661493775935,10.6,54646.51770605837,0.0520567892246086,29.04564315352697,0.0,96.38921161825726,118.7701244813278,-0.3945172849849659,0.5919615658985408,-0.9864788508835067,-0.7392454361446669,0.34472815115970096,3,3
49021,67,2,2,1119516.0,255860.0,0.029850746268656716,51213.0,0.7315134829047312,26.455181301622638,0.0,14.481353129986525,11.6,54911.49878382695,0.0440896997339414,13.082615742096733,0.3905258430476637,21.859996485267413,4.995997110108761,-0.020688898324691934,-0.7136235665107925,0.6929346681861006,-0.01872007058057928,-0.001968827744112653,3,3
49023,11,0,0,,,0.0,11301.0,1.0,21.389354924342978,0.0,13.23103989956641,8.2,65146.12793156052,0.0303729334871203,9.733651889213345,0.0,,,-0.3093418391701877,-1.7328442354581755,1.4235023962879878,-0.7392454361446669,0.42990359697447916,3,1
49025,22,0,0,,,0.0,7484.0,1.0,24.182148583645112,0.0,14.527062137894173,8.9,49863.079290179994,0.0336382413691354,29.39604489577766,0.0,,,-0.061223180577496615,0.008495131808757345,-0.06971831238625396,-0.7392454361446669,0.6780222555671702,3,1
49027,12,1,2,90375.0,173014.0,0.16666666666666666,12854.0,0.7833359265598258,21.046001244748716,0.0,14.6422071431461,9.3,65971.80896988741,0.0252236135957066,9.335615372646647,0.7779679477205539,7.030885327524506,13.459934650692391,-0.5025570224653049,-0.9552180258148902,0.45266100334958537,0.5184560973145681,-1.021013119779873,3,3
49029,13,0,1,1505.0,102391.0,0.07692307692307693,11664.0,0.0,20.543981481481485,0.0,10.102429675925926,4.3,96814.54649783885,0.0236890058716339,11.145404663923182,0.0,0.1290294924554184,8.778377914951989,-1.6933395159277425,-1.3763633175449679,-0.3169761983827746,-0.7392454361446669,-0.9540940797830756,3,3
49031,6,0,0,,,0.0,1866.0,1.0,18.3,0.0,14.726741,14.1,45378.539530024565,0.0570987654320987,32.154340836012864,0.0,,,-0.1773943443363407,0.1538026404429582,-0.3311969847792989,-0.7392454361446669,0.5618510918083262,3,1
49033,4,0,0,,,0.0,2389.0,1.0,18.9,0.0,14.335401,7.6,61371.737459824886,0.0182291666666666,16.74340728338217,0.0,,,-0.5290442212508057,-0.8920087741232807,0.362964552872475,-0.7392454361446669,0.21020121489386112,3,1
49035,1699,11,59,55564850.0,38038550.0,0.034726309593878756,1133646.0,0.9146311988045651,28.253685453836557,0.33962264150943394,16.648408077233103,9.5,79351.23354857846,0.0353683295137651,14.987041810230002,0.09703205409801649,49.01428664680156,33.554169467364595,0.18232966357823144,-0.140883660817113,0.32321332439534445,-0.5368482601184842,0.7191779236967156,3,3
49037,23,0,0,,,0.0,15302.0,1.0,21.880577702261142,0.5,16.634092532479414,18.8,48114.20417690738,0.0879384911100432,15.03071493922363,0.0,,,0.37225759668049624,-1.0618176618564068,1.434075258536903,-0.7392454361446669,1.1115030328251632,3,1
49039,32,1,1,93901.0,18143.0,0.03125,29850.0,0.5826800670016751,28.580857621440533,0.0,15.117654137085427,12.9,57064.20505961888,0.0624752866745749,10.720268006700168,0.33500837520938026,3.1457621440536014,0.6078056951423786,0.05349586757151955,-1.4431011059402783,1.4965969735117979,-0.10776765576335746,0.161263523334877,3,3
49041,38,0,1,2400.0,6428.0,0.02631578947368421,21280.0,0.2350093984962406,24.154403195488722,0.0,13.34210151517857,10.7,58082.79232256129,0.0529012023000522,17.857142857142858,0.0,0.11278195488721804,0.3020676691729323,-0.783150763567729,-1.510959759920384,0.727808996352655,-0.7392454361446669,-0.04390532742306208,3,3
49043,136,1,6,515819.0,1372895.0,0.04411764705882353,41103.0,0.6257937376833808,28.365878403036273,0.0,11.827602104469259,5.1,109127.68721958916,0.0168316831683168,33.08760917694572,0.24329124394813031,12.549424616208062,33.40133323601684,-0.39053107428164674,-0.011081111619197353,-0.3794499626624494,-0.26332281754425985,-0.1272082567373869,3,3
49045,62,0,2,118092.0,261474.0,0.03225806451612903,67397.0,0.676202204845913,27.476222977283854,0.0,13.427368549371632,6.8,79030.07648232294,0.0481252297512559,9.19922251732273,0.0,1.752184815347864,3.879608884668457,-0.29781696928021406,-1.4046725689787432,1.106855599698529,-0.7392454361446669,0.4414284668644528,3,3
49047,28,0,0,,,0.0,36084.0,0.8650094224587075,25.569188560026603,0.0,13.322898348658686,11.1,69174.90023795399,0.0813258579261906,7.75967187673207,0.0,,,0.0284254013871638,-2.0728141070585937,2.1012395084457576,-0.7392454361446669,0.7676708375318306,3,1
49049,599,4,17,1881446.0,3248082.0,0.028380634390651086,605490.0,0.8759186774348049,28.600684734677696,0.015625,12.61147161499447,9.0,79139.2486863636,0.0363148614436752,9.89281408446052,0.0660621975590018,3.1073114337148424,5.364385869295942,0.1354393219407496,-1.228965085435136,1.3644044073758854,-0.5994343022831835,0.7348736242239331,3,3
49051,41,1,1,104718.0,39908.0,0.024390243902439025,31708.0,1.0,30.09644884571717,0.0,12.601918598776336,5.0,90269.51387695497,0.017076971019009,12.930490727892014,0.31537782263151254,3.302573483032673,1.2586098145578404,0.13647330645355052,-1.2749785812399008,1.4114518876934514,-0.14014307236829485,0.27661637882184537,3,3
49053,177,5,7,785392.0,10608247.0,0.03954802259887006,165811.0,0.8973107936144165,29.362439765757397,0.0,11.686225816152126,10.6,63424.810850375834,0.0350877192982456,10.674804446025897,0.30154814819282194,4.736670064109136,63.977944768441176,0.3121124077281175,-0.6816521963685053,0.9937646040966228,-0.1632428938049627,0.4753553015330802,3,3
49055,6,0,1,173478.0,1157942.0,0.16666666666666666,2689.0,1.0,23.3,0.0,14.763945,11.4,46896.35114348299,0.0216666666666666,22.31312755671253,0.0,64.51394570472294,430.6217924879137,0.026098162034665678,0.6014835220247238,-0.5753853599900581,-0.7392454361446669,0.7653435981793325,3,3
49057,340,2,13,2167589.0,6223262.0,0.03823529411764706,251498.0,0.8769135341036509,26.737238069487624,0.34,16.08425507913383,8.5,71273.55037388112,0.0366238902149851,13.518994186832499,0.07952349521666177,8.618712673659433,24.744777294451644,-0.031040678827372454,-0.6176519206158538,0.5866112417884813,-0.5720103009265414,0.5409696220991689,3,3
50001,479,15,23,7279025.0,20176697.0,0.04801670146137787,36882.0,0.20619814543679843,26.92541890353018,0.0,14.158811119055365,8.7,72949.29070968961,0.0393408268241569,129.87365110351934,4.067024564828372,197.3598232199989,547.0608155739927,-0.7322834314465108,1.8554635395329493,-2.58774697097946,2.807309509754058,-3.539592941200569,3,3
50003,489,10,17,8056232.0,14945372.0,0.034764826175869123,35746.0,0.25762323057125275,26.039747104571138,0.08333333333333333,13.928232939881386,11.9,59549.72756908814,0.036453420629196,136.79852291165446,2.797515805964304,225.37436356515414,418.09914396016336,-0.546835878655587,1.863588478174132,-2.410424356829719,2.1769920388001736,-2.7238279174557607,3,3
50005,393,19,15,4543550.0,4974644.0,0.03816793893129771,30234.0,0.09082489912019581,29.910233511940202,0.1,14.118698150625125,14.0,53592.952940850504,0.0352305287835373,129.9861083548323,6.284315671098763,150.27948667063572,164.5380697228286,-0.3150337224324349,1.5717829821330769,-1.8868167045655118,3.600585785097188,-3.9156195075296227,3,3
50007,1828,39,68,130833806.0,41179523.0,0.037199124726477024,162646.0,0.6390012665543573,32.67504887916088,0.2857142857142857,13.623734370196622,7.8,78060.24573768995,0.0347886260694514,112.39132840647787,2.397845627928138,804.4083838520468,253.18497227106724,0.10526799576798918,1.94481945501402,-1.839551459246031,1.9339505413657523,-1.828682545597763,3,3
50009,158,2,5,411874.0,892495.0,0.03164556962025317,6200.0,0.19112903225806452,27.40285483870968,0.3333333333333333,14.88119482951613,14.4,47006.58327183472,0.0388182755066987,254.83870967741933,3.225806451612903,66.43129032258065,143.9508064516129,-0.36640890547588173,1.739872643770921,-2.1062815492468028,2.4105428773876003,-2.776951782863482,3,3
50011,400,10,17,1678158.0,3403219.0,0.0425,49116.0,0.2697288052773027,25.871386106360454,0.1,13.907102418458344,9.9,69409.14351070141,0.0369588968843009,81.43985666585228,2.0359964166463067,34.16723674566333,69.28941689062627,-0.6678816363473112,0.8278119416843935,-1.4956935780317049,1.687857217364229,-2.3557388537115402,3,3
50013,76,2,4,273540.0,744191.0,0.05263157894736842,7022.0,0.0,29.575363144403305,0.0,13.336652825121048,8.7,75876.80165687687,0.0423418714061683,108.2312731415551,2.8481913984619767,38.954713756764455,105.97992025064084,-0.7608840375249987,1.09169262627076,-1.8525766637957588,2.205963579577161,-2.9668476171021596,3,3
50015,324,10,14,93305811.0,93506219.0,0.043209876543209874,25318.0,0.0,29.320372857255705,0.0,12.310335772098902,9.6,67838.33568168928,0.0367298578199052,127.97219369618452,3.9497590646970533,3685.3547278616006,3693.2703610079784,-0.7248434708441263,2.856245810047655,-3.5810892808917814,2.756135921652852,-3.480979392496978,3,3
50017,413,24,20,3027476.0,7308003.0,0.048426150121065374,28908.0,0.23723536737235368,29.64659609796596,0.1,13.812854025563857,9.7,64575.888652202535,0.0374860126818351,142.86702642867027,8.302200083022,104.72796457727965,252.80209630552096,-0.43751256475443495,1.6239406017662583,-2.0614531665206934,4.1350045129862005,-4.572517077740636,3,3
50019,317,12,17,8056916.0,12265050.0,0.05362776025236593,26901.0,0.3508419761347162,31.457105683803572,0.1,14.293484693134085,14.1,52114.35852690184,0.0419511455014413,117.83948552098435,4.460800713728115,299.5024720270622,455.9328649492584,0.08681532757443829,1.8604403183126943,-1.773624990738256,2.9708771730942423,-2.884061845519804,3,3
50021,706,22,33,38232882.0,51193470.0,0.046742209631728045,58892.0,0.4413163078177002,30.06449432860151,0.2,13.989999819364257,11.8,59503.09089940087,0.0314334836344762,119.88045914555457,3.7356517014195476,649.2033213339672,869.2771513957753,-0.05760208178973173,2.1626258385045043,-2.220227920294236,2.6594933721596767,-2.7170954539494083,3,3
50023,1025,25,40,22120771.0,57766057.0,0.03902439024390244,58350.0,0.4685689802913453,29.978587832047992,0.05263157894736842,12.918038542022277,8.6,66553.70741666721,0.0316650595663939,175.66409597257925,4.284490145672665,379.1049014567266,989.9924078834619,-0.229226976802104,2.278625333755629,-2.5078523105577326,2.899150083594687,-3.1283770603967906,3,3
50025,754,19,25,9556971.0,16344189.0,0.033156498673740056,42823.0,0.2832356443967027,29.323179132709058,0.2777777777777778,16.06041188333372,10.1,55100.16531119818,0.0419792077904987,176.0736053055601,4.436868038203769,223.17378511547534,381.668472549798,-0.3870740006640598,1.9842547372483796,-2.3713287379124393,2.9612778102353223,-3.348351810899382,3,3
50027,935,26,27,5375103.0,12178356.0,0.028877005347593583,55275.0,0.13317051108095884,33.737758480325645,0.2222222222222222,14.830064927761196,9.9,64641.60395948913,0.0379523694307144,169.15422885572139,4.703753957485301,97.24293080054274,220.32303934871098,-0.2371449055410236,1.6755428274719397,-1.9126877330129632,3.066010771562728,-3.3031556771037516,3,3
51001,78,0,3,411140.0,1417315.0,0.038461538461538464,32673.0,0.11403911486548526,28.540020812291495,0.6363636363636364,18.50562308933982,17.3,48833.89278412684,0.0391206630144683,23.872922596639427,0.0,12.583478713310685,43.378783705200014,-0.18973907801889334,-0.13867993654166935,-0.051059141477223985,-0.7392454361446669,0.5495063581257735,3,3
51003,306,1,7,1526992.0,676465.0,0.02287581699346405,98404.0,0.4467501321084509,28.532214137636675,0.0,12.107397744817282,8.0,84666.75396861615,0.0255367688996007,31.09629689850006,0.10162188528921588,15.517580586155034,6.874364863216942,-0.39584514180798697,-0.27589276283216896,-0.11995237897581801,-0.5277234355005606,0.1318782936925736,3,3
51005,42,1,1,8153732.0,4880877.0,0.023809523809523808,15157.0,0.332849508477931,30.24611070792373,0.16666666666666666,16.929078561654677,13.9,50529.771681845734,0.0443213296398892,27.70996899122518,0.6597611664577422,537.951573530382,322.0213102856766,-0.033977823653793204,1.133950077295171,-1.167927900948964,0.36809826754748876,-0.40207609120128196,3,3
51007,22,0,1,663648.0,1137832.0,0.045454545454545456,7091.0,1.0,22.9,0.0,16.486559,10.0,61418.37412951216,0.034158190374981,31.025243266111975,0.0,93.59018474122126,160.4614299816669,-0.08858270672780659,0.676834249978306,-0.7654169567061125,-0.7392454361446669,0.6506627294168603,3,3
51009,63,0,1,208722.0,124770.0,0.015873015873015872,31775.0,0.4675059008654603,29.83078835562549,0.2222222222222222,15.810894458001574,12.5,56057.27696409828,0.0578861788617886,19.82690794649882,0.0,6.568749016522423,3.926671911880409,-0.003776012124089697,-0.7789097720242321,0.7751337599001423,-0.7392454361446669,0.7354694240205771,3,3
51011,38,0,4,1296253.0,1490564.0,0.10526315789473684,15707.0,0.27637359139237283,34.01458585344115,0.0,15.545289274208953,11.4,62213.317362817885,0.032517061421116,24.19303495256892,0.0,82.52708983255873,94.89807092379193,0.029839512455762218,0.4179257272271668,-0.3880862147714046,-0.7392454361446669,0.7690849486004291,3,3
51013,757,4,40,195674791.0,152606504.0,0.052840158520475564,233464.0,0.4643628139670356,26.71168017338862,0.05084745762711865,14.445720129930097,7.1,127266.17195500388,0.0271716455964451,32.42469931124285,0.1713326251584827,838.136890484186,653.6618236644622,-0.5655054410623819,1.4495613364749789,-2.0150667775373607,-0.39362329473060387,-0.171882146331778,3,3
51015,98,2,5,2672658.0,1690503.0,0.05102040816326531,75079.0,0.45109817658732804,25.971011867499566,0.0,13.847481555961053,8.2,66468.91347178127,0.0350660405854408,13.052917593468214,0.266386073336086,35.597943499513846,22.516322806643668,-0.5674058115071942,-0.35441472377438754,-0.21299108773280662,-0.22309808245433355,-0.3443077290528606,3,3
51017,23,0,2,96753.0,639188.0,0.08695652173913043,4307.0,1.0,18.7,0.0,17.411435,10.5,52718.515384214195,0.0804327375352775,53.40143951706525,0.0,22.46412816345484,148.40677966101694,-0.36717346397978323,0.6465532733644652,-1.0137267373442485,-0.7392454361446669,0.37207197216488364,3,3
51019,143,0,8,44623795.0,21731676.0,0.055944055944055944,71927.0,0.21908323717102063,25.590673877681535,0.0,13.057178389923116,9.9,68046.08084665984,0.0361452062648216,19.88126850834874,0.0,620.4039512283288,302.1351648198868,-0.7434523003796004,0.9763195358075354,-1.7197718361871357,-0.7392454361446669,-0.0042068642349335494,3,3
51021,16,0,0,,,0.0,6388.0,0.6186599874765185,34.23894802755166,0.0,15.850019589229806,13.9,51439.18674074751,0.0537766830870279,25.046963055729492,0.0,,,0.569724784966627,-0.24981508479483888,0.819539869761466,-0.7392454361446669,1.308970221111294,3,1
51023,69,0,1,121367.0,73999.0,0.014492753623188406,33343.0,0.5727139129652401,27.07971688210419,0.0,13.113600892721111,6.3,75371.21776049442,0.0317278747742323,20.693998740365295,0.0,3.639954413220166,2.21932639534535,-0.4696519847948691,-0.9449061930488876,0.4752542082540185,-0.7392454361446669,0.2695934513497978,3,3
51025,35,0,1,430.0,179881.0,0.02857142857142857,16520.0,0.5683414043583536,24.738474576271184,0.6,16.571475433777238,20.8,47096.676838276035,0.0957526639651808,21.1864406779661,0.0,0.02602905569007264,10.8886803874092,0.23627176952053672,-1.0252280216773464,1.2614997911978831,-0.7392454361446669,0.9755172056652036,3,3
51027,56,2,0,,,0.0,21788.0,0.0,28.791004222507798,1.0,18.347986128694693,22.8,33870.94128469076,0.0721425467188179,25.702221406278685,0.9179364787956673,,,0.03997985910471569,-0.20825163331347663,0.2482314924181923,0.6840717912039527,-0.644091932099237,3,1
51029,32,1,0,,,0.0,17059.0,0.4872501318951873,28.29302421009438,0.25,16.620447425171466,18.1,51962.78935041821,0.0701681256078921,18.758426636965826,0.5862008324051821,,,0.24547920091811282,-0.7120646657904125,0.9575438667085253,0.26902449839250164,-0.023545297474388827,3,1
51031,93,1,2,228589.0,484946.0,0.021505376344086023,55225.0,0.2885830692621095,26.888530556813038,0.16666666666666666,14.959350327496601,12.4,52640.080985194705,0.0370194935325195,16.840199185151654,0.1810774105930285,4.13923042100498,8.78127659574468,-0.42036598732927616,-0.8235305817964105,0.4031645944671343,-0.37551632389468625,-0.044849663434589904,3,3
51033,45,0,3,162319.0,1397245.0,0.06666666666666667,30381.0,0.054277344392877125,28.16373720417366,0.14285714285714285,16.23801078703795,9.3,69004.25242387102,0.0374338992485388,14.811889009578355,0.0,5.342780026990553,45.99075079819624,-0.7693627283090568,-0.550633961863714,-0.21872876644534278,-0.7392454361446669,-0.030117292164389964,3,3
51035,42,0,0,,,0.0,29801.0,0.18150397637663165,27.60084896479984,0.14285714285714285,16.65564440545619,16.1,47521.70648701684,0.0273890593429619,14.09348679574511,0.0,,,-0.2587606695685005,-1.1625968530809723,0.9038361835124717,-0.7392454361446669,0.48048476657616634,3,1
51036,17,0,0,,,0.0,7014.0,0.0,33.96652409466781,0.0,17.04729836427146,11.3,60625.55074482857,0.0297515886770652,24.23723980610208,0.0,,,-0.2794624303277083,-0.30264519811554597,0.023182767787837677,-0.7392454361446669,0.4597830058169586,3,1
51037,31,1,1,127821.0,532374.0,0.03225806451612903,12040.0,1.0,30.00548172757475,1.0,18.87102735614618,20.8,43004.309073218115,0.0597876699571614,25.74750830564784,0.8305647840531561,10.616362126245846,44.2171096345515,1.0918734928872353,-0.12959346877862146,1.2214669616658569,0.5821714060679766,0.5097020868192588,3,3
51041,546,1,15,1765890.0,2015942.0,0.027472527472527472,343551.0,0.9336081105862012,29.1043577227253,0.08450704225352113,13.46298577669109,6.9,87548.68817042721,0.0491044889047418,15.892836871381542,0.029107759837695132,5.140110201978746,5.86795555827228,0.10718006032166634,-0.8802915597110363,0.9874716200327027,-0.6765382195164897,0.7837182798381561,3,3
51043,43,2,5,30818114.0,48869155.0,0.11627906976744186,11375.0,0.0,37.385116483516484,0.0,14.957434872615384,7.3,84821.50291803299,0.0441196013289036,37.8021978021978,1.7582417582417582,2709.2847472527474,4296.18945054945,-0.271489777658979,2.146043816897866,-2.417533594556845,1.4781651242837108,-1.74965490194269,3,3
51045,13,0,2,103750.0,47165.0,0.15384615384615385,5110.0,1.0,23.8,0.0,14.070413,12.3,59046.26352132785,0.0190901705930138,25.44031311154599,0.0,20.303326810176124,9.229941291585128,0.11769104995875039,-0.2782878527678147,0.3959789027265651,-0.7392454361446669,0.8569364861034172,3,3
51047,98,0,4,22551229.0,38848237.0,0.04081632653061224,51101.0,0.3888573609127023,27.438686131386863,0.375,15.773620644664488,9.6,82605.2011835766,0.0514305571643692,19.17770689418994,0.0,441.30699986301636,760.2245944306374,-0.4416540001822748,1.0533218789291339,-1.4949758791114087,-0.7392454361446669,0.29759143596239207,3,3
51049,13,1,1,72239.0,17015.0,0.07692307692307693,9824.0,1.0,32.83186074918567,0.0,17.0551875901873,14.2,50313.547122386575,0.0465207193119624,13.232899022801302,1.017915309446254,7.353318403908795,1.7319828990228012,0.897951785412077,-1.07932953983421,1.9772813252462869,0.7951290156447135,0.10282276976736349,3,3
51051,29,0,0,,,0.0,14756.0,0.0,34.63348468419626,0.75,17.993238248983467,19.4,31725.654479076344,0.0487431693989071,19.65302249932231,0.0,,,0.2628378311349823,-0.6379872423119908,0.9008250734469732,-0.7392454361446669,1.0020832672796491,3,1
51053,47,1,1,380451.0,93066.0,0.02127659574468085,28485.0,0.45662629454098647,28.522741793926624,0.42857142857142855,17.208067858135863,11.8,63962.19247609051,0.0635645183267475,16.49991223450939,0.35106196243637,13.35618746708794,3.267193259610321,-0.15444364489309767,-0.759888119894895,0.6054444750017973,-0.08164339906089398,-0.0728002458322037,3,3
51057,22,1,2,567075.0,639642.0,0.09090909090909091,10998.0,0.6667575922895072,31.820931078377885,0.6666666666666666,18.362881246317514,13.0,55067.30765755487,0.0684009459705293,20.003637024913623,0.9092562284051645,51.56164757228587,58.159847244953625,0.3891568745856972,0.12285169075993595,0.26630518382576124,0.6741580694013503,-0.28500119481565306,3,3
51059,2795,8,125,74293123.0,75299477.0,0.044722719141323794,1145862.0,0.8817187410002252,28.37408797918074,0.027131782945736434,13.149693642350476,6.1,132311.4116757176,0.0389758393001944,24.392117026308576,0.06981643513791365,64.83601253903176,65.7142631486165,-0.05153139876854682,0.3013838957552772,-0.35291529452382403,-0.5917513225233664,0.5402199237548195,3,3
51061,202,1,13,5870006.0,13458252.0,0.06435643564356436,69728.0,0.2547326755392382,26.091585876548876,0.0,12.839794071707207,6.1,106822.35184300251,0.0317033852767329,28.969710876548877,0.14341441027994492,84.18434488297385,193.01072739788893,-0.8993294345523272,0.650769086541321,-1.5500985210936482,-0.44634497334523676,-0.4529844612070904,3,3
51063,45,1,3,554196.0,1886302.0,0.06666666666666667,15704.0,1.0,16.05921421293938,0.0,13.846668856214977,11.1,54608.36043085969,0.0229670182934971,28.655119714722364,0.6367804381049414,35.29011716760061,120.11602139582273,-0.5249477589826385,0.3663527836171454,-0.8913005425997839,0.337626592832602,-0.8625743518152404,3,3
51065,63,2,1,306007.0,627989.0,0.015873015873015872,26594.0,0.38647815296683463,26.42865307964203,0.0,12.827383204519817,7.6,81479.56156521568,0.0240685026614209,23.68955403474468,0.752049334436339,11.50661803414304,23.613935474167107,-0.6403362229336848,-0.27137114381363053,-0.3689650791200542,0.486361879545277,-1.1266981024789617,3,3
51067,79,1,3,314550.0,337000.0,0.0379746835443038,56187.0,0.4487514905583142,28.502909925783545,0.0,14.607149537455282,11.4,59624.982195174416,0.0472404831065586,14.06019185932689,0.17797711214337836,5.598270062469966,5.9978286792318505,-0.18879845357501024,-0.9247589564110285,0.7359605028360182,-0.38126079216630454,0.1924623385912943,3,3
51069,114,0,2,3420331.0,998074.0,0.017543859649122806,86415.0,0.6722444020135393,26.001821443036516,0.07142857142857142,14.674955928669792,7.4,82676.21611241858,0.0323645674243104,13.192154139906267,0.0,39.58029277324538,11.549777237748076,-0.3740600105383713,-0.44318072480463294,0.06912071426626165,-0.7392454361446669,0.3651854256062956,3,3
51071,30,0,0,,,0.0,16772.0,0.0,19.940364893870736,0.0,14.291319032196517,11.3,57787.07343977156,0.0492948799390166,17.886954447889337,0.0,,,-1.3115097493401502,-0.7875255727272265,-0.5239841766129237,-0.7392454361446669,-0.5722643131954833,3,1
51073,81,2,3,413228.0,472136.0,0.037037037037037035,37222.0,0.15606361829025844,30.06764279189726,0.0,15.183112738541725,7.9,74763.88113024883,0.0312636165577342,21.761323948202676,0.5373166406963624,11.101714040083822,12.684326473590888,-0.6041533079586917,-0.4337417130041141,-0.17041159495457758,0.2006106500169885,-0.8047639579756802,3,3
51075,57,1,6,938176.0,1964403.0,0.10526315789473684,22865.0,0.19107806691449813,21.736763612508202,0.0,13.465308039230266,6.7,99626.52569511901,0.0355648535564853,24.92893068007872,0.4373496610540127,41.03109556090094,85.91309862234857,-1.2522445626116057,0.2622711247077838,-1.5145156873193895,0.053661881549920035,-1.3059064441615258,3,3
51077,25,0,0,,,0.0,15742.0,0.3048532587981197,28.25593317240503,0.6,17.612550893850848,16.4,38733.874023899705,0.0552704881982114,15.881082454580104,0.0,,,-0.058542236616653885,-0.975351898070781,0.9168096614541271,-0.7392454361446669,0.680703199528013,3,1
51079,43,1,2,2399775.0,1167317.0,0.046511627906976744,19519.0,0.5358368768891849,25.266693990470824,0.0,13.938390472616424,8.9,71436.77871778657,0.0488151658767772,22.02981710128593,0.512321327936882,122.9455914749731,59.80413955632973,-0.48472170756546135,0.3708571531289256,-0.8555788606943869,0.1647841754168509,-0.6495058829823123,3,3
51081,22,0,0,,,0.0,11525.0,0.0,18.66998698481562,0.0,13.832259775097615,27.3,53314.19284703796,0.0487923883874115,19.088937093275486,0.0,,,-0.4307124216855222,-0.6843130662945026,0.2536006446089804,-0.7392454361446669,0.30853301445914466,3,1
51083,82,0,5,2918584.0,1356870.0,0.06097560975609756,34552.0,0.8757524890020838,30.12554989580921,0.5555555555555556,17.55010718719611,19.7,45225.91042922987,0.032041481087549,23.732345450335725,0.0,84.46932160222273,39.27037508682565,0.8990033493923125,0.2506635584481902,0.6483397909441223,-0.7392454361446669,1.6382487855369794,3,3
51085,235,1,14,6010125.0,7015629.0,0.059574468085106386,105537.0,0.6003297421757299,25.732453073329733,0.08695652173913043,14.338721535812086,5.3,94746.63416693288,0.0269055158056784,22.267072211641413,0.09475349877294219,56.948037181272916,66.47553938429176,-0.5997316062971642,0.22627436279144866,-0.8260059690886128,-0.5413923376725833,-0.05833926862458083,3,3
51087,705,6,24,4892935.0,11996536.0,0.03404255319148936,327535.0,0.9042392416077671,29.21315645656189,0.15625,14.35300794627139,9.4,74520.09853870174,0.0444937592810338,21.52441723785244,0.18318652968385057,14.93866304364419,36.6267299677897,0.2355703458388503,-0.18912119584192247,0.4246915416807728,-0.3716169999207589,0.6071873457596092,3,3
51089,60,1,1,105997.0,117093.0,0.016666666666666666,51308.0,0.41192406642239027,28.89130934747018,0.9285714285714286,19.054448997563732,16.9,40226.247453892334,0.0776515151515151,11.694082794106182,0.1949013799017697,2.065896156544788,2.282158727683792,0.1347534620766486,-1.3326387575039105,1.467392219580559,-0.3500844030986213,0.48483786517526994,3,3
51091,5,0,1,69857.0,513491.0,0.2,2204.0,1.0,19.9,0.0,14.390832,12.9,51498.542502167664,0.0374449339207048,22.68602540834846,0.0,31.695553539019965,232.98139745916515,-0.1327364535184962,0.3407623965877602,-0.47349885010625636,-0.7392454361446669,0.6065089826261707,3,3
51093,81,0,3,133968.0,34832.0,0.037037037037037035,36627.0,0.4311300406803724,28.836530428372516,0.125,16.114253956644006,7.3,78424.8597006995,0.0637033140452393,22.1148333196822,0.0,3.6576296174952905,0.9509924372730499,-0.4330150102176425,-1.0022509139938653,0.5692359037762229,-0.7392454361446669,0.3062304259270244,3,3
51095,138,1,12,3837590.0,3855950.0,0.08695652173913043,74916.0,0.8448529019168135,27.738395002402694,0.09090909090909091,14.093471721594854,7.2,92932.04374637363,0.0431768220506172,18.42063110683966,0.13348283410753378,51.22523893427305,51.470313417694484,-0.07129882990050748,0.055304703686931744,-0.12660353358743923,-0.4654110599348277,0.39411223003432017,3,3
51097,11,1,0,,,0.0,7042.0,0.6055097983527407,22.30187446748083,0.0,16.770073971314968,12.7,67816.07727115671,0.0304125263474857,15.620562340244248,1.4200511218403862,,,-0.39593659625442096,-1.0013700433704076,0.6054334471159866,1.1922891620852423,-1.5882257583396633,3,1
51099,42,1,2,198151.0,197935.0,0.047619047619047616,26229.0,0.21907049449083077,25.1079339662206,0.0,13.942807757787183,6.3,99923.3045022198,0.030642528565069,16.01281024819856,0.38125738686187044,7.554653246406649,7.546418086850433,-0.998197398714975,-0.761454466132867,-0.236742932582108,-0.03333624838293105,-0.964861150332044,3,3
51101,29,0,1,91998.0,195738.0,0.034482758620689655,16688.0,0.20194151486097794,33.384270134228196,0.0,14.425515492809204,7.1,71001.14982593502,0.0404590772084396,17.377756471716204,0.0,5.512823585810163,11.729266538830297,-0.3590827247482318,-0.7048754768336746,0.3457927520854428,-0.7392454361446669,0.3801627113964351,3,3
51103,29,0,3,371016.0,483846.0,0.10344827586206896,10724.0,0.0,25.661618798955615,0.0,15.829059081033197,12.6,56929.59467211244,0.0409080692290402,27.042148452070123,0.0,34.59679224170086,45.11805296531145,-0.8113792600666677,0.15047182955648836,-0.961851089623156,-0.7392454361446669,-0.07213382392200085,3,3
51105,50,0,1,77619.0,111702.0,0.02,23948.0,0.0,31.341456489059627,1.0,19.17256011474862,25.0,34858.790742612015,0.0905935439083651,20.878570235510274,0.0,3.2411474862201435,4.664356104893937,0.36160499091382164,-0.8546866394267063,1.216291630340528,-0.7392454361446669,1.1008504270584885,3,3
51107,699,4,37,12036802.0,12155143.0,0.05293276108726753,395134.0,0.8258438909332024,27.090498919353937,0.046153846153846156,13.104378567485966,4.1,150826.1695415637,0.0323914882891965,17.690201298799902,0.10123148096595079,30.46258231384796,30.76207818107275,-0.3283481108516822,-0.1729980301445251,-0.15535008070715708,-0.5284980990012461,0.20014998814956392,3,3
51109,47,2,0,,,0.0,36040.0,0.0,29.783526637069922,0.16666666666666666,15.491826172613763,9.4,64628.88486775625,0.0542223745857616,13.041065482796892,0.5549389567147615,,,-0.7029429318837445,-1.2835069975450375,0.580564065661293,0.22552080116524906,-0.9284637330489935,3,1
51111,21,0,1,2050.0,,0.047619047619047616,12282.0,0.0,32.279840416870215,0.6666666666666666,17.539107058622374,19.1,46957.826753525296,0.0453421269579554,17.098192476795308,0.0,0.16691092655919232,,0.07138866293293467,-1.3900411429872648,1.4614298059201993,-0.7392454361446669,0.8106340990776015,3,2
51113,40,1,1,73388.0,46570.0,0.025,13170.0,0.0,30.97190584662111,0.0,16.402872002429763,10.1,61364.31798964737,0.0507955936352509,30.372057706909644,0.7593014426727411,5.572361427486713,3.536066818526955,-0.5728773773336905,-0.597414482135285,0.024537104801594545,0.4953895300663368,-1.0682669074000273,3,3
51115,31,0,0,,,0.0,8788.0,0.0,30.588222576240327,0.0,15.51817184638143,9.2,68086.35797048066,0.0443021083533493,35.275375512061906,0.0,,,-0.655911659352818,0.30430331228317226,-0.9602149716359902,-0.7392454361446669,0.08333377679184883,3,1
51117,70,0,3,350454.0,3492468.0,0.04285714285714286,30728.0,0.503319448060401,25.34165581879719,0.4444444444444444,17.374540957725852,14.6,45796.14970858785,0.0388572333016777,22.780525904712313,0.0,11.405037750585786,113.65751106482686,-0.1673807893802124,-0.006653416010119521,-0.16072737337009288,-0.7392454361446669,0.5718646467644545,3,3
51119,25,0,1,53115.0,852440.0,0.04,10675.0,0.0,26.355025761124125,0.5,16.70424277798595,12.9,60879.932579486405,0.0550537634408602,23.4192037470726,0.0,4.975644028103044,79.85386416861827,-0.7420906516574178,-0.22020979273479166,-0.5218808589226261,-0.7392454361446669,-0.002845215512750965,3,3
51121,214,5,11,1484441.0,1951717.0,0.0514018691588785,98140.0,0.7004075810067251,29.067363969839,0.0,11.7004066405645,23.8,61451.231783155454,0.0413956115213253,21.805583859792133,0.5094762584063582,15.125748930099858,19.887069492561647,0.8806697123982566,-0.2895608632687026,1.1702305756669593,0.16066877873315302,0.7200009336651036,3,3
51125,67,0,2,773726.0,529060.0,0.029850746268656716,14831.0,0.3684175038770144,24.763353785988805,0.0,15.039082307801227,13.8,68166.9122181223,0.0349748181309457,45.17564560717416,0.0,52.16950981053199,35.672577708853076,-0.40492231271825907,0.47534818115618055,-0.8802704938744397,-0.7392454361446669,0.3343231234264078,3,3
51127,51,1,1,344838.0,861942.0,0.0196078431372549,21686.0,0.0,34.40316333118141,0.0,14.314029468873928,5.6,93171.58664067645,0.0350397175639894,23.517476713086783,0.46112699437425064,15.901411048602785,39.74647237849304,-0.5944188234830944,-0.1138664721335431,-0.48055235134955127,0.08951997062690022,-0.6839387941099946,3,3
51131,38,0,2,286816.0,436285.0,0.05263157894736842,7742.0,0.0,21.94368380263498,0.3333333333333333,16.85534625884784,17.5,50057.045439106594,0.0400392541707556,49.082924308964095,0.0,37.0467579436838,56.35300955825368,-0.7865747977683867,0.5294701535172154,-1.316044951285602,-0.7392454361446669,-0.04732936162371981,3,3
51133,51,0,3,3711121.0,6930677.0,0.058823529411764705,12190.0,0.45734208367514356,29.940426579163248,0.3333333333333333,15.644206199507794,12.1,66385.1794512064,0.0462796728505884,41.837571780147655,0.0,304.4397867104184,568.5543068088597,-0.03108640215429148,1.3362639350627283,-1.3673503372170197,-0.7392454361446669,0.7081590339903754,3,3
51135,44,0,2,322546.0,1157239.0,0.045454545454545456,15433.0,0.6451759217261712,30.496313095315234,0.5,17.943518971295276,17.8,48263.653504768845,0.0406436629064366,28.51033499643621,0.0,20.899760254001166,74.98470809304736,0.5605714797426035,0.16375764338947854,0.39681383635312495,-0.7392454361446669,1.2998169158872703,3,3
51137,103,0,1,403209.0,181266.0,0.009708737864077669,36010.0,0.7052207720077757,28.091349625104137,0.0,15.00729700094418,8.0,75835.46460874498,0.0573661456601263,28.603165787281313,0.0,11.197139683421272,5.033768397667314,-0.14802014139126032,-0.4384219267865004,0.2904017853952401,-0.7392454361446669,0.5912252947534066,3,3
51139,44,0,1,109131.0,125149.0,0.022727272727272728,23788.0,0.0,29.190856734487976,0.2,17.34850477513873,14.2,54895.599919160835,0.0648792644152272,18.49672103581638,0.0,4.5876492349083575,5.2610139566167815,-0.454270101139691,-0.8386888163437233,0.38441871520403226,-0.7392454361446669,0.28497533500497585,3,3
51141,30,1,1,285917.0,686511.0,0.03333333333333333,17748.0,0.5809105251295921,27.27525918413342,0.75,17.630779033693937,14.4,45654.119850903895,0.0515174700331548,16.903313049357674,0.5634437683119224,16.109815190443992,38.68103448275862,0.046848953199674144,-0.29139754233906195,0.3382464955387361,0.23744201336570528,-0.19059306016603114,3,3
51143,80,0,2,103022.0,250660.0,0.025,61256.0,0.40355230508031864,27.100429345696746,0.25,16.507972974027034,13.7,50547.790395134,0.0577438647143741,13.059945148230376,0.0,1.6818270863262375,4.092007313569283,-0.20095183950628107,-1.2234868296788182,1.0225349901725371,-0.7392454361446669,0.5382935966383858,3,3
51145,50,1,2,884515.0,3449005.0,0.04,28815.0,0.1743883394065591,20.993007114350164,0.0,12.954429640812076,6.1,94428.65687361055,0.0236191593926501,17.352073572791948,0.34704147145583897,30.69633871247614,119.69477702585459,-1.361602439418257,0.06788488044407666,-1.4294873198623337,-0.08815675600981769,-1.2734456834084393,3,3
51147,54,0,3,303481.0,725522.0,0.05555555555555555,22905.0,0.5300152805064396,27.517354289456446,0.0,15.878928898450122,25.1,50030.547331329726,0.065512048192771,23.575638506876228,0.0,13.249552499454268,31.675267408862695,0.661020193827809,-0.19189223621224463,0.8529124300400536,-0.7392454361446669,1.4002656299724758,3,3
51149,55,1,3,300963.0,1351002.0,0.05454545454545454,38114.0,0.733536233405048,28.166311591541167,0.14285714285714285,14.870910782730755,11.3,76221.27705797601,0.0524077548467792,14.43039303143202,0.2623707823896731,7.896389778034318,35.44634517500131,0.08914207819074645,-0.5361898718512272,0.6253319500419737,-0.23003864019676137,0.31918071838750783,3,3
51153,648,3,40,393820003.0,244849167.0,0.06172839506172839,461423.0,0.9458219464569386,29.707987898305895,0.060240963855421686,13.468747880084,6.7,113551.81129401331,0.0457226070655628,14.04351321889026,0.06501626490226972,853.4901879620219,530.6392767590693,0.1526605373289641,0.9695430991741917,-0.8168825618452276,-0.6015796039900068,0.7542401413189709,3,3
51155,52,0,3,241437.0,1348985.0,0.057692307692307696,34182.0,0.22298285647416768,22.124820080744254,0.0,14.300612699461704,16.5,57093.88294032896,0.0582424242424242,15.212685038909367,0.0,7.063278918729155,39.46477678310222,-0.5923548417810691,-0.5110251224805772,-0.08132971930049193,-0.7392454361446669,0.14689059436359775,3,3
51157,30,0,2,265141.0,269147.0,0.06666666666666667,7378.0,0.5692599620493358,30.29696394686907,0.0,16.525251859582543,9.0,78735.41752384428,0.0425305688463583,40.661425860666846,0.0,35.93670371374356,36.47966928706967,-0.07226314763396839,0.3407176124388768,-0.41298076007284523,-0.7392454361446669,0.6669822885106985,3,3
51159,15,1,0,,,0.0,8884.0,0.0,27.971634398919406,0.5,16.71213415083296,15.6,52484.272111466766,0.0214477211796246,16.884286357496624,1.125619090499775,,,-0.45873190332406244,-0.878778967602482,0.42004706427841954,0.9087718089854355,-1.367503712309498,3,1
51161,163,0,8,2647958.0,2179547.0,0.049079754601226995,93823.0,0.7351075962184113,26.276422625582217,0.0,12.275115383349497,7.2,73079.66139995176,0.0319139930584948,17.37313878260128,0.0,28.22290909478486,23.230412585400167,-0.2978696285540509,-0.24959312089209,-0.04827650766196093,-0.7392454361446669,0.44137580759061595,3,3
51163,73,1,4,418534.0,1018974.0,0.0547945205479452,22570.0,1.0,24.51077536552946,0.25,16.018986107487812,11.4,57871.867384657504,0.0489604292421193,32.34381922906513,0.44306601683650865,18.543819229065132,45.14727514399645,0.11518723139657472,0.1132810714904831,0.0019061599060916229,0.062336466723410665,0.052850764673164054,3,3
51165,106,1,6,1684438.0,6373365.0,0.05660377358490566,80284.0,0.22624682377559663,26.506623984853768,0.05263157894736842,14.460742288388717,10.1,65571.15758030131,0.0309949857437813,13.203128892431867,0.12455781973992328,20.980992476707687,79.38524488067361,-0.6561105343784027,-0.23267579095749,-0.4234347434209127,-0.4826878672304219,-0.17342266714798082,3,3
51167,46,0,0,,,0.0,27141.0,0.0,27.895803397074538,0.7142857142857143,17.4140588635275,18.5,42140.47075969255,0.0643180674383492,16.948528057182862,0.0,,,-0.28772476881562903,-0.8727806560709084,0.5850558872552793,-0.7392454361446669,0.45152066732903784,3,1
51169,46,2,2,341876.0,594025.0,0.043478260869565216,21902.0,0.36430462971418137,29.203999634736554,0.5,18.25639817135421,20.5,42206.18606697916,0.0504268639726807,21.002648159985387,0.9131586156515387,15.609350744224272,27.121952333120262,0.3253379368095734,-0.2473846507402145,0.5727225875497879,0.6786205542637256,-0.3532826174541522,3,3
51171,91,2,5,479230.0,4410811.0,0.054945054945054944,43224.0,0.19806126226170645,29.307259855635756,0.3333333333333333,17.21358628560522,9.9,60682.786657626595,0.042300711992182,21.053118637793816,0.46270590412733664,11.087127521747178,102.0454145844901,-0.49277970207300453,-0.07445100330904919,-0.41832869876395534,0.09188038832136264,-0.5846600903943672,3,3
51173,56,0,2,1124486.0,2970122.0,0.03571428571428571,30767.0,0.11479832287840869,28.10592192933988,0.3333333333333333,17.552884234309488,15.1,43384.82190089379,0.0569443395513934,18.201319595670686,0.0,36.54844476224526,96.53596385737966,-0.3548193253585004,0.09113584379193601,-0.4459551691504364,-0.7392454361446669,0.38442611078616645,3,3
51175,40,0,1,115560.0,68241.0,0.025,17880.0,0.42695749440715886,28.23305369127517,0.0,16.08733604038032,13.3,65024.23663578697,0.0415251038127595,22.371364653243848,0.0,6.4630872483221475,3.8166107382550334,-0.11659131041968784,-0.7219946622059682,0.6054033517862804,-0.7392454361446669,0.622654125724979,3,3
51177,180,0,4,2477580.0,2323491.0,0.022222222222222223,132833.0,0.6080642611399276,29.5618633923799,0.0,13.776040313702167,6.6,93938.97184189424,0.0522317461227532,13.550849562985102,0.0,18.651841033478128,17.491820556638785,-0.23041664478829196,-0.5187365002089674,0.2883198554206755,-0.7392454361446669,0.5088287913563749,3,3
51179,194,0,3,234786.0,1007779.0,0.015463917525773196,146773.0,0.7427728533177083,29.037823032846642,0.0,12.887366306602713,5.3,117766.0703548448,0.0371979255774165,13.21768990209371,0.0,1.5996538872953472,6.866242428784585,-0.20206852295856734,-1.142961430549012,0.9408929075904445,-0.7392454361446669,0.5371769131860995,3,3
51181,15,0,0,,,0.0,6523.0,1.0,23.421217231335273,0.5,17.84913355649241,12.4,61435.332918489345,0.0571514063435068,22.995554192856048,0.0,,,0.09590934541927125,-0.3870450576877086,0.48295440310697985,-0.7392454361446669,0.8351547815639381,3,1
51183,27,0,1,123610.0,712797.0,0.037037037037037035,11377.0,0.5578799331985584,28.645715039114002,0.2,16.087893524830797,20.9,52452.47438213455,0.0705329153605015,23.732091060912367,0.0,10.864902874219917,62.65245671090797,0.5185128837431846,-0.10466364456115174,0.6231765283043363,-0.7392454361446669,1.2577583198878515,3,3
51185,86,0,2,2825902.0,8380858.0,0.023255813953488372,41603.0,0.28089320481696034,23.34226858640002,0.36363636363636365,16.947039565151552,21.0,44621.753571917514,0.0647748303516348,20.671586183688678,0.0,67.92543806937,201.4484051630892,-0.16596764571234357,0.43066323752111463,-0.5966308832334581,-0.7392454361446669,0.5732777904323233,3,3
51187,81,2,3,200401.0,60670.0,0.037037037037037035,39492.0,0.382786387116378,26.17798541476755,0.25,15.879007362807657,9.3,73257.72868421224,0.0529968454258675,20.510483135824977,0.5064316823660489,5.074470778891928,1.536260508457409,-0.5592670401375145,-0.9340521766250842,0.3747851364875697,0.15625619507310531,-0.7155232352106198,3,3
51191,109,3,8,1187462.0,1878789.0,0.07339449541284404,54071.0,0.18263024541806144,28.4207486452997,0.23076923076923078,16.562151169739785,12.8,51401.029465548825,0.0522355201537045,20.158680253740453,0.5548260620295538,21.961162175657932,34.746703408481444,-0.3981546641079365,-0.1520718821666571,-0.2460827819412794,0.2253621183183231,-0.6235167824262595,3,3
51193,29,0,0,,,0.0,17751.0,0.0,35.56473438116163,0.75,18.331183210072673,12.5,57080.103924284995,0.0619501466275659,16.33710776857642,0.0,,,-0.08879543251699773,-0.9307606037897436,0.8419651712727458,-0.7392454361446669,0.6504500036276691,3,1
51195,85,2,2,82665.0,168124.0,0.023529411764705882,38486.0,0.3370056643974432,31.606412721509116,0.7272727272727273,17.622655656030762,18.2,41218.336609057886,0.0935705280851659,22.08595333367978,0.5196694902042301,2.147923920386634,4.368445668554799,0.3324556204283405,-0.9013104384455731,1.2337660588739137,0.17537758506963372,0.15707803535870676,3,3
51197,62,1,4,302024.0,582429.0,0.06451612903225806,28844.0,0.23394813479406462,22.949538898904457,0.5,17.127461230619886,13.5,52322.1036918724,0.0557089261697458,21.494938288725557,0.3466925530439606,10.470947164054916,20.192379697684093,-0.7024580472829317,-0.37054186857887955,-0.33191617870405216,-0.08872293433317839,-0.6137351129497534,3,3
51199,99,0,4,292899.0,413346.0,0.04040404040404041,67982.0,0.8445029566649995,29.65303021388015,0.0,14.366110440749022,6.5,97586.17139630095,0.056243629737159,14.562678356035422,0.0,4.308478714953958,6.08022711894325,0.026576523969563743,-0.9528311532789259,0.9794076772484896,-0.7392454361446669,0.7658219601142306,3,3
51600,106,1,6,1004326.0,636048.0,0.05660377358490566,23531.0,0.824401852874931,34.61568569121584,0.0,13.900674461093875,,123988.8859851621,0.0413491284992077,45.04695933024521,0.42497131443627556,42.680974034252685,27.030215460456418,1.2718507254441158,0.37969540752643677,0.8921553179176791,0.03475886675541047,1.2370918586887054,2,3
51620,29,0,3,158204.0,684456.0,0.10344827586206896,8147.0,1.0,32.70422241315821,0.5,17.01760226979256,,42838.96088069052,0.1360799001248439,35.59592488032405,0.0,19.41868172333374,84.01325641340371,1.346487869041857,0.2890978114529707,1.0573900575888862,-0.7392454361446669,2.085733305186524,2,3
51760,718,1,33,11388046.0,32441647.0,0.04596100278551532,226622.0,0.8688212088852804,33.352068642938455,0.5151515151515151,17.63488516136562,,50081.42369826129,0.0654201862507813,31.682713946571827,0.044126342543971894,50.2512818702509,143.15312282126183,1.2046319086283703,0.5301618827445783,0.674470025883792,-0.6448737465528422,1.8495056551812126,2,3
51770,247,2,10,2822011.0,4403807.0,0.04048582995951417,99229.0,1.0,30.07961886142156,0.2608695652173913,16.261467277559987,,46880.45227881688,0.062672284791683,24.891916677584174,0.20155398119501355,28.43937760130607,44.38024166322345,1.0568096663069542,0.060569598210872884,0.9962400680960812,-0.337950309851039,1.3947599761579932,2,3
53001,54,4,1,140228.0,378058.0,0.018518518518518517,19594.0,0.8718485250586915,24.964085944676945,0.0,16.382649354649384,15.1,51187.98467902288,0.0666263603385731,27.559456976625498,2.0414412575278145,7.15668061651526,19.294579973461264,0.23488558218223998,-0.32165477134054254,0.5565403535227825,1.6917732730195258,-1.4568876908372859,3,3
53003,65,3,1,51566.0,104643.0,0.015384615384615385,22421.0,1.0,28.244966772222472,0.0,14.01431176031399,14.9,56933.83436935674,0.0664486969900952,28.990678381874137,1.3380313099326524,2.299897417599572,4.667187012176085,0.6030716992219416,-0.7347573485360398,1.3378290477579813,1.116933847048844,-0.5138621478269023,3,3
53005,329,8,9,457956.0,6805425.0,0.02735562310030395,197518.0,0.8488745329539586,27.224024139572084,0.10810810810810811,15.259612947599713,11.2,73159.15572328234,0.0488048022296066,16.656709768223656,0.40502637734282443,2.3185532457801314,34.45470792535364,0.13878237964485393,-0.6863547804664448,0.8251371601112988,0.003952687331827231,0.1348296923130267,3,3
53007,221,9,15,5144111.0,4864474.0,0.06787330316742081,76229.0,0.6804759343556914,24.31280352621706,0.0,14.903665495152767,10.2,62318.24986961425,0.0393476154591452,28.991591126736544,1.180653032310538,67.48233611879994,63.81395531884191,-0.318915075906411,0.39761591033264293,-0.7165309862390539,0.9646364298864695,-1.2835515057928806,3,3
53009,188,7,7,1501562.0,930105.0,0.03723404255319149,75392.0,0.7639935271646859,30.279249787775893,0.0,14.69896468121286,11.9,55319.56964359056,0.0768215332109855,24.936332767402376,0.9284804753820034,19.916728565365027,12.336919036502547,0.31417298533600335,-0.24355886731266985,0.5577318526486732,0.6960539216843662,-0.38188093634836284,3,3
53011,707,13,33,15681847.0,11443694.0,0.04667609618104668,473252.0,0.7602461267992529,28.746467209858597,0.18269230769230768,16.455539234830493,7.5,79762.4841812753,0.0482121603272257,14.939186733495053,0.2746950884518185,33.13635652886834,24.180973350350342,-0.07059758923707786,-0.2869497192931943,0.21635213005611642,-0.2088053053595483,0.13820771612247046,3,3
53013,23,3,0,,,0.0,3992.0,1.0,25.7,0.0,15.059327,13.6,56624.33647052304,0.0539215686274509,57.61523046092184,7.515030060120241,,,0.336652988986164,1.1070395279747607,-0.7703865389885967,3.941765316628474,-3.60511232764231,3,1
53015,165,9,5,677115.0,470883.0,0.030303030303030304,106778.0,0.6507520275712225,28.552935061529528,0.125,14.962949980276838,13.2,57772.23449941652,0.0661134567952844,15.452621326490474,0.8428702541722077,6.341334357264605,4.40992526550413,0.1435204464859545,-0.8997053128506058,1.0432257593365604,0.5968137812608142,-0.45329333477485967,3,3
53017,47,9,2,464844.0,142678.0,0.0425531914893617,42023.0,1.0,23.336722747067085,0.0,14.489190137258168,11.8,66723.29530643909,0.0401703898162365,11.184351426599719,2.1416843157318612,11.06165671180068,3.3952359422221163,0.053157027447238825,-0.9951302082421773,1.0482872356894162,1.7626442395522162,-1.7094872121049773,3,3
53019,37,4,1,152674.0,69739.0,0.02702702702702703,7578.0,0.5910530482977039,28.804816574294012,0.0,17.137214501319608,17.2,44452.165682145634,0.0777146912704045,48.825547637899184,5.278437582475588,20.147004486671946,9.202823964106624,0.3408893565596813,0.07290345388340609,0.2679859026762752,3.2758129342377194,-2.9349235776780382,3,3
53021,148,5,1,473303.0,185172.0,0.006756756756756757,92009.0,0.7546000934691172,26.955764110032714,0.3076923076923077,17.07253265430556,12.8,67394.22739534914,0.0642995360548341,16.08538295166777,0.5434250997185058,5.144094599441359,2.012542251301503,0.1142476568665513,-1.0277865027005637,1.142034159567115,0.20927749445631585,-0.09502983758976455,3,3
53023,16,2,0,,,0.0,2230.0,0.0,24.7,0.0,15.044976999999998,14.1,59249.768989054115,0.0700836820083682,71.74887892376681,8.968609865470851,,,-0.7907973478846255,1.468411328917893,-2.2592086768025186,4.2862208329704155,-5.077018180855041,3,1
53025,159,12,4,281430.0,422528.0,0.025157232704402517,95502.0,0.8014701262800779,23.724391112228012,0.0625,16.732234283522857,15.2,58885.15502604455,0.0618770764119601,16.64886599233524,1.2565181881007728,2.9468492806433373,4.424284308182028,0.07344537819917529,-0.9986316703066574,1.0720770485058329,1.0393780575307578,-0.9659326793315826,3,3
53027,195,7,4,331733.0,775208.0,0.020512820512820513,72779.0,0.4493191717391006,29.520052487668153,0.125,16.106077154811143,15.1,54310.52169944781,0.0707982021587218,26.793443163549927,0.9618159084351255,4.55808681075585,10.651534096373954,0.11195901653252234,-0.5261289662286351,0.6380879827611575,0.733509637557889,-0.6215506210253666,3,3
53029,176,11,9,2691644.0,5682611.0,0.05113636363636364,82866.0,0.27702555933676054,28.91406246228851,0.0,13.27691471470808,8.6,72715.04743694219,0.0562945713869888,21.239108922839282,1.3274443076774551,32.48188641903796,68.5759056790481,-0.515248571004096,0.08433333751283201,-0.599581908516928,1.107014984151453,-1.6222635551555489,3,3
53031,118,5,5,1461563.0,901599.0,0.0423728813559322,31285.0,0.4421927441265782,28.98365990091098,0.0,14.31764244618827,11.0,58430.447496593675,0.0568781993987161,37.717756113153264,1.59821000479463,46.717692184753076,28.81889084225667,-0.18489333764901672,0.31431508317457635,-0.49920842082359307,1.347535314858865,-1.5324286525078816,3,3
53033,4521,19,182,69977765.0,70366003.0,0.04025658040256581,2195502.0,0.8020092899027192,28.730838414175892,0.2695214105793451,17.281352444807155,8.8,100665.25151997183,0.0420530282516114,20.592101487495796,0.08654057249777045,31.87324129060233,32.0500746526307,0.052696510614376434,-0.07529832230126288,0.12799483291563932,-0.5578500633079858,0.6105465739223622,3,3
53035,529,11,20,4642019.0,13784735.0,0.03780718336483932,265882.0,0.806925628662339,29.092648994666806,0.2,16.928531033018412,8.7,79929.95222242504,0.0463592052234791,19.896044109793063,0.4137173633416327,17.45894419328875,51.84531107784656,0.0785602640365557,-0.13473350848405716,0.21329377252061285,0.017429863087570188,0.0611304009489855,3,3
53037,157,6,6,1505756.0,2203241.0,0.03821656050955414,45897.0,0.6924635597097849,33.01349107784823,0.0,15.93277026977798,15.2,59360.00111740584,0.056312481545535,34.20702878183759,1.3072749852931564,32.80728587925137,48.00403076453799,0.6387414447038425,0.27717597616766615,0.3615654685361764,1.0879930499993424,-0.4492516052954999,3,3
53039,81,7,3,335981.0,1193372.0,0.037037037037037035,21721.0,0.40955757101422585,30.903084572533494,0.3333333333333333,16.59694663984163,11.9,59115.15860154767,0.0638600328048113,37.29110077804889,3.2226877215597813,15.468026333962525,54.94093273790341,-0.024245772308664426,0.188150086711334,-0.21239585901999844,2.408929326908994,-2.4331750992176584,3,3
53041,208,18,4,808654.0,1776936.0,0.019230769230769232,78145.0,0.5668820781879839,29.03134685520507,0.25,17.342883641934865,13.7,56688.99185349857,0.0712277690645991,26.6171860003839,2.3034103269562993,10.348122080747329,22.738959626335657,0.11822653013676636,-0.23734982097658705,0.3555763511133534,1.8723490857844183,-1.7541225556476518,3,3
53043,48,6,1,,,0.020833333333333332,10574.0,0.8279742765273312,23.512672593153017,0.0,15.340882657367123,10.7,57904.72503830081,0.0364261168384879,45.39436353319463,5.6742954416493285,,,-0.1874080198077712,0.7158945303504884,-0.9033025501582597,3.4094408472568873,-3.5968488670646583,3,1
53045,122,5,4,281541.0,465610.0,0.03278688524590164,63804.0,0.33557457212713937,29.267487931791106,0.07142857142857142,15.593675567581972,12.0,61087.677744456974,0.0691941009980634,19.12105824086264,0.7836499279042066,4.412591687041565,7.297504858629553,-0.21872502874942942,-0.7756063764597746,0.5568813477103451,0.5254293727751181,-0.7441544015245476,3,3
53047,149,14,4,745596.0,1012129.0,0.026845637583892617,41842.0,0.33791405764542803,28.097000621385206,0.0,16.82381356056116,16.7,50070.82445515056,0.0567043970396168,35.61015247837101,3.345920367095263,17.819320300176855,24.18930739448401,-0.016120564717567686,0.043851230856210455,-0.059971795573778144,2.471797305757432,-2.4879178704749996,3,3
53049,83,6,6,480898.0,1557963.0,0.07228915662650602,21688.0,0.31201586130579123,28.398487642936182,0.0,15.714986355496128,13.1,49533.44282943588,0.0630050505050505,38.270011066027294,2.766506824050166,22.173459977867946,71.8352545186278,-0.24123011974407946,0.3277951615420193,-0.5690252812860987,2.1590727329747326,-2.400302852718812,3,3
53051,55,11,0,,,0.0,13377.0,0.41436794498018986,35.811691709650894,0.0,15.63253679973088,14.4,53622.630821560575,0.0732708089097303,41.115347237796215,8.223069447559244,,,0.4943763849070639,0.5540178967728293,-0.059641511865765384,4.116333545628394,-3.62195716072133,3,1
53053,1312,24,37,12795937.0,10069221.0,0.028201219512195123,877013.0,0.8875786333839978,30.00618348872822,0.26744186046511625,17.14181585950607,9.9,76434.32184450194,0.0528342799812288,14.959869466017036,0.27365614876860433,14.59036183044037,11.481267666499813,0.30630204980794057,-0.5923275705139751,0.8986296203219157,-0.210587335860217,0.5168893856681576,3,3
53055,99,6,6,818894.0,4918856.0,0.06060606060606061,16788.0,0.0,27.34879080295449,0.0,12.787650014295926,9.4,67434.50451916996,0.0242523247046996,58.97069335239456,3.5739814152966405,48.77853228496545,292.9983321420062,-0.8820912328640698,0.9952853930609266,-1.8773766259249962,2.583578762337988,-3.4656699952020578,3,3
53057,243,12,6,741739.0,2114255.0,0.024691358024691357,125612.0,0.7322999514358276,29.143745820463014,0.1,16.10762488154794,9.7,71044.60672268907,0.0549112148750648,19.34528548227876,0.955322739865618,5.905001114543197,16.83163232812152,0.062294147912413965,-0.5721322625304227,0.6344264104428367,0.7262640736385196,-0.6639699257261057,3,3
53059,28,5,3,644694.0,395986.0,0.10714285714285714,11753.0,0.010295243767548711,27.7198332340679,0.0,14.972481250829576,11.0,69086.92652013482,0.0434937611408199,23.823704586063133,4.254232961796988,54.85356930145495,33.692333872202845,-0.7461993685531239,0.12988177864292774,-0.8760811471960516,2.8866006026324325,-3.6327999711855563,3,3
53061,1178,23,25,3129523.0,4660804.0,0.021222410865874362,798808.0,0.8108419044376121,29.523069498552847,0.11333333333333333,15.734311052739832,8.8,91885.8984513433,0.0407577725512222,14.746972989754733,0.2879290142312045,3.9177411843647034,5.834698701064586,0.12056636305904948,-0.9699302626009892,1.0904966256600388,-0.1862321791804636,0.3067985422395131,3,3
53063,888,25,37,8016157.0,17063427.0,0.041666666666666664,505505.0,0.7523862276337524,29.73926251965856,0.18095238095238095,15.479856592648936,12.5,60313.93299737272,0.0563953676971486,17.566591824017568,0.49455495000049454,15.857720497324458,33.755209147288355,0.29838984114171363,-0.29918893376763817,0.5975787749093517,0.13895726524834442,0.1594325758933692,3,3
53065,126,12,1,159460.0,710510.0,0.007936507936507936,44655.0,0.6570148919493898,26.78158548874706,0.0,14.932091907893852,11.9,54877.58120587257,0.0532239819004524,28.216325159556604,2.6872690628149143,3.570932706303885,15.91109618183854,-0.05918444592074298,-0.4723462855629816,0.4131618396422386,2.1126044862312323,-2.1717889321519754,3,3
53067,604,47,26,2742966.0,7107952.0,0.04304635761589404,279711.0,0.7255774710326015,30.859434916753365,0.02,15.009589964656376,9.9,76317.73017028379,0.0638237560145949,21.593716371540626,1.680305744143062,9.80642877827472,25.411771435517373,0.19342396590802277,-0.34028925010120853,0.5337132160092313,1.4155226279626827,-1.22209866205466,3,3
53069,25,6,0,,,0.0,4268.0,1.0,32.1,0.0,16.699269,11.3,56416.59130555247,0.0753521126760563,58.57544517338332,14.058106841611997,,,0.6675145464604998,1.1342218870969716,-0.4667073406364718,5.187692495584566,-4.520177949124066,3,1
53071,174,7,3,582442.0,921357.0,0.017241379310344827,60365.0,1.0,30.341373312349873,0.08333333333333333,14.477301617609541,14.9,61325.100790137614,0.0470979508636412,28.8246500455562,1.1596123581545597,9.64867058726083,15.26309947817444,0.7573256698438978,-0.2793347679326628,1.0366604377765607,0.9434464361899098,-0.18612076634601193,3,3
53073,485,10,25,9408377.0,10109875.0,0.05154639175257732,220821.0,0.5989919437010067,31.005358186042084,0.11764705882352941,16.63292089536774,12.9,66758.27280870455,0.0567797803435651,21.96349079118381,0.45285548023059397,42.60635084525475,45.78312298196277,0.24957828701313722,0.08704303800653183,0.16253524900660538,0.0771124985069946,0.17246578850614264,3,3
53075,164,16,5,789068.0,1125557.0,0.03048780487804878,49231.0,1.0,34.21655054741931,0.0,15.157864859377222,24.8,45306.464676871525,0.0812397651475815,33.31234384838821,3.2499847656964107,16.027868619365847,22.86276939326847,1.645292685461329,-0.024735324983880074,1.670028010445209,2.4230118595315187,-0.7777191740701896,3,3
53077,382,21,13,5144292.0,4755290.0,0.034031413612565446,249697.0,0.6951144787482428,27.79361746436681,0.28888888888888886,16.786539104899138,16.1,54731.31165094431,0.0639661672390807,15.298541832701234,0.8410193154102772,20.602137791002697,19.044241620844463,0.3123394367854722,-0.41930100052358615,0.7316404373090584,0.5946175931089321,-0.28227815632345993,3,3
54001,63,1,1,153732.0,72716.0,0.015873015873015872,16633.0,0.2315878073708892,22.467408164492277,0.0,16.661480947934827,20.0,40763.629079607024,0.0764623955431755,37.87651055131366,0.6012144531954549,9.242590031864365,4.3717910178560695,-0.34469466974511515,-0.3471682513424712,0.002473581597356056,0.289613441977348,-0.6343081117224632,3,3
54003,242,1,6,835479.0,1611924.0,0.024793388429752067,115329.0,0.6564350683696208,27.045574833736524,0.0,14.426194953446227,11.3,66261.16830681071,0.0595007658514416,20.983447354958425,0.0867084601444563,7.24430975730302,13.976744790989256,-0.07692397307622051,-0.5219661022861751,0.4450421292099546,-0.5575123926626755,0.480588419586455,3,3
54005,53,1,1,49695.0,139089.0,0.018867924528301886,22368.0,0.0747049356223176,36.63612303290415,0.0,17.69939437920243,20.8,43180.25650885645,0.1058904109589041,23.69456366237482,0.4470672389127325,2.221700643776824,6.218213519313305,0.5764448867106172,-0.8032640814221067,1.379708968132724,0.0683879122303719,0.5080569744802453,3,3
54007,45,0,1,1196.0,1959.0,0.022222222222222223,14190.0,0.7077519379844961,22.674235377026076,0.0,18.41727463093728,19.7,43950.82148300747,0.1440983606557377,31.712473572938688,0.0,0.08428470754052149,0.13805496828752642,0.16856857406632708,-1.2347295447174995,1.4032981187838267,-0.7392454361446669,0.907814010210994,3,3
54009,62,0,1,175802.0,-36404.0,0.016129032258064516,22459.0,0.32147468720780087,22.12038381049913,0.0,16.037413191415467,14.1,54581.86232308284,0.037943228519545,27.605859566320852,0.0,7.827686005610223,-1.6209092123424909,-0.6320257745112723,-1.0455208403350602,0.4134950658237879,-0.7392454361446669,0.10721966163339458,3,3
54011,267,0,6,17983813.0,2283759.0,0.02247191011235955,94339.0,0.593688718345541,34.72166654299918,0.4482758620689655,18.23850248209118,19.8,42426.65032368261,0.0543146830610575,28.302186794432846,0.0,190.6296759558613,24.20800517283414,0.9374293360054216,0.43795579260661865,0.4994735433988029,-0.7392454361446669,1.6766747721500885,3,3
54013,20,0,0,,,0.0,7295.0,0.5761480466072653,23.38017820424949,0.0,17.729493261137765,21.3,40682.014907654295,0.1402439024390244,27.41603838245374,0.0,,,0.17523894509666993,-0.10418741877788072,0.27942636387455067,-0.7392454361446669,0.9144843812413368,3,1
54015,22,0,0,,,0.0,8709.0,0.6396830864622804,25.266414054426455,0.3333333333333333,18.272963334366747,23.5,37122.78907106675,0.0791651673263763,25.261224021127568,0.0,,,0.5168829835824783,-0.23611042472116028,0.7529934083036386,-0.7392454361446669,1.2561284197271452,3,1
54017,30,2,0,,,0.0,8560.0,0.0,38.64189252336448,0.0,17.707690991588784,18.9,48274.2527478796,0.0387984981226533,35.046728971962615,2.336448598130841,,,0.5273312027021452,0.29372570410175114,0.23360549860039403,1.8940984269531262,-1.3667672242509812,3,1
54019,122,0,2,151288.0,338060.0,0.01639344262295082,43576.0,0.2902285661832201,33.927046998347706,0.25,18.375307875045895,16.7,43874.50693261012,0.0762452796259665,27.997062603267853,0.0,3.471819350100973,7.757940150541582,0.36114914845171714,-0.6043743327265846,0.9655234811783018,-0.7392454361446669,1.100394584596384,3,3
54021,31,0,2,773465.0,1468708.0,0.06451612903225806,8041.0,1.0,24.708033826638477,0.0,17.72550106131078,26.4,45190.932926964415,0.1084734586218265,38.552418853376444,0.0,96.19015047879617,182.6524064171123,1.0430815096935901,0.8246630859251479,0.21841842376844223,-0.7392454361446669,1.782326945838257,3,3
54023,58,1,2,153762.0,78942.0,0.034482758620689655,11616.0,0.2793560606060606,24.818345385674935,0.0,16.010184681215563,16.6,44745.764716313206,0.0677614194035485,49.931129476584026,0.8608815426997245,13.237086776859504,6.795971074380165,-0.3269491891940464,-0.05346012079389587,-0.2734890684001505,0.6180702144490966,-0.945019403643143,3,3
54025,161,6,3,231786.0,457410.0,0.018633540372670808,35155.0,0.73858626084483,28.70422699473759,0.2857142857142857,17.57783297818234,18.2,42608.95730518739,0.0569006442861987,45.797183899871996,1.7067273503057887,6.593258426966292,13.01123595505618,0.5543526007343595,-0.13147914363712251,0.6858317443714821,1.436961262155327,-0.8826086614209674,3,3
54027,54,0,0,,,0.0,23309.0,0.4353254107855335,31.340885494873227,0.0,16.746900973529538,14.2,50724.79775508341,0.0525193010971149,23.16701703204771,0.0,,,0.17595977799887216,-0.37513388198024156,0.5510936599791137,-0.7392454361446669,0.9152052141435391,3,1
54029,104,2,2,18587.0,351370.0,0.019230769230769232,29383.0,0.8683932886362863,26.06309430623149,0.125,16.23951837497873,14.1,48505.3162476938,0.0753535495672975,35.39461593438383,0.6806656910458428,0.632576659973454,11.95827519313889,0.25111224891542766,-0.6294446449391186,0.8805568938545463,0.3954527220335863,-0.14434047311815862,3,3
54031,50,0,0,,,0.0,13805.0,0.7210431003259689,22.51967403114813,0.0,16.763800779137995,13.8,50280.68946874327,0.0322237422100623,36.21876131836291,0.0,,,-0.18765504185205129,0.34725230160263304,-0.5349073434546843,-0.7392454361446669,0.5515903942926156,3,1
54033,213,2,4,1261694.0,4156664.0,0.018779342723004695,67908.0,0.5241650468280615,27.760902986393354,0.13636363636363635,16.71044636539141,14.4,56199.30682178224,0.0587834067092453,31.36596571832479,0.2945161100312187,18.579460446486422,61.21022559934028,0.02105267271187952,0.15289155051796366,-0.13183887780608414,-0.17508287202381978,0.1961355447356993,3,3
54035,81,1,4,1720291.0,1487480.0,0.04938271604938271,28907.0,0.5936624347043968,28.221199017539,0.16666666666666666,17.452996686546513,14.8,50703.59926886192,0.0399861519819975,28.020894593005153,0.34593697028401427,59.51122565468572,51.457432455806554,0.15463527707199876,0.3121239484649459,-0.15748867139294714,-0.08994949634119398,0.24458477341319274,3,3
54037,176,2,8,1326825.0,2885935.0,0.045454545454545456,56506.0,0.49146993239655967,27.59835061763353,0.0,13.86768853829682,9.0,85249.71233970702,0.0602552787018806,31.1471348175415,0.35394471383569887,23.481134746752556,51.07307188617138,-0.35517658811305447,0.16576003524115085,-0.5209366233542053,-0.0769851460316199,-0.27819144208143454,3,3
54039,685,6,21,17979944.0,6124538.0,0.030656934306569343,183279.0,0.5770601105418515,28.36166554815337,0.32075471698113206,18.26940876192581,15.6,49433.809944194894,0.0592179441045939,37.374712869450406,0.3273697477616093,98.10149553413102,33.41647433693986,0.19568225951518217,0.49931399411155963,-0.3036317345963775,-0.12030861756716421,0.3159908770823464,3,3
54041,61,0,0,,,0.0,16166.0,0.18990473833972535,32.128757886923175,0.2,17.58248067747124,16.4,42299.459406353686,0.0684559710494571,37.73351478411481,0.0,,,0.10178036526577328,0.4139869229599545,-0.3122065576941812,-0.7392454361446669,0.8410258014104401,3,1
54043,37,1,0,,,0.0,20850.0,0.27424460431654674,36.1854964028777,0.0,18.11681176561151,21.7,44882.4949524418,0.0536423841059602,17.74580335731415,0.4796163069544364,,,0.8144545825296617,-0.8000746755851657,1.6145292581148274,0.11700229310224411,0.6974522894274177,3,1
54045,67,1,3,374304.0,540326.0,0.04477611940298507,33154.0,0.11464679978283164,25.256955420160462,0.4444444444444444,18.444722334077337,19.4,38335.34248293576,0.1436165577342047,20.208722929359958,0.3016227302889546,11.289859443807686,16.297460336610968,-0.3027755028920927,-0.4259186959389376,0.1231431930468449,-0.16311766161699257,-0.13965784127510014,3,3
54047,68,2,0,,,0.0,18661.0,0.0,33.29109372488077,0.875,19.641816335834093,36.2,29340.824779159146,0.1251445755262549,36.439633460157545,1.0717539252987514,,,1.1870500237324624,0.3571504967414018,0.8298995269910605,0.8526749773369698,0.33437504639549254,3,1
54049,163,2,1,115737.0,1546887.0,0.006134969325153374,56355.0,0.5165823795581581,27.889422411498533,0.05555555555555555,17.14211455515926,14.7,53319.49246859333,0.0599300752451166,28.923786709253836,0.35489308845710227,2.0537130689379826,27.44897524620708,0.04055474582782937,-0.45188487664797594,0.4924396224758053,-0.07545483044967034,0.11600957627749972,3,3
54051,97,0,2,412595.0,841838.0,0.020618556701030927,31308.0,0.14929091605979303,28.240082407052512,0.2222222222222222,17.554878974287718,15.1,51466.74477283543,0.0425515947467167,30.982496486521015,0.0,13.178580554490864,26.888910182700908,-0.307546897218367,-0.07570166333789359,-0.2318452338804734,-0.7392454361446669,0.4316985389262999,3,3
54053,82,0,2,217143.0,484226.0,0.024390243902439025,26820.0,0.4292319164802386,28.71710663683818,0.5,18.537311420954513,18.0,48839.19240568221,0.0373312912797932,30.574198359433257,0.0,8.096308724832214,18.054660700969425,0.20768397415529374,-0.25313095122393975,0.4608149253792335,-0.7392454361446669,0.9469294102999606,3,3
54055,166,2,4,354107.0,729568.0,0.024096385542168676,59919.0,0.6229409703099184,32.96402142892905,0.1875,18.11444082831823,19.7,43227.95310285479,0.0732442732107709,27.70406715732906,0.333783941654567,5.909761511373688,12.175904137251957,0.8337309817244334,-0.43658061591401287,1.2703115976384463,-0.109773072036756,0.9435040537611894,3,3
54057,88,1,5,356726.0,948213.0,0.056818181818181816,27167.0,0.27058563698604926,25.820351897522734,0.0,15.95633570983178,13.9,52928.38039780691,0.056084656084656,32.39224058600508,0.368093643022785,13.1308572900946,34.9031177531564,-0.42713967543164055,-0.005210212294702972,-0.4219294631369376,-0.054264676395367285,-0.37287499903627325,3,3
54059,71,2,1,3744.0,155.0,0.014084507042253521,24290.0,0.14298065047344585,29.059312474269245,0.42857142857142855,18.959975440016468,28.8,34727.3601280388,0.1427191499637768,29.23013585837793,0.8233841086867023,0.15413750514615068,0.006381226842321943,0.5801102439171473,-1.2877685389881226,1.8678787829052699,0.5735815192050618,0.006528724712085432,3,3
54061,294,2,10,2846440.0,19483918.0,0.034013605442176874,105474.0,0.6364317272503176,30.44246733792214,0.0,15.237081501450596,18.3,55598.3297374031,0.0639229261681044,27.874168041413046,0.18962019075791192,26.987124789047538,184.72721239357566,0.5775740267221304,0.37334020105454807,0.20423382566758236,-0.35976529201577356,0.937339318737904,3,3
54063,46,0,2,1087232.0,105848.0,0.043478260869565216,13401.0,0.5528691888665025,26.360435788374,0.3333333333333333,18.18449493784046,16.4,40849.482948804034,0.0970388869068854,34.3257965823446,0.0,81.13066189090367,7.898515036191329,0.07091440447650234,0.1585044223452434,-0.08759001786874106,-0.7392454361446669,0.8101598406211692,3,3
54065,58,2,3,358014.0,518650.0,0.05172413793103448,17709.0,0.40403184821277316,33.11688407024677,0.0,16.64126683432153,10.7,54845.78347654034,0.0703629742746387,32.751708170986504,1.1293692472753967,20.216500084702695,29.287368004969224,0.059583965542884476,0.05972197790140685,-0.00013801235852237137,0.9126242431223042,-0.8530402775794197,3,3
54067,66,0,1,127830.0,86872.0,0.015151515151515152,25078.0,0.3013796953505064,31.860802296833878,0.2857142857142857,17.01909527693596,19.3,42488.12593372492,0.0696541646371164,26.317888188850787,0.0,5.097296435122418,3.4640720950634023,0.37952503482608607,-0.6943162741162875,1.0738413089423735,-0.7392454361446669,1.1187704709707529,3,3
54069,226,1,5,672752.0,1535476.0,0.022123893805309734,42143.0,0.7308924376527537,29.704992525449065,0.3888888888888889,17.30892130508032,14.5,53615.211351383055,0.0600987128617052,53.62693685784116,0.23728733122938567,15.963552665923167,36.43490022067722,0.39434618043739994,0.3178516087671361,0.07649457167026386,-0.27390234549165815,0.668248525929058,3,3
54071,31,0,4,685171.0,18205967.0,0.12903225806451613,7001.0,1.0,18.786259105842024,0.0,16.245926635623483,13.9,44847.517450176354,0.0435630689206762,44.27938865876303,0.0,97.86759034423653,2600.480931295529,-0.15379371132736486,1.3991241047225242,-1.552917816049889,-0.7392454361446669,0.585451724817302,3,3
54073,21,0,0,,,0.0,7482.0,0.0,27.23019246190858,0.0,17.549386865009353,14.5,60243.97799284182,0.0979273054971462,28.06736166800321,0.0,,,-0.5802685319745102,-0.0662764228788103,-0.5139921090956999,-0.7392454361446669,0.15897690417015664,3,1
54075,44,1,1,327250.0,123224.0,0.022727272727272728,8450.0,1.0,30.38680473372781,0.0,17.097909643550295,19.2,44391.749996414386,0.0444317858160068,52.071005917159766,1.183431952662722,38.72781065088758,14.582721893491124,1.02250411203663,0.32799232338140283,0.6945117886552272,0.9674197747456462,0.05508433729098383,3,3
54077,96,0,1,88157.0,343511.0,0.010416666666666666,33683.0,0.6426387198289939,28.30471454442894,0.0,16.734554920612773,17.3,54997.35265302397,0.0823099213467641,28.501024255559184,0.0,2.6172549951013866,10.198349315678533,0.36611613598440146,-0.5961935892628777,0.9623097252472792,-0.7392454361446669,1.1053615721290684,3,3
54079,122,2,8,1447944.0,761872.0,0.06557377049180328,56610.0,0.3972089736795619,26.660261437908495,0.3,17.665551637519872,10.3,63698.27132263301,0.0373895567100223,21.550962727433316,0.3532944709415297,25.577530471648117,13.458258258258258,-0.44725044223601906,-0.2529937604917696,-0.19425668174424948,-0.0780350100613077,-0.36921543217471137,3,3
54081,166,0,3,122652.0,323736.0,0.018072289156626505,75252.0,0.7234890767022804,28.897201403284964,0.17647058823529413,17.52726661919949,18.2,46369.568760879054,0.0809706175779615,22.05921437303992,0.0,1.6298835911337906,4.302025195343646,0.5521815717837385,-0.9444265359348073,1.4966081077185458,-0.7392454361446669,1.2914270079284054,3,3
54083,111,0,7,2657764.0,1878144.0,0.06306306306306306,28930.0,0.3796750777739371,26.10425855513308,0.0,17.013105601762877,18.9,45915.92115573925,0.0597835137385512,38.368475630833046,0.0,91.8687867265814,64.9202903560318,0.016497659012121257,0.6204879408368629,-0.6039902818247416,-0.7392454361446669,0.7557430951567882,3,3
54085,47,0,0,,,0.0,9844.0,0.3281186509548964,21.12329337667615,0.0,17.42033341852905,17.7,46188.32170368535,0.0559850706478272,47.744819179195446,0.0,,,-0.478976519249173,0.7985693917947212,-1.2775459110438943,-0.7392454361446669,0.26026891689549386,3,1
54087,39,1,0,,,0.0,14020.0,0.8251783166904422,34.23838801711841,0.0,18.148074027532097,19.6,39612.55127778031,0.0850299401197604,27.81740370898716,0.7132667617689016,,,1.1406991268935045,-0.08072409382769376,1.2214232207211984,0.4374408089533054,0.7032583179401991,3,1
54089,27,1,1,28356.0,40723.0,0.037037037037037035,12848.0,0.48046388542963886,32.80052148194272,0.5,18.245285493306348,22.6,40475.3296669948,0.1171858881782546,21.01494396014944,0.7783312577833126,2.207036114570361,3.169598381070984,0.8437972145158069,-0.970859849480513,1.8146570639963198,0.5189026402222678,0.3248945742935391,3,3
54091,58,0,3,377581.0,1413736.0,0.05172413793103448,16864.0,0.0,24.65757234345351,0.0,17.06657491277277,14.1,51489.00318336799,0.0898252269340197,34.39278937381404,0.0,22.389765180265655,83.83159392789373,-0.7939191824912295,0.30038774074700964,-1.0943069232382392,-0.7392454361446669,-0.054673746346562635,3,3
54093,43,0,2,12110687.0,8918172.0,0.046511627906976744,6982.0,0.0,26.957132626754515,0.3333333333333333,17.258375439272413,17.6,52061.36231134812,0.0615620214395099,61.58693784016041,0.0,1734.5584359782297,1277.3090804926956,-0.41159513099026784,2.0866057001816984,-2.498200831171966,-0.7392454361446669,0.327650305154399,3,3
54095,33,0,1,133073.0,275131.0,0.030303030303030304,8811.0,0.0,22.826875496538417,0.0,17.578772291680853,19.0,45668.958791258934,0.0567119155354449,37.453183520599254,0.0,15.103053001929407,31.225854046078766,-0.6302513974152267,0.0824622442958804,-0.7127136417111071,-0.7392454361446669,0.10899403872944013,3,3
54097,85,1,3,34406.0,29156.0,0.03529411764705882,24502.0,0.2816912905068974,34.073549098032814,0.16666666666666666,17.625070355644436,18.3,42738.26807113847,0.0705552963135791,34.69104562892825,0.40812994857562646,1.4042119010693004,1.1899436780670967,0.4600988896686366,-0.8860618250845435,1.34616071475318,0.008774963604264614,0.451323926064372,3,3
54099,82,1,0,,,0.0,40303.0,0.43356573952311245,28.66939681909535,0.5454545454545454,18.89042548966578,18.2,40264.404729091024,0.0630187086791391,20.34587995930824,0.24812048730863706,,,0.22105111105448091,-0.5827874036110814,0.8038385146655623,-0.25485018853091856,0.4759012995853995,3,1
54101,30,0,0,,,0.0,8386.0,0.0,34.86337944192702,0.0,17.98714542559027,26.3,37019.976412892545,0.1062860613422411,35.773908895778675,0.0,,,0.6999083127950972,0.3271370743989027,0.3727712383961945,-0.7392454361446669,1.439153748939764,3,1
54103,63,0,3,272860.0,1769568.0,0.047619047619047616,15436.0,0.7306296968126458,26.8711972013475,0.4,18.90394986265872,17.4,45690.157277480415,0.0623619371282922,40.81368230111428,0.0,17.676859289971496,114.6390256543146,0.3621369094821334,0.40099411630875786,-0.03885720682662447,-0.7392454361446669,1.1013823456268002,3,3
54105,27,1,0,,,0.0,5798.0,0.0,27.739496378061396,0.0,16.020930502932046,17.7,48807.394676349984,0.0462328767123287,46.56778199379096,1.7247326664367022,,,-0.34793946555827077,0.7576790120765308,-1.1056184776348015,1.4514513098616042,-1.799390775419875,3,1
54107,256,2,11,2244632.0,2697004.0,0.04296875,84960.0,0.7067090395480226,29.38667372881356,0.0,14.605146693973632,13.7,50156.67832434759,0.0462309147592528,30.131826741996232,0.23540489642184556,26.419868173258003,31.74439736346516,0.2959881786671869,0.08650351381493,0.20948466485225692,-0.2772299677849383,0.5732181464521252,3,3
54109,64,0,1,35135.0,474026.0,0.015625,21281.0,0.0,34.1094215497392,0.5,19.358157989756123,21.5,44868.715936397835,0.1342771342771342,30.073774728631175,0.0,1.6510032423288379,22.274611155490813,0.35215036648920156,-0.49993592647176244,0.852086292960964,-0.7392454361446669,1.0913958026338684,3,3
55001,70,0,1,41393.0,379685.0,0.014285714285714285,20094.0,0.35498158654324674,25.409420722603762,0.14285714285714285,15.914344532049368,13.2,49147.630380204835,0.0603312779591343,34.836269533193985,0.0,2.059968149696427,18.895441425301083,-0.40848857205606315,-0.41769754992278524,0.00920897786672209,-0.7392454361446669,0.3307568640886037,3,3
55003,64,1,2,706481.0,186716.0,0.03125,15617.0,0.6647883716462829,26.92266760581418,0.0,14.431433228020747,14.1,45057.382463769056,0.0533333333333333,40.980982262918616,0.6403278478581034,45.237945828264074,11.955945444067362,0.09358770617081298,0.19666842905910545,-0.10308072288829247,0.342358157647821,-0.24877045147700805,3,3
55005,153,2,5,490402.0,612113.0,0.032679738562091505,45229.0,0.4637511331225541,26.514727276747223,0.0,14.999841200866701,10.0,55861.190966549526,0.0264976451428319,33.82785381060824,0.44219416745893125,10.84264520550974,13.533639921289438,-0.4040737327994845,-0.19013568551779322,-0.21393804728169127,0.06101565610179046,-0.46508938890127494,3,3
55007,65,0,2,282507.0,323987.0,0.03076923076923077,14993.0,0.44133929166944574,25.364936970586275,0.0,12.72648220816381,10.0,59457.51415402468,0.0463567156063077,43.3535649969986,0.0,18.842593210164743,21.609217634896286,-0.5129770322807571,0.14247355173557227,-0.6554505840163294,-0.7392454361446669,0.22626840386390978,3,3
55009,466,4,17,2761182.0,1759509.0,0.03648068669527897,255280.0,0.7492008774678784,24.76914642745221,0.18867924528301888,13.393094819229866,9.7,66075.68155237268,0.0300385771787734,18.254465684738324,0.15669069257286117,10.81628799749295,6.89246709495456,-0.2412637158069648,-0.6351901769597103,0.39392646115274543,-0.4211149483827877,0.1798512325758229,3,3
55011,58,0,0,,,0.0,13126.0,0.42983391741581595,23.7918025293311,0.0,14.7953766232668,10.2,61294.362985116466,0.0199140401146131,44.187109553557825,0.0,,,-0.6290256113114107,0.671787417701302,-1.3008130290127127,-0.7392454361446669,0.11021982483325621,3,1
55013,39,1,2,188588.0,147922.0,0.05128205128205128,15289.0,0.2554777944927726,25.607351690758062,0.0,14.078378540388517,13.5,55828.33331290623,0.0418511641194115,25.508535548433514,0.6540650140623977,12.334881287199948,9.675060501013801,-0.48355074575566,-0.3734892391135473,-0.11006150664211267,0.3605848700943633,-0.8441356158500233,3,3
55015,102,1,6,572309.0,1286257.0,0.058823529411764705,49928.0,0.5421206537413876,27.733171767344977,0.0,12.40373851406025,4.6,80357.10171978798,0.0219815227779547,20.429418362441915,0.200288415318058,11.462686268226246,25.762237622175935,-0.5582598179921966,-0.33549158269259194,-0.22276823529960466,-0.34025347113012294,-0.21800634686207365,3,3
55017,156,5,6,640335.0,2466873.0,0.038461538461538464,63892.0,0.4430914668503099,27.089008013522818,0.0,13.239959069320102,9.0,63321.998192201616,0.0307687625540203,24.416202341451196,0.7825705878670256,10.022146747636636,38.61004507606586,-0.4451116603956739,-0.19452025807658113,-0.25059140231909277,0.5241064509947659,-0.9692181113904399,3,3
55019,108,4,7,2287974.0,1766923.0,0.06481481481481481,34579.0,0.4946933109690853,21.379328494172764,0.125,16.059975623702243,11.7,57248.63188974581,0.0274022431039709,31.23282917377599,1.1567714508805922,66.1665750889268,51.098152057607216,-0.6448698003170609,0.3926704669637699,-1.0375402672808307,0.940569560297089,-1.58543936061415,3,3
55021,144,2,9,744205.0,1667543.0,0.0625,57133.0,0.2899725202597448,24.21962263490452,0.25,15.352251898745035,7.9,72080.15277460866,0.0283810070474186,25.204347749986873,0.3500603854164843,13.025834456443736,29.187037263928026,-0.889252098086602,-0.17444045758517193,-0.7148116405014301,-0.08326417945933368,-0.8059879186272683,3,3
55023,39,0,3,1069529.0,657951.0,0.07692307692307693,16235.0,0.34906067138897445,26.655306436710813,0.0,16.217900718139823,14.0,53626.87051880488,0.0276793913157549,24.02217431475208,0.0,65.87797967354481,40.52670157068063,-0.27452262273847533,0.20813519743780465,-0.48265782017628,-0.7392454361446669,0.46472281340619154,3,3
55025,1895,29,95,45023096.0,77517233.0,0.05013192612137203,536078.0,0.7621073798962091,28.27213036162648,0.12149532710280374,13.864018226530469,10.0,78320.98711821424,0.0260659012745296,35.34933349251415,0.5409660534474461,83.98609157622585,144.60066072474527,0.048748801084729676,0.7042363844385943,-0.6554875833538646,0.20579266600051532,-0.15704386491578565,3,3
55027,184,4,6,2234207.0,3546139.0,0.03260869565217391,87715.0,0.44432537194322524,24.360530125976165,0.05,13.978891176400845,8.6,64286.52931527925,0.0403781343394306,20.977027874365845,0.45602234509490963,25.47120788918657,40.42796557031294,-0.6688924103931498,-0.07159472610324619,-0.5972976842899036,0.08187119802400465,-0.7507636084171545,3,3
55029,115,0,4,2276419.0,1462986.0,0.034782608695652174,27472.0,0.4389924286546302,24.900877256843337,0.0,13.225131651900114,8.8,65248.94058973472,0.0325551961749402,41.860803727431566,0.0,82.86324257425743,53.25371287128713,-0.6227377682585126,0.6087196117959363,-1.2314573800544488,-0.7392454361446669,0.1165076678861543,3,3
55031,124,1,1,8956.0,92747.0,0.008064516129032258,43295.0,1.0,25.64179928398198,0.16666666666666666,14.601693391292297,9.5,57221.07385765788,0.0388949791712343,28.640720637487007,0.23097355352812102,0.2068599145397852,2.142210416907264,0.08271337933129679,-1.0760620652517134,1.1587754445830103,-0.2850834120742085,0.3677967914055053,3,3
55033,98,3,2,78739.0,242208.0,0.02040816326530612,44759.0,0.6719542438392279,25.046202998279675,0.0,14.660209761992002,10.9,62305.53077788136,0.0340643574502971,21.895037869478763,0.6702562613105745,1.7591769253111107,5.411380951317054,-0.23156721904793262,-0.9022015183267369,0.6706342992788042,0.38187433815108873,-0.6134415571990214,3,3
55035,230,0,8,1019527.0,1697240.0,0.034782608695652174,103514.0,0.8110883551983307,28.153964681105936,0.0,12.96205736830767,10.8,63040.05832545586,0.0362644690273052,22.219216724307824,0.0,9.849170160557993,16.39623625789748,0.1418786100260585,-0.4021902697285431,0.5440688797546016,-0.7392454361446669,0.8811240461707254,3,3
55037,15,0,0,,,0.0,4314.0,0.0,20.71557719054242,0.0,13.132515987482616,10.7,55307.910476168734,0.0548213411649535,34.770514603616135,0.0,,,-1.2910046876044585,0.28085767230973147,-1.5718623599141899,-0.7392454361446669,-0.5517592514597917,3,1
55039,218,3,5,1956957.0,4721745.0,0.022935779816513763,102597.0,0.6422507480725558,24.22572687310545,0.1,13.601014322260886,9.2,66129.73769223748,0.0325859009517664,21.24818464477519,0.29240621070791545,19.07421269627767,46.022252112634874,-0.42766237644030136,-0.10285263568086254,-0.3248097407594388,-0.1786478963812236,-0.24901448005907775,3,3
55041,29,0,1,156481.0,171879.0,0.034482758620689655,8995.0,0.4040022234574764,21.74230127848805,0.0,15.462329901834353,15.8,48264.71342907993,0.0606598984771573,32.24013340744858,0.0,17.396442468037797,19.1082823790995,-0.4668428183770645,-0.057160786513911266,-0.4096820318631532,-0.7392454361446669,0.2724026177676024,3,3
55043,141,3,5,571135.0,1333240.0,0.03546099290780142,51733.0,0.5356155645332766,25.193023795256412,0.0,13.739997724469873,13.7,58083.85224687237,0.0266323984057809,27.25533025341658,0.5799006436897145,11.040051804457503,25.771557806429165,-0.1981007574848838,-0.18893659479290703,-0.009164162691976757,0.260326619390362,-0.4584273768752458,3,3
55045,107,4,5,3801635.0,7900729.0,0.04672897196261682,36896.0,0.4248428013876843,22.855572419774504,0.125,13.785728945956203,8.3,68367.23791291536,0.0197977086429222,29.00043365134432,1.0841283607979184,103.03650802254987,214.13510949696445,-0.8190203346531099,0.7152855924817727,-1.5343059271348825,0.8656900771266631,-1.6847104117797729,3,3
55047,60,1,1,20906.0,52962.0,0.016666666666666666,18755.0,0.3309517462010131,27.105113303119168,0.0,14.734824361290324,10.4,58375.331432417806,0.0315096579259738,31.99146894161557,0.5331911490269261,1.1146894161556917,2.823886963476406,-0.4802727443287334,-0.8544325009161824,0.374159756587449,0.1947377875204016,-0.6750105318491351,3,3
55049,72,0,1,102434.0,222429.0,0.013888888888888888,23618.0,0.42217799983063764,23.321051740198154,0.0,12.745927832712338,8.4,67966.58652332927,0.0277906438165817,30.48522313489711,0.0,4.337115759166737,9.417774578711153,-0.7815705700716945,-0.4865510666222579,-0.2950195034494366,-0.7392454361446669,-0.042325133927027636,3,3
55051,13,1,0,,,0.0,5687.0,0.0,30.918058730437842,0.0,12.697942141375066,13.5,46422.564976432775,0.0696554279362726,22.859152452962896,1.7583963425356075,,,-0.36980666572010096,-0.39658155471592477,0.02677488899582381,1.4782876070347502,-1.848094272754851,3,1
55053,45,2,3,2028307.0,1191157.0,0.06666666666666667,20522.0,0.8305233408049898,24.084709092681024,0.0,15.550548820095509,12.6,56864.939289136906,0.0483625671702321,21.927687359906443,0.9745638826625085,98.83573725757724,58.042929539031284,-0.026858684020919472,0.31459134973123465,-0.3414500337521541,0.7476652857907583,-0.7745239698116778,3,3
55055,183,2,8,1210271.0,1452438.0,0.04371584699453552,84701.0,0.52181202110955,26.012864074804313,0.0,13.811161236431685,9.3,70263.4425054273,0.0324735145094426,21.6054119786071,0.2361247210776732,14.288745115169833,17.147825881630677,-0.42066895706374047,-0.33264090927136575,-0.08802804779237472,-0.2759569192198597,-0.14471203784388076,3,3
55057,76,0,5,250196.0,3772344.0,0.06578947368421052,26478.0,0.5364075836543546,25.382355162776644,0.14285714285714285,15.718027824231436,12.5,56695.35139936503,0.0336374454581515,28.703074250321023,0.0,9.449203112017525,142.4708814865171,-0.2563813194677458,0.12092872322076546,-0.37731004268851126,-0.7392454361446669,0.4828641166769211,3,3
55059,304,0,5,4026593.0,2586681.0,0.01644736842105263,168524.0,0.7626806864304194,27.70566032137856,0.3142857142857143,14.735240908339462,11.3,67552.15611769921,0.0630890513520655,18.038973677339726,0.0,23.893291163276448,15.349036339037763,0.0868490760689397,-0.3390489119543383,0.425897988023278,-0.7392454361446669,0.8260945122136065,3,3
55061,73,0,1,227533.0,366485.0,0.0136986301369863,20387.0,0.15171432775788493,23.333967724530343,0.0,14.31980143566979,8.7,70158.50999863095,0.0223866959064327,35.80713199587973,0.0,11.16069063618973,17.976406533575318,-1.055620739470565,-0.10356449881743174,-0.9520562406531332,-0.7392454361446669,-0.31637530332589814,3,3
55063,288,2,10,2370321.0,6942075.0,0.034722222222222224,117894.0,0.7152526846149931,27.255152085771964,0.0,12.55235308049604,12.1,61350.538973603405,0.0358178117676082,24.428724108097104,0.169643917417341,20.105526998829458,58.88403990024938,0.05098724853601097,0.028014241366105513,0.022973007169905458,-0.3967764224899362,0.44776367102594716,3,3
55065,56,2,0,,,0.0,16715.0,0.17750523481902483,23.379347891115764,0.0,14.234595535327552,11.2,64327.86636341115,0.0211428571428571,33.502841758899194,1.1965300628178284,,,-0.8720861672445461,0.22049672384395635,-1.0925828910885025,0.9804912212336846,-1.8525773884782306,3,1
55067,54,2,2,361027.0,878894.0,0.037037037037037035,19146.0,0.6706361642118458,27.149984330930746,0.16666666666666666,15.269097741355896,13.6,52456.71407937884,0.0593592628308153,28.20432466311501,1.044604617152408,18.856523555834116,45.90483651937742,0.0862085688402789,0.04595098879136401,0.040257580048914894,0.8238455557570127,-0.7376369869167337,3,3
55069,89,1,4,358948.0,804496.0,0.0449438202247191,27744.0,0.4667315455594002,23.166255767012686,0.0,14.153511628207902,9.9,62049.02909460138,0.0385112608015241,32.07900807381776,0.3604382929642445,12.937860438292963,28.997116493656286,-0.6533123596966526,-0.04711281268372434,-0.6061995470129282,-0.06652836778593875,-0.5867839919107138,3,3
55071,188,1,4,8378811.0,46226728.0,0.02127659574468085,79185.0,0.6100902948790806,22.4934684599356,0.15789473684210525,14.868681909212603,9.2,60004.435098539034,0.0259325896605493,23.74187030371914,0.12628654416871882,105.81310854328471,583.7813727347351,-0.5899943612980084,0.8005241325006507,-1.390518493798659,-0.4793307659136244,-0.11066359538438403,3,3
55073,291,3,12,1092961.0,1330627.0,0.041237113402061855,135396.0,0.516248633637626,23.434455966202844,0.1111111111111111,13.257699529461728,9.6,66386.23937551747,0.0275359960953388,21.49251085704157,0.22157227687671718,8.072328576915123,9.827668468787852,-0.5981535614767365,-0.5484379246318333,-0.04971563684490321,-0.3018388540693948,-0.29631470740734167,3,3
55075,102,2,3,1777219.0,18132499.0,0.029411764705882353,40391.0,0.4384392562699611,27.186316258572454,0.25,15.02802111878884,11.4,53345.99057637019,0.0434537823728119,25.25315045430913,0.49515981282959076,44.00037136985962,448.92424054863704,-0.29685537486439506,0.59161404946631,-0.8884694243307051,0.13984158883116946,-0.43669696369556454,3,3
55077,38,0,0,,,0.0,15304.0,0.0,24.245158128593832,0.0,14.984564737258232,11.6,55421.3223774537,0.0479639245695545,24.830109775222162,0.0,,,-0.9764946888672101,-0.26380082681153244,-0.7126938620556778,-0.7392454361446669,-0.23724925272254327,3,1
55078,6,0,1,101011.0,30931.0,0.16666666666666666,4558.0,0.6520403685827117,18.13887670030715,0.0,14.186467376042124,27.4,43373.162733471974,0.0882882882882882,13.163668275559457,0.0,22.161254936375602,6.786090390522159,0.24331549355277304,-0.6586927020246623,0.9020081955774354,-0.7392454361446669,0.9825609296974399,3,3
55079,2631,7,80,75570509.0,77513702.0,0.03040668947168377,945271.0,0.7463309463635296,31.014138379364226,0.5878378378378378,17.367066426852194,17.1,53638.529686226706,0.0531254439989869,27.833288020049277,0.07405283775763775,79.94586631770149,82.00156568856973,0.6657327864295054,0.4591933332850913,0.20653945314441408,-0.5831139121527336,1.248846698582239,3,3
55081,110,0,4,3449491.0,3788437.0,0.03636363636363636,45771.0,0.5358196237792489,24.875919250180242,0.0,15.500181929955646,12.8,63157.70992398511,0.0280352904294863,24.03268445085316,0.0,75.36411701732538,82.76937362085162,-0.2760149001733345,0.369085341753967,-0.6451002419273015,-0.7392454361446669,0.46323053597133235,3,3
55083,88,2,1,12870.0,27081.0,0.011363636363636364,37646.0,0.1333475003984487,21.802494288901872,0.0,13.620074441003029,8.6,64557.86993891427,0.0264447620992444,23.375657440365508,0.5312649418264889,0.3418689900653456,0.7193592944801572,-1.194311477965792,-1.2740889635390793,0.07977748557328734,0.19199031272760347,-1.3863017906933954,3,3
55085,98,1,8,2020207.0,6830804.0,0.08163265306122448,35381.0,0.35010316271445124,26.29197026652723,0.0,13.671749021254346,8.2,60258.81693319687,0.0234554112045147,27.698482236228482,0.2826375738390662,57.098640513269835,193.06418699301886,-0.6533001599135824,0.5412131964744622,-1.1945133563880446,-0.19522984219337255,-0.4580703177202098,3,3
55087,400,2,11,1989714.0,3527060.0,0.0275,185700.0,0.7706354334948842,24.206537425955844,0.025,11.956602756004308,6.3,69501.35692576488,0.027632445839631,21.54011847065159,0.10770059235325793,10.714668820678513,18.9933225632741,-0.46645154414499884,-0.3756103691181525,-0.09084117502684635,-0.5156969907581666,0.04924544661316771,3,3
55089,241,0,9,2553662.0,-1942044.0,0.03734439834024896,88597.0,0.7313565922096685,24.798265178279177,0.0,11.916992385092046,4.8,90321.4501681976,0.0259134704656584,27.201823989525604,0.0,28.82334616296263,-21.919974716976874,-0.5568407883091021,-1.186778734435127,0.6299379461260249,-0.7392454361446669,0.18240464783556476,3,3
55091,21,1,2,192827.0,130269.0,0.09523809523809523,7265.0,0.0,23.20938747419133,0.0,14.977953145767378,10.3,57853.84867136924,0.0205913410770855,28.905712319339298,1.3764624913971095,26.541913282863042,17.931039229181003,-1.13186647706523,-0.03727809054710585,-1.094588386518124,1.1525660232389294,-2.2844325003041597,3,3
55093,106,1,6,689434.0,493071.0,0.05660377358490566,41977.0,0.5382471353360173,24.440429282702432,0.0,13.941714601662815,8.3,76656.90594982755,0.0235436286357196,25.25192367248731,0.23822569502346522,16.424089382280773,11.746218167091502,-0.5794401299443407,-0.2860678188294407,-0.2933723111149,-0.2722454691079245,-0.30719466083641617,3,3
55095,125,1,8,852218.0,646129.0,0.064,43438.0,0.1068419356323956,26.534868087849347,0.0,13.962495849532665,9.1,63589.09911859235,0.036021505376344,28.776647175284314,0.2302131774022745,19.61918136194116,14.874741010175422,-0.8443969751585615,-0.13721747454323632,-0.7071795006153252,-0.2864338293390146,-0.5579631458195469,3,3
55097,140,1,4,323591.0,1552423.0,0.02857142857142857,70632.0,0.5567731339902594,27.174413863404684,0.0,13.986347081450333,9.8,62379.72547965656,0.0333273652709926,19.82104428587609,0.1415788877562578,4.581365386793522,21.979032166723297,-0.2668470161559392,-0.5593760065242709,0.2925289903683317,-0.44985620061892034,0.18300918446298114,3,3
55099,70,0,1,169996.0,316747.0,0.014285714285714285,13416.0,0.33624031007751937,25.5640205724508,0.0,13.337998412268933,12.0,50829.73026187977,0.0223234624145785,52.17650566487776,0.0,12.6711389385808,23.609645199761477,-0.49050495334038574,0.17630260841188372,-0.6668075617522695,-0.7392454361446669,0.24874048280428113,3,3
55101,368,1,5,1130001.0,394921.0,0.01358695652173913,195602.0,0.8041635566098506,29.369681802844553,0.1590909090909091,14.103623579815133,10.7,65011.51754405408,0.0429197552059138,18.81371356121103,0.051124221633725625,5.77704215703316,2.0190028731812557,0.2177334239469603,-0.9228827098438014,1.1406161337907617,-0.6302749806904767,0.848008404637437,3,3
55103,62,0,0,,,0.0,17459.0,0.7679706741508677,23.84139985107967,0.2,15.184578284265996,13.0,55059.88818737735,0.0228531040169631,35.511770433587266,0.0,,,-0.08823148978101436,0.3151695056364254,-0.40340099541743973,-0.7392454361446669,0.6510139463636525,3,1
55105,340,6,4,349362.0,462411.0,0.011764705882352941,162152.0,0.7279959544131432,27.608829986679165,0.18421052631578946,14.328242667632841,11.2,61343.11950342588,0.0514780049603056,20.967980660121366,0.3700231881197888,2.1545340174650947,2.8517132073609948,0.03602586755995759,-0.9905515668450403,1.0265774344049978,-0.051184418420314,0.08721028598027158,3,3
55107,53,2,1,81610.0,114030.0,0.018867924528301886,14132.0,1.0,25.235982168129066,0.0,14.120873904755168,13.7,50380.32235398426,0.0362112823582223,37.50353806962921,1.415227851684121,5.7748372487970565,8.068921596377017,0.3085996731517823,-0.3469891555182448,0.6555888286700271,1.187928983713253,-0.8793293105614706,3,3
55109,172,1,9,792694.0,1560721.0,0.05232558139534884,88732.0,0.262577198755804,26.460700761844656,0.0,12.045336126583418,5.7,89834.9449094145,0.0203570999639697,19.38421313618537,0.11269891358247307,8.933575260334491,17.589156110535093,-0.8880207506585197,-0.4820975445543865,-0.4059232061041332,-0.5058573818821603,-0.38216336877635937,3,3
55111,166,0,8,1206130.0,2073032.0,0.04819277108433735,36724.0,0.508631957303126,28.417046073412486,0.0,14.079340823984316,9.4,63535.04297872757,0.0291565922343905,45.20204770722144,0.0,32.843099880187346,56.44897070035944,-0.2519709691506067,0.4586666788408326,-0.7106376479914394,-0.7392454361446669,0.4872744669940602,3,3
55113,67,0,1,113312.0,439292.0,0.014925373134328358,16399.0,0.7208366363802671,25.393743520946398,0.0,12.836143991462894,15.0,50573.228578599774,0.0568690095846645,40.85614976522958,0.0,6.90968961522044,26.78773095920483,0.0966660336286856,-0.05665970017753663,0.15332573380622222,-0.7392454361446669,0.8359114697733525,3,3
55115,127,2,4,892740.0,997702.0,0.031496062992125984,40904.0,0.4931058087228633,20.539211324075882,0.0,13.324830298870525,11.5,59918.581229342,0.0299035525614307,31.048308233913552,0.4889497359671426,21.825249364365344,24.391306473694502,-0.7205855268014045,0.014220784378932497,-0.734806311180337,0.13074524431665088,-0.8513307711180554,3,3
55117,289,3,5,871505.0,3561398.0,0.01730103806228374,115178.0,0.5241626004966227,24.077993193144522,0.038461538461538464,12.391003098143742,8.9,64333.16598496651,0.0311768530559167,25.09159735366129,0.2604664085155151,7.5665925784438,30.920818211811284,-0.5848451327235112,-0.27648838778668655,-0.3083567449368247,-0.23333813260209085,-0.3515070001214204,3,3
55119,53,1,0,,,0.0,20325.0,0.5950307503075031,24.916683886838868,0.0,14.605477529348093,11.3,56197.18697316009,0.0367032760724678,26.076260762607625,0.4920049200492005,,,-0.3001498463000824,-0.18498099943887583,-0.11516884686120657,0.1352251227092214,-0.43537496900930384,3,1
55121,77,0,3,547015.0,2234830.0,0.03896103896103896,29499.0,0.13569951523780466,24.47235499508458,0.0,14.411392877928066,11.8,62056.4485647789,0.0276143051154368,26.10257974846605,0.0,18.543509949489813,75.75951727177193,-0.8004579263025774,0.09277791026148575,-0.8932358365640631,-0.7392454361446669,-0.061212490157910526,3,3
55123,88,1,1,1319875.0,2084825.0,0.011363636363636364,30633.0,0.5493095681128195,26.811944634870894,0.0,15.296068272222767,12.5,55602.5694346474,0.0246561676049312,28.727189632096103,0.3264453367283648,43.08670388143506,68.05813991447133,-0.13720203856467142,0.3061979932607867,-0.4434000318254582,-0.12183119202492017,-0.015370846539751251,3,3
55125,99,1,7,664366.0,926920.0,0.0707070707070707,21751.0,0.3620982943312951,26.27393683049055,0.0,14.65793321056503,12.3,49892.75717089007,0.0693768015107842,45.51514872879408,0.459748977058526,30.54415888924647,42.615052181508894,-0.3919633578889636,0.3952573359551031,-0.7872206938440667,0.08745779499140925,-0.47942115288037285,3,3
55127,254,11,13,1955012.0,3501095.0,0.051181102362204724,103074.0,0.5568523584997187,27.040649436327296,0.045454545454545456,13.709784066806375,10.5,67597.7328630754,0.0378718760621835,24.64248986165279,1.067194442827483,18.96707220055494,33.96681025282807,-0.2339791239884772,-0.08021207211812072,-0.1537670518703565,0.8478598278135947,-1.081838951802072,3,3
55129,48,1,0,,,0.0,15688.0,0.48808006119326874,27.40926185619582,0.0,13.35327724171341,10.8,53292.99436081647,0.0351696661629344,30.596634370219274,0.6374298827129016,,,-0.26315986950509085,0.07329899256313331,-0.3364588620682242,0.33849359385242633,-0.6016534633575172,3,1
55131,240,0,16,2920147.0,5514197.0,0.06666666666666667,134925.0,0.6867963683527886,25.166783027607927,0.0,11.682850244743376,6.0,82316.9017709644,0.0289018101452325,17.787659811006115,0.0,21.642742264220864,40.86860848619604,-0.5049721520258865,-0.19193022725058237,-0.3130419247753041,-0.7392454361446669,0.23427328411878034,3,3
55133,965,6,33,10992017.0,9031485.0,0.03419689119170984,400475.0,0.85468256445471,26.149855296835007,0.03488372093023256,11.717544491211687,5.5,92507.01409763283,0.0292790045138465,24.096385542168676,0.14982208627255136,27.447448654722518,22.551932080654222,-0.2810418015715318,-0.08701764879100249,-0.1940241527805293,-0.4341315646799025,0.1530897631083707,3,3
55135,128,2,6,729185.0,902814.0,0.046875,51245.0,0.42411942628549126,25.2256532344619,0.0,13.231491091013758,12.1,62210.137589884675,0.0261774289099526,24.978046638696455,0.3902819787296321,14.22938823299834,17.617601717240706,-0.41402413776306424,-0.25119022725378476,-0.16283391050927948,-0.01910339046151742,-0.3949207473015468,3,3
55137,71,1,4,611623.0,447204.0,0.056338028169014086,24193.0,0.45550365808291654,24.202033646095977,0.14285714285714285,14.326773048857108,10.5,55974.60286783448,0.0432549337658826,29.347331872855786,0.4133427024345885,25.280990369115035,18.484850989955774,-0.5527390180671607,-0.034179741574531325,-0.5185592764926295,0.016850584591204188,-0.5695896026583649,3,3
55139,333,3,14,3888277.0,7766052.0,0.042042042042042045,170411.0,0.856212333710852,26.100667210450027,0.21951219512195122,14.34101922449255,10.3,62051.148943223525,0.0306155049520221,19.540992072108022,0.1760449736225948,22.8170540634114,45.57248064972332,0.00927927256591137,-0.11099694549927368,0.12027621806518504,-0.3848484571663436,0.39412772973225496,3,3
55141,184,1,6,705878.0,3554872.0,0.03260869565217391,73112.0,0.6846208556734873,23.912434347302767,0.058823529411764705,13.854088942471824,9.8,58203.623694023765,0.0378564931242977,25.16686727213043,0.13677645256592624,9.65474887843309,48.622278148593935,-0.36823670608972686,-0.1437558400294112,-0.22448086606031567,-0.45906970309993633,0.09083299701020947,3,3
56001,121,3,2,7329.0,370002.0,0.01652892561983471,38390.0,0.9038030737171139,32.948171398801776,0.2,13.452617208361554,16.7,52277.58687080728,0.0453426435701177,31.51862464183381,0.7814535035165407,0.19090909090909092,9.637978640270903,0.9544320568560775,-0.799526417673909,1.7539584745299863,0.5227364230953921,0.4316956337606853,3,3
56003,55,0,0,,,0.0,11882.0,0.5607641811142905,22.318565897996972,0.6666666666666666,15.173449136929808,12.6,55968.24332196804,0.0739930745398214,46.28850361891938,0.0,,,-0.449316033228279,0.747828361842431,-1.19714439507071,-0.7392454361446669,0.28992940291638786,3,1
56005,83,0,1,16916.0,24684.0,0.012048192771084338,47409.0,1.0,25.079389989242546,0.0,12.067910513278068,8.5,87612.28362909166,0.0360533542565712,17.50722436668143,0.0,0.35680988841781097,0.5206606340568246,-0.019560795502882367,-1.4481430856889943,1.428582290186112,-0.7392454361446669,0.7196846406417845,3,3
56007,76,0,2,226919.0,219284.0,0.02631578947368421,15247.0,1.0,22.901954482849085,0.0,13.489696073785007,11.4,63766.10647854176,0.0304723885562208,49.84587131894799,0.0,14.882862202400473,14.38210795566341,-0.0031900987742647193,0.09699507430415287,-0.1001851730784176,-0.7392454361446669,0.7360553373704022,3,3
56009,48,1,0,,,0.0,13921.0,0.5646864449393003,27.467100064650527,0.0,13.970069513397027,10.4,73820.54849339271,0.0541079310835825,34.48028158896631,0.7183391997701315,,,-0.20019538326255493,0.2672290504087014,-0.4674244336712563,0.4439018680075883,-0.6440972512701433,3,1
56011,41,0,0,,,0.0,7472.0,1.0,24.2051391862955,0.0,14.468775461991434,7.1,69034.99022889217,0.0223542727787209,54.87152034261242,0.0,,,-0.16913712372179512,1.0268424381348102,-1.1959795618566054,-0.7392454361446669,0.5701083124228717,3,1
56013,131,5,3,696445.0,479637.0,0.022900763358778626,39812.0,0.5183361800462172,23.649525268763185,0.5,15.071584230533507,13.5,59245.529291809806,0.0587569458736365,32.90465186375967,1.2559027428915903,17.493343715462675,12.047548477845876,-0.3425863722239318,-0.12575808421133003,-0.21682828801260176,1.0387818961304014,-1.3813682683543331,3,3
56015,56,1,1,378067.0,11286.0,0.017857142857142856,13342.0,0.3343576675161145,23.15523159946035,0.75,15.867542455104182,14.4,57542.2309239134,0.0740569668976135,41.972717733473246,0.7495128166691651,28.33660620596612,0.8459001648928197,-0.5236446649180087,-0.25593591048965075,-0.2677087544283579,0.48319552016350387,-1.0068401850815125,3,3
56017,31,0,0,,,0.0,4607.0,0.5854135011938355,27.04395485131322,0.0,14.33999196917734,11.1,54493.888605263666,0.0297592997811816,67.28890818319948,0.0,,,-0.1662314039018762,1.362575235859753,-1.5288066397616291,-0.7392454361446669,0.5730140322427907,3,1
56019,62,1,0,,,0.0,8487.0,1.0,22.47447861435136,0.0,13.716063570873098,8.4,61615.52005137198,0.0378476972184222,73.05290444208791,1.1782726522917402,,,-0.21731984317695408,1.498132001391038,-1.715451844567992,0.9622494380439104,-1.1795692812208645,3,1
56021,356,4,12,3236746.0,3156698.0,0.033707865168539325,98320.0,0.9482506102522376,27.649436533767286,0.14285714285714285,13.587529922650532,9.6,70919.5356539823,0.0512805037519866,36.208299430431246,0.4068348250610252,32.92052481692433,32.10636696501221,0.1804121900070079,0.2354826941309586,-0.0550705041239507,0.006763916166389314,0.1736482738406186,3,3
56023,56,0,1,66122.0,72358.0,0.017857142857142856,19274.0,0.28494344713084985,25.47397011518107,0.25,13.818592238715368,7.0,70976.77156678031,0.0513111707619244,29.05468506796721,0.0,3.4306319394002283,3.7541766109785204,-0.8572128878325297,-0.7006026469834795,-0.15661024084905018,-0.7392454361446669,-0.11796745168786282,3,3
56025,200,1,6,1874176.0,4870315.0,0.03,80333.0,0.7763559184892883,27.437207623268147,0.1111111111111111,12.527989473528935,10.5,66533.5688547568,0.043228269472508,24.896368864601097,0.12448184432300549,23.330088506591313,60.62657936339985,0.03321095512385915,0.07527843493104269,-0.04206747980718354,-0.4828355262694764,0.5160464813933355,3,3
56027,17,0,0,,,0.0,2422.0,1.0,30.599999999999998,1.0,17.412714,15.8,41496.03677855936,0.0444674250258531,70.18992568125516,0.0,,,0.8311582659927624,1.4321732947458579,-0.6010150287530954,-0.7392454361446669,1.5704037021374293,3,1
56029,155,0,13,1367202.0,3756776.0,0.08387096774193549,29148.0,1.0,20.853506243996158,0.0,13.521302573692878,9.7,67392.10754672697,0.0315804117974401,53.17689035268286,0.0,46.905516673528204,128.88623576231646,-0.257431685012905,0.7774463286567451,-1.03487801366965,-0.7392454361446669,0.4818137511317619,3,3
56031,51,0,0,,,0.0,8582.0,1.0,25.43856909811233,0.5,15.502919166860874,11.0,53953.327206615766,0.0197628458498023,59.42670706129107,0.0,,,0.15909766219086938,1.1579560483924212,-0.9988583862015518,-0.7392454361446669,0.8983430983355363,3,1
56033,145,1,6,4043112.0,30801273.0,0.041379310344827586,30140.0,1.0,23.811974120769744,0.0,13.483633003981419,9.4,64450.817583495766,0.0305022015187288,48.10882548108825,0.33178500331785,134.14439283344393,1021.9400464499005,-0.05801468535483678,1.3397971879859607,-1.3978118733407974,-0.11305095632758713,0.05503627097275035,3,3
56035,71,0,0,,,0.0,9880.0,1.0,19.42218623481781,0.0,12.509571525708502,7.6,82041.32145008507,0.0413919413919413,71.86234817813765,0.0,,,-0.49062166408787977,1.4710185381004441,-1.961640202188324,-0.7392454361446669,0.2486237720567871,3,1
56037,87,0,2,59927.0,275138.0,0.022988505747126436,43521.0,0.4870062728338044,24.23580110751131,0.25,13.383779355001032,10.0,79327.91521373483,0.06092391066824,19.990349486454814,0.0,1.3769674410054915,6.321959513797936,-0.5465416068970796,-0.9591146671016729,0.4125730602045933,-0.7392454361446669,0.19270382924758722,3,3
56039,179,3,5,1402888.0,473128.0,0.027932960893854747,23280.0,0.39076460481099656,22.472547250859105,0.0,12.007662279037799,6.2,89752.27081315071,0.0107630081579488,76.89003436426117,1.288659793814433,60.261512027491406,20.323367697594502,-1.012028129770221,0.6972268506089425,-1.7092549803791635,1.0702886959443627,-2.0823168257145834,3,3
56041,57,0,1,420731.0,25053.0,0.017543859649122806,20479.0,0.0,24.105674105180917,0.3333333333333333,13.84740413535817,10.3,67202.38109504468,0.06282141776747,27.833390302260852,0.0,20.544509009228967,1.2233507495483178,-1.0659175454056686,-0.5126121168966169,-0.5533054285090517,-0.7392454361446669,-0.32667210926100176,3,3
56043,34,0,0,,,0.0,8027.0,1.0,26.53434658029152,0.0,14.609788951787717,12.3,57403.38083916266,0.0391757822437038,42.357044973215395,0.0,,,0.31888476357924983,0.6026264880258551,-0.2837417244466052,-0.7392454361446669,1.0581301997239168,3,1
56045,35,0,0,,,0.0,7049.0,1.0,24.243878564335365,0.5,14.936706265002128,11.4,60448.54338487916,0.0413690476190476,49.65243296921549,0.0,,,0.09554891671740647,0.8627881426761291,-0.7672392259587226,-0.7392454361446669,0.8347943528620734,3,1
